Loading tilelang libs from dev root: /home/dangy/workspace/tilelang-xy/build
[21:35:04] /home/dangy/workspace/tilelang-xy/src/ascend/transform/auto_simt_vf.cc:1412: [AutoSimtVF][Rewrite] regions=2 plain_engine_copies=0 flows=2 tx=128 plan_verify=ok postcheck=ok
2026-09-17 21:35:04  [TileLang:tilelang.jit.kernel:INFO] (kernel.py:142): TileLang begins to compile kernel `main` with `out_idx=-1`
---------------------01 After BindTarget---------------------
 # from tvm.script import ir as I
# from tvm.script import tirx as T

@I.ir_module
class Module:
    @T.prim_func
    def main(lhs_handle: T.handle, rhs_handle: T.handle, out_handle: T.handle):
        T.func_attr({"target": T.target({"host": {"keys": ["cpu"], "kind": "c", "tag": ""}, "keys": ["ascend"], "kind": "ascend", "tag": ""}), "tilelang_out_idx": [-1]})
        lhs = T.match_buffer(lhs_handle, (8, 4, 8), strides=(32, 8, 1))
        rhs = T.match_buffer(rhs_handle, (8, 4, 8), strides=(32, 8, 1))
        out = T.match_buffer(out_handle, (8, 4), strides=(4, 1))
        # with T.sblock("root"):
        for bx in T.thread_binding(8, thread="blockIdx.x"):
            for tx in T.thread_binding(128, thread="threadIdx.x"):
                for ty in T.thread_binding(1, thread="threadIdx.y"):
                    for tz in T.thread_binding(1, thread="threadIdx.z"):
                        with T.sblock("tilelang_root"):
                            T.reads()
                            T.writes()
                            src_frag = T.sblock_alloc_buffer((4, 8), scope="local.fragment")
                            reduced_frag = T.sblock_alloc_buffer((4,), scope="local.fragment")
                            if bx % 2 == 0:
                                T.copy(T.region(lhs[bx, 0, 0], 1, 1, 4, 8), T.region(src_frag[0, 0], 2, 4, 8))
                                T.reduce(T.region(src_frag[0, 0], 1, 4, 8), T.region(reduced_frag[0], 2, 4), "sum", 1, T.bool(True))
                                for i in T.parallel(4):
                                    out[bx, i] = reduced_frag[i]
                            else:
                                T.copy(T.region(rhs[bx, 0, 0], 1, 1, 4, 8), T.region(src_frag[0, 0], 2, 4, 8))
                                T.reduce(T.region(src_frag[0, 0], 1, 4, 8), T.region(reduced_frag[0], 2, 4), "max", 1, T.bool(True))
                                for i in T.parallel(4):
                                    out[bx, i] = reduced_frag[i]
---------------------02 After MaterializeKernelLaunch---------------------
 # from tvm.script import ir as I
# from tvm.script import tirx as T

@I.ir_module
class Module:
    @T.prim_func
    def main(lhs_handle: T.handle, rhs_handle: T.handle, out_handle: T.handle):
        T.func_attr({"target": T.target({"host": {"keys": ["cpu"], "kind": "c", "tag": ""}, "keys": ["ascend"], "kind": "ascend", "tag": ""}), "tilelang_out_idx": [-1]})
        lhs = T.match_buffer(lhs_handle, (8, 4, 8), strides=(32, 8, 1))
        rhs = T.match_buffer(rhs_handle, (8, 4, 8), strides=(32, 8, 1))
        out = T.match_buffer(out_handle, (8, 4), strides=(4, 1))
        # with T.sblock("root"):
        bx = T.launch_thread("blockIdx.x", 8)
        tx = T.launch_thread("threadIdx.x", 128)
        ty = T.launch_thread("threadIdx.y", 1)
        tz = T.launch_thread("threadIdx.z", 1)
        with T.sblock("tilelang_root"):
            T.reads()
            T.writes()
            src_frag = T.sblock_alloc_buffer((4, 8), scope="local.fragment")
            reduced_frag = T.sblock_alloc_buffer((4,), scope="local.fragment")
            if bx % 2 == 0:
                T.copy(T.region(lhs[bx, 0, 0], 1, 1, 4, 8), T.region(src_frag[0, 0], 2, 4, 8))
                T.reduce(T.region(src_frag[0, 0], 1, 4, 8), T.region(reduced_frag[0], 2, 4), "sum", 1, T.bool(True))
                for i in T.parallel(4):
                    out[bx, i] = reduced_frag[i]
            else:
                T.copy(T.region(rhs[bx, 0, 0], 1, 1, 4, 8), T.region(src_frag[0, 0], 2, 4, 8))
                T.reduce(T.region(src_frag[0, 0], 1, 4, 8), T.region(reduced_frag[0], 2, 4), "max", 1, T.bool(True))
                for i in T.parallel(4):
                    out[bx, i] = reduced_frag[i]
---------------------04 After AddWrapperForSingleBufStore---------------------
 # from tvm.script import ir as I
# from tvm.script import tirx as T

@I.ir_module
class Module:
    @T.prim_func
    def main(lhs_handle: T.handle, rhs_handle: T.handle, out_handle: T.handle):
        T.func_attr({"target": T.target({"host": {"keys": ["cpu"], "kind": "c", "tag": ""}, "keys": ["ascend"], "kind": "ascend", "tag": ""}), "tilelang_out_idx": [-1]})
        lhs = T.match_buffer(lhs_handle, (8, 4, 8), strides=(32, 8, 1))
        rhs = T.match_buffer(rhs_handle, (8, 4, 8), strides=(32, 8, 1))
        out = T.match_buffer(out_handle, (8, 4), strides=(4, 1))
        # with T.sblock("root"):
        bx = T.launch_thread("blockIdx.x", 8)
        tx = T.launch_thread("threadIdx.x", 128)
        ty = T.launch_thread("threadIdx.y", 1)
        tz = T.launch_thread("threadIdx.z", 1)
        with T.sblock("tilelang_root"):
            T.reads()
            T.writes()
            src_frag = T.sblock_alloc_buffer((4, 8), scope="local.fragment")
            reduced_frag = T.sblock_alloc_buffer((4,), scope="local.fragment")
            if bx % 2 == 0:
                T.copy(T.region(lhs[bx, 0, 0], 1, 1, 4, 8), T.region(src_frag[0, 0], 2, 4, 8))
                T.reduce(T.region(src_frag[0, 0], 1, 4, 8), T.region(reduced_frag[0], 2, 4), "sum", 1, T.bool(True))
                for i in T.parallel(4):
                    out[bx, i] = reduced_frag[i]
            else:
                T.copy(T.region(rhs[bx, 0, 0], 1, 1, 4, 8), T.region(src_frag[0, 0], 2, 4, 8))
                T.reduce(T.region(src_frag[0, 0], 1, 4, 8), T.region(reduced_frag[0], 2, 4), "max", 1, T.bool(True))
                for i in T.parallel(4):
                    out[bx, i] = reduced_frag[i]
---------------------05 After LegalizeNegativeIndex---------------------
 # from tvm.script import ir as I
# from tvm.script import tirx as T

@I.ir_module
class Module:
    @T.prim_func
    def main(lhs_handle: T.handle, rhs_handle: T.handle, out_handle: T.handle):
        T.func_attr({"target": T.target({"host": {"keys": ["cpu"], "kind": "c", "tag": ""}, "keys": ["ascend"], "kind": "ascend", "tag": ""}), "tilelang_out_idx": [-1]})
        lhs = T.match_buffer(lhs_handle, (8, 4, 8), strides=(32, 8, 1))
        rhs = T.match_buffer(rhs_handle, (8, 4, 8), strides=(32, 8, 1))
        out = T.match_buffer(out_handle, (8, 4), strides=(4, 1))
        # with T.sblock("root"):
        bx = T.launch_thread("blockIdx.x", 8)
        tx = T.launch_thread("threadIdx.x", 128)
        ty = T.launch_thread("threadIdx.y", 1)
        tz = T.launch_thread("threadIdx.z", 1)
        with T.sblock("tilelang_root"):
            T.reads()
            T.writes()
            src_frag = T.sblock_alloc_buffer((4, 8), scope="local.fragment")
            reduced_frag = T.sblock_alloc_buffer((4,), scope="local.fragment")
            if bx % 2 == 0:
                T.copy(T.region(lhs[bx, 0, 0], 1, 1, 4, 8), T.region(src_frag[0, 0], 2, 4, 8))
                T.reduce(T.region(src_frag[0, 0], 1, 4, 8), T.region(reduced_frag[0], 2, 4), "sum", 1, T.bool(True))
                for i in T.parallel(4):
                    out[bx, i] = reduced_frag[i]
            else:
                T.copy(T.region(rhs[bx, 0, 0], 1, 1, 4, 8), T.region(src_frag[0, 0], 2, 4, 8))
                T.reduce(T.region(src_frag[0, 0], 1, 4, 8), T.region(reduced_frag[0], 2, 4), "max", 1, T.bool(True))
                for i in T.parallel(4):
                    out[bx, i] = reduced_frag[i]
---------------------07 After InjectAssumes---------------------
 # from tvm.script import ir as I
# from tvm.script import tirx as T

@I.ir_module
class Module:
    @T.prim_func
    def main(lhs_handle: T.handle, rhs_handle: T.handle, out_handle: T.handle):
        T.func_attr({"target": T.target({"host": {"keys": ["cpu"], "kind": "c", "tag": ""}, "keys": ["ascend"], "kind": "ascend", "tag": ""}), "tilelang_out_idx": [-1]})
        lhs = T.match_buffer(lhs_handle, (8, 4, 8), strides=(32, 8, 1))
        rhs = T.match_buffer(rhs_handle, (8, 4, 8), strides=(32, 8, 1))
        out = T.match_buffer(out_handle, (8, 4), strides=(4, 1))
        # with T.sblock("root"):
        bx = T.launch_thread("blockIdx.x", 8)
        tx = T.launch_thread("threadIdx.x", 128)
        ty = T.launch_thread("threadIdx.y", 1)
        tz = T.launch_thread("threadIdx.z", 1)
        with T.sblock("tilelang_root"):
            T.reads()
            T.writes()
            src_frag = T.sblock_alloc_buffer((4, 8), scope="local.fragment")
            reduced_frag = T.sblock_alloc_buffer((4,), scope="local.fragment")
            if bx % 2 == 0:
                T.copy(T.region(lhs[bx, 0, 0], 1, 1, 4, 8), T.region(src_frag[0, 0], 2, 4, 8))
                T.reduce(T.region(src_frag[0, 0], 1, 4, 8), T.region(reduced_frag[0], 2, 4), "sum", 1, T.bool(True))
                for i in T.parallel(4):
                    out[bx, i] = reduced_frag[i]
            else:
                T.copy(T.region(rhs[bx, 0, 0], 1, 1, 4, 8), T.region(src_frag[0, 0], 2, 4, 8))
                T.reduce(T.region(src_frag[0, 0], 1, 4, 8), T.region(reduced_frag[0], 2, 4), "max", 1, T.bool(True))
                for i in T.parallel(4):
                    out[bx, i] = reduced_frag[i]
---------------------08 After RewriteDualCopy---------------------
 # from tvm.script import ir as I
# from tvm.script import tirx as T

@I.ir_module
class Module:
    @T.prim_func
    def main(lhs_handle: T.handle, rhs_handle: T.handle, out_handle: T.handle):
        T.func_attr({"target": T.target({"host": {"keys": ["cpu"], "kind": "c", "tag": ""}, "keys": ["ascend"], "kind": "ascend", "tag": ""}), "tilelang_out_idx": [-1]})
        lhs = T.match_buffer(lhs_handle, (8, 4, 8), strides=(32, 8, 1))
        rhs = T.match_buffer(rhs_handle, (8, 4, 8), strides=(32, 8, 1))
        out = T.match_buffer(out_handle, (8, 4), strides=(4, 1))
        # with T.sblock("root"):
        bx = T.launch_thread("blockIdx.x", 8)
        tx = T.launch_thread("threadIdx.x", 128)
        ty = T.launch_thread("threadIdx.y", 1)
        tz = T.launch_thread("threadIdx.z", 1)
        with T.sblock("tilelang_root"):
            T.reads()
            T.writes()
            src_frag = T.sblock_alloc_buffer((4, 8), scope="local.fragment")
            reduced_frag = T.sblock_alloc_buffer((4,), scope="local.fragment")
            if bx % 2 == 0:
                T.copy(T.region(lhs[bx, 0, 0], 1, 1, 4, 8), T.region(src_frag[0, 0], 2, 4, 8))
                T.reduce(T.region(src_frag[0, 0], 1, 4, 8), T.region(reduced_frag[0], 2, 4), "sum", 1, T.bool(True))
                for i in T.parallel(4):
                    out[bx, i] = reduced_frag[i]
            else:
                T.copy(T.region(rhs[bx, 0, 0], 1, 1, 4, 8), T.region(src_frag[0, 0], 2, 4, 8))
                T.reduce(T.region(src_frag[0, 0], 1, 4, 8), T.region(reduced_frag[0], 2, 4), "max", 1, T.bool(True))
                for i in T.parallel(4):
                    out[bx, i] = reduced_frag[i]
---------------------09 After LegalizeSimdMerging---------------------
 # from tvm.script import ir as I
# from tvm.script import tirx as T

@I.ir_module
class Module:
    @T.prim_func
    def main(lhs_handle: T.handle, rhs_handle: T.handle, out_handle: T.handle):
        T.func_attr({"target": T.target({"host": {"keys": ["cpu"], "kind": "c", "tag": ""}, "keys": ["ascend"], "kind": "ascend", "tag": ""}), "tilelang_out_idx": [-1]})
        lhs = T.match_buffer(lhs_handle, (8, 4, 8), strides=(32, 8, 1))
        rhs = T.match_buffer(rhs_handle, (8, 4, 8), strides=(32, 8, 1))
        out = T.match_buffer(out_handle, (8, 4), strides=(4, 1))
        # with T.sblock("root"):
        bx = T.launch_thread("blockIdx.x", 8)
        tx = T.launch_thread("threadIdx.x", 128)
        ty = T.launch_thread("threadIdx.y", 1)
        tz = T.launch_thread("threadIdx.z", 1)
        with T.sblock("tilelang_root"):
            T.reads()
            T.writes()
            src_frag = T.sblock_alloc_buffer((4, 8), scope="local.fragment")
            reduced_frag = T.sblock_alloc_buffer((4,), scope="local.fragment")
            if bx % 2 == 0:
                T.copy(T.region(lhs[bx, 0, 0], 1, 1, 4, 8), T.region(src_frag[0, 0], 2, 4, 8))
                T.reduce(T.region(src_frag[0, 0], 1, 4, 8), T.region(reduced_frag[0], 2, 4), "sum", 1, T.bool(True))
                for i in T.parallel(4):
                    out[bx, i] = reduced_frag[i]
            else:
                T.copy(T.region(rhs[bx, 0, 0], 1, 1, 4, 8), T.region(src_frag[0, 0], 2, 4, 8))
                T.reduce(T.region(src_frag[0, 0], 1, 4, 8), T.region(reduced_frag[0], 2, 4), "max", 1, T.bool(True))
                for i in T.parallel(4):
                    out[bx, i] = reduced_frag[i]
---------------------10 After Simplify---------------------
 # from tvm.script import ir as I
# from tvm.script import tirx as T

@I.ir_module
class Module:
    @T.prim_func
    def main(lhs_handle: T.handle, rhs_handle: T.handle, out_handle: T.handle):
        T.func_attr({"target": T.target({"host": {"keys": ["cpu"], "kind": "c", "tag": ""}, "keys": ["ascend"], "kind": "ascend", "tag": ""}), "tilelang_out_idx": [-1]})
        lhs = T.match_buffer(lhs_handle, (8, 4, 8), strides=(32, 8, 1))
        rhs = T.match_buffer(rhs_handle, (8, 4, 8), strides=(32, 8, 1))
        out = T.match_buffer(out_handle, (8, 4), strides=(4, 1))
        # with T.sblock("root"):
        bx = T.launch_thread("blockIdx.x", 8)
        tx = T.launch_thread("threadIdx.x", 128)
        ty = T.launch_thread("threadIdx.y", 1)
        tz = T.launch_thread("threadIdx.z", 1)
        with T.sblock("tilelang_root"):
            T.reads()
            T.writes()
            src_frag = T.sblock_alloc_buffer((4, 8), scope="local.fragment")
            reduced_frag = T.sblock_alloc_buffer((4,), scope="local.fragment")
            if bx % 2 == 0:
                T.copy(T.region(lhs[bx, 0, 0], 1, 1, 4, 8), T.region(src_frag[0, 0], 2, 4, 8))
                T.reduce(T.region(src_frag[0, 0], 1, 4, 8), T.region(reduced_frag[0], 2, 4), "sum", 1, T.bool(True))
                for i in T.parallel(4):
                    out[bx, i] = reduced_frag[i]
            else:
                T.copy(T.region(rhs[bx, 0, 0], 1, 1, 4, 8), T.region(src_frag[0, 0], 2, 4, 8))
                T.reduce(T.region(src_frag[0, 0], 1, 4, 8), T.region(reduced_frag[0], 2, 4), "max", 1, T.bool(True))
                for i in T.parallel(4):
                    out[bx, i] = reduced_frag[i]
---------------------11 After CanonicalizeLegacyReducer---------------------
 # from tvm.script import ir as I
# from tvm.script import tirx as T

@I.ir_module
class Module:
    @T.prim_func
    def main(lhs_handle: T.handle, rhs_handle: T.handle, out_handle: T.handle):
        T.func_attr({"target": T.target({"host": {"keys": ["cpu"], "kind": "c", "tag": ""}, "keys": ["ascend"], "kind": "ascend", "tag": ""}), "tilelang_out_idx": [-1]})
        lhs = T.match_buffer(lhs_handle, (8, 4, 8), strides=(32, 8, 1))
        rhs = T.match_buffer(rhs_handle, (8, 4, 8), strides=(32, 8, 1))
        out = T.match_buffer(out_handle, (8, 4), strides=(4, 1))
        # with T.sblock("root"):
        bx = T.launch_thread("blockIdx.x", 8)
        tx = T.launch_thread("threadIdx.x", 128)
        ty = T.launch_thread("threadIdx.y", 1)
        tz = T.launch_thread("threadIdx.z", 1)
        with T.sblock("tilelang_root"):
            T.reads()
            T.writes()
            src_frag = T.sblock_alloc_buffer((4, 8), scope="local.fragment")
            reduced_frag = T.sblock_alloc_buffer((4,), scope="local.fragment")
            if bx % 2 == 0:
                T.copy(T.region(lhs[bx, 0, 0], 1, 1, 4, 8), T.region(src_frag[0, 0], 2, 4, 8))
                T.reduce(T.region(src_frag[0, 0], 1, 4, 8), T.region(reduced_frag[0], 2, 4), "sum", 1, T.bool(True))
                for i in T.parallel(4):
                    out[bx, i] = reduced_frag[i]
            else:
                T.copy(T.region(rhs[bx, 0, 0], 1, 1, 4, 8), T.region(src_frag[0, 0], 2, 4, 8))
                T.reduce(T.region(src_frag[0, 0], 1, 4, 8), T.region(reduced_frag[0], 2, 4), "max", 1, T.bool(True))
                for i in T.parallel(4):
                    out[bx, i] = reduced_frag[i]
---------------------12 After VerifyReducerEpoch---------------------
 # from tvm.script import ir as I
# from tvm.script import tirx as T

@I.ir_module
class Module:
    @T.prim_func
    def main(lhs_handle: T.handle, rhs_handle: T.handle, out_handle: T.handle):
        T.func_attr({"target": T.target({"host": {"keys": ["cpu"], "kind": "c", "tag": ""}, "keys": ["ascend"], "kind": "ascend", "tag": ""}), "tilelang_out_idx": [-1]})
        lhs = T.match_buffer(lhs_handle, (8, 4, 8), strides=(32, 8, 1))
        rhs = T.match_buffer(rhs_handle, (8, 4, 8), strides=(32, 8, 1))
        out = T.match_buffer(out_handle, (8, 4), strides=(4, 1))
        # with T.sblock("root"):
        bx = T.launch_thread("blockIdx.x", 8)
        tx = T.launch_thread("threadIdx.x", 128)
        ty = T.launch_thread("threadIdx.y", 1)
        tz = T.launch_thread("threadIdx.z", 1)
        with T.sblock("tilelang_root"):
            T.reads()
            T.writes()
            src_frag = T.sblock_alloc_buffer((4, 8), scope="local.fragment")
            reduced_frag = T.sblock_alloc_buffer((4,), scope="local.fragment")
            if bx % 2 == 0:
                T.copy(T.region(lhs[bx, 0, 0], 1, 1, 4, 8), T.region(src_frag[0, 0], 2, 4, 8))
                T.reduce(T.region(src_frag[0, 0], 1, 4, 8), T.region(reduced_frag[0], 2, 4), "sum", 1, T.bool(True))
                for i in T.parallel(4):
                    out[bx, i] = reduced_frag[i]
            else:
                T.copy(T.region(rhs[bx, 0, 0], 1, 1, 4, 8), T.region(src_frag[0, 0], 2, 4, 8))
                T.reduce(T.region(src_frag[0, 0], 1, 4, 8), T.region(reduced_frag[0], 2, 4), "max", 1, T.bool(True))
                for i in T.parallel(4):
                    out[bx, i] = reduced_frag[i]
---------------------13 After VerifyBufferInit---------------------
 # from tvm.script import ir as I
# from tvm.script import tirx as T

@I.ir_module
class Module:
    @T.prim_func
    def main(lhs_handle: T.handle, rhs_handle: T.handle, out_handle: T.handle):
        T.func_attr({"target": T.target({"host": {"keys": ["cpu"], "kind": "c", "tag": ""}, "keys": ["ascend"], "kind": "ascend", "tag": ""}), "tilelang_out_idx": [-1]})
        lhs = T.match_buffer(lhs_handle, (8, 4, 8), strides=(32, 8, 1))
        rhs = T.match_buffer(rhs_handle, (8, 4, 8), strides=(32, 8, 1))
        out = T.match_buffer(out_handle, (8, 4), strides=(4, 1))
        # with T.sblock("root"):
        bx = T.launch_thread("blockIdx.x", 8)
        tx = T.launch_thread("threadIdx.x", 128)
        ty = T.launch_thread("threadIdx.y", 1)
        tz = T.launch_thread("threadIdx.z", 1)
        with T.sblock("tilelang_root"):
            T.reads()
            T.writes()
            src_frag = T.sblock_alloc_buffer((4, 8), scope="local.fragment")
            reduced_frag = T.sblock_alloc_buffer((4,), scope="local.fragment")
            if bx % 2 == 0:
                T.copy(T.region(lhs[bx, 0, 0], 1, 1, 4, 8), T.region(src_frag[0, 0], 2, 4, 8))
                T.reduce(T.region(src_frag[0, 0], 1, 4, 8), T.region(reduced_frag[0], 2, 4), "sum", 1, T.bool(True))
                for i in T.parallel(4):
                    out[bx, i] = reduced_frag[i]
            else:
                T.copy(T.region(rhs[bx, 0, 0], 1, 1, 4, 8), T.region(src_frag[0, 0], 2, 4, 8))
                T.reduce(T.region(src_frag[0, 0], 1, 4, 8), T.region(reduced_frag[0], 2, 4), "max", 1, T.bool(True))
                for i in T.parallel(4):
                    out[bx, i] = reduced_frag[i]
---------------------13.5 After AutoSimtVF---------------------
 # from tvm.script import ir as I
# from tvm.script import tirx as T

@I.ir_module
class Module:
    @T.prim_func
    def main(lhs_handle: T.handle, rhs_handle: T.handle, out_handle: T.handle):
        T.func_attr({"target": T.target({"host": {"keys": ["cpu"], "kind": "c", "tag": ""}, "keys": ["ascend"], "kind": "ascend", "tag": ""}), "tilelang_out_idx": [-1]})
        lhs = T.match_buffer(lhs_handle, (8, 4, 8), strides=(32, 8, 1))
        rhs = T.match_buffer(rhs_handle, (8, 4, 8), strides=(32, 8, 1))
        out = T.match_buffer(out_handle, (8, 4), strides=(4, 1))
        # with T.sblock("root"):
        bx = T.launch_thread("blockIdx.x", 8)
        tx = T.launch_thread("threadIdx.x", 128)
        ty = T.launch_thread("threadIdx.y", 1)
        tz = T.launch_thread("threadIdx.z", 1)
        with T.sblock("tilelang_root"):
            T.reads()
            T.writes()
            src_frag_simtvf_state = T.sblock_alloc_buffer((4, 8), scope="shared.dyn")
            reduced_frag_simtvf_state = T.sblock_alloc_buffer((4,), scope="shared.dyn")
            if bx % 2 == 0:
                with T.sblock("SIMT_VF", no_realize=True):
                    T.reads()
                    T.writes()
                    T.sblock_attr({"tl.vf_source_index": T.int64(0)})
                    src_frag_simtvf_r1 = T.sblock_alloc_buffer((4, 8), scope="local.fragment")
                    reduced_frag_simtvf_r1 = T.sblock_alloc_buffer((4,), scope="local.fragment")
                    simtvf_tx = T.launch_thread("threadIdx.x", 128)
                    simtvf_ty = T.launch_thread("threadIdx.y", 1)
                    simtvf_tz = T.launch_thread("threadIdx.z", 1)
                    T.attr("simtvf", "tl.simtvf_scope", 1)
                    T.copy(T.region(lhs[bx, 0, 0], 1, 1, 4, 8), T.region(src_frag_simtvf_r1[0, 0], 2, 4, 8))
                    T.reduce(T.region(src_frag_simtvf_r1[0, 0], 1, 4, 8), T.region(reduced_frag_simtvf_r1[0], 2, 4), "sum", 1, T.bool(True))
                    for i in T.parallel(4):
                        out[bx, i] = reduced_frag_simtvf_r1[i]
                    T.copy(T.region(src_frag_simtvf_r1[0, 0], 1, 4, 8), T.region(src_frag_simtvf_state[0, 0], 2, 4, 8))
                    T.copy(T.region(reduced_frag_simtvf_r1[0], 1, 4), T.region(reduced_frag_simtvf_state[0], 2, 4))
            else:
                with T.sblock("SIMT_VF", no_realize=True):
                    T.reads()
                    T.writes()
                    T.sblock_attr({"tl.vf_source_index": T.int64(1)})
                    src_frag_simtvf_r0 = T.sblock_alloc_buffer((4, 8), scope="local.fragment")
                    reduced_frag_simtvf_r0 = T.sblock_alloc_buffer((4,), scope="local.fragment")
                    simtvf_tx = T.launch_thread("threadIdx.x", 128)
                    simtvf_ty = T.launch_thread("threadIdx.y", 1)
                    simtvf_tz = T.launch_thread("threadIdx.z", 1)
                    T.attr("simtvf", "tl.simtvf_scope", 1)
                    T.copy(T.region(rhs[bx, 0, 0], 1, 1, 4, 8), T.region(src_frag_simtvf_r0[0, 0], 2, 4, 8))
                    T.reduce(T.region(src_frag_simtvf_r0[0, 0], 1, 4, 8), T.region(reduced_frag_simtvf_r0[0], 2, 4), "max", 1, T.bool(True))
                    for i in T.parallel(4):
                        out[bx, i] = reduced_frag_simtvf_r0[i]
                    T.copy(T.region(src_frag_simtvf_r0[0, 0], 1, 4, 8), T.region(src_frag_simtvf_state[0, 0], 2, 4, 8))
                    T.copy(T.region(reduced_frag_simtvf_r0[0], 1, 4), T.region(reduced_frag_simtvf_state[0], 2, 4))
---------------------14 After UnrollLoopSkipVF---------------------
 # from tvm.script import ir as I
# from tvm.script import tirx as T

@I.ir_module
class Module:
    @T.prim_func
    def main(lhs_handle: T.handle, rhs_handle: T.handle, out_handle: T.handle):
        T.func_attr({"target": T.target({"host": {"keys": ["cpu"], "kind": "c", "tag": ""}, "keys": ["ascend"], "kind": "ascend", "tag": ""}), "tilelang_out_idx": [-1]})
        lhs = T.match_buffer(lhs_handle, (8, 4, 8), strides=(32, 8, 1))
        rhs = T.match_buffer(rhs_handle, (8, 4, 8), strides=(32, 8, 1))
        out = T.match_buffer(out_handle, (8, 4), strides=(4, 1))
        # with T.sblock("root"):
        bx = T.launch_thread("blockIdx.x", 8)
        tx = T.launch_thread("threadIdx.x", 128)
        ty = T.launch_thread("threadIdx.y", 1)
        tz = T.launch_thread("threadIdx.z", 1)
        with T.sblock("tilelang_root"):
            T.reads()
            T.writes()
            src_frag_simtvf_state = T.sblock_alloc_buffer((4, 8), scope="shared.dyn")
            reduced_frag_simtvf_state = T.sblock_alloc_buffer((4,), scope="shared.dyn")
            if bx % 2 == 0:
                with T.sblock("SIMT_VF", no_realize=True):
                    T.reads()
                    T.writes()
                    T.sblock_attr({"tl.vf_source_index": T.int64(0)})
                    src_frag_simtvf_r1 = T.sblock_alloc_buffer((4, 8), scope="local.fragment")
                    reduced_frag_simtvf_r1 = T.sblock_alloc_buffer((4,), scope="local.fragment")
                    simtvf_tx = T.launch_thread("threadIdx.x", 128)
                    simtvf_ty = T.launch_thread("threadIdx.y", 1)
                    simtvf_tz = T.launch_thread("threadIdx.z", 1)
                    T.attr("simtvf", "tl.simtvf_scope", 1)
                    T.copy(T.region(lhs[bx, 0, 0], 1, 1, 4, 8), T.region(src_frag_simtvf_r1[0, 0], 2, 4, 8))
                    T.reduce(T.region(src_frag_simtvf_r1[0, 0], 1, 4, 8), T.region(reduced_frag_simtvf_r1[0], 2, 4), "sum", 1, T.bool(True))
                    for i in T.parallel(4):
                        out[bx, i] = reduced_frag_simtvf_r1[i]
                    T.copy(T.region(src_frag_simtvf_r1[0, 0], 1, 4, 8), T.region(src_frag_simtvf_state[0, 0], 2, 4, 8))
                    T.copy(T.region(reduced_frag_simtvf_r1[0], 1, 4), T.region(reduced_frag_simtvf_state[0], 2, 4))
            else:
                with T.sblock("SIMT_VF", no_realize=True):
                    T.reads()
                    T.writes()
                    T.sblock_attr({"tl.vf_source_index": T.int64(1)})
                    src_frag_simtvf_r0 = T.sblock_alloc_buffer((4, 8), scope="local.fragment")
                    reduced_frag_simtvf_r0 = T.sblock_alloc_buffer((4,), scope="local.fragment")
                    simtvf_tx = T.launch_thread("threadIdx.x", 128)
                    simtvf_ty = T.launch_thread("threadIdx.y", 1)
                    simtvf_tz = T.launch_thread("threadIdx.z", 1)
                    T.attr("simtvf", "tl.simtvf_scope", 1)
                    T.copy(T.region(rhs[bx, 0, 0], 1, 1, 4, 8), T.region(src_frag_simtvf_r0[0, 0], 2, 4, 8))
                    T.reduce(T.region(src_frag_simtvf_r0[0, 0], 1, 4, 8), T.region(reduced_frag_simtvf_r0[0], 2, 4), "max", 1, T.bool(True))
                    for i in T.parallel(4):
                        out[bx, i] = reduced_frag_simtvf_r0[i]
                    T.copy(T.region(src_frag_simtvf_r0[0, 0], 1, 4, 8), T.region(src_frag_simtvf_state[0, 0], 2, 4, 8))
                    T.copy(T.region(reduced_frag_simtvf_r0[0], 1, 4), T.region(reduced_frag_simtvf_state[0], 2, 4))
---------------------15 After Simplify---------------------
 # from tvm.script import ir as I
# from tvm.script import tirx as T

@I.ir_module
class Module:
    @T.prim_func
    def main(lhs_handle: T.handle, rhs_handle: T.handle, out_handle: T.handle):
        T.func_attr({"target": T.target({"host": {"keys": ["cpu"], "kind": "c", "tag": ""}, "keys": ["ascend"], "kind": "ascend", "tag": ""}), "tilelang_out_idx": [-1]})
        lhs = T.match_buffer(lhs_handle, (8, 4, 8), strides=(32, 8, 1))
        rhs = T.match_buffer(rhs_handle, (8, 4, 8), strides=(32, 8, 1))
        out = T.match_buffer(out_handle, (8, 4), strides=(4, 1))
        # with T.sblock("root"):
        bx = T.launch_thread("blockIdx.x", 8)
        tx = T.launch_thread("threadIdx.x", 128)
        ty = T.launch_thread("threadIdx.y", 1)
        tz = T.launch_thread("threadIdx.z", 1)
        with T.sblock("tilelang_root"):
            T.reads()
            T.writes()
            src_frag_simtvf_state = T.sblock_alloc_buffer((4, 8), scope="shared.dyn")
            reduced_frag_simtvf_state = T.sblock_alloc_buffer((4,), scope="shared.dyn")
            if bx % 2 == 0:
                with T.sblock("SIMT_VF", no_realize=True):
                    T.reads()
                    T.writes()
                    T.sblock_attr({"tl.vf_source_index": T.int64(0)})
                    src_frag_simtvf_r1 = T.sblock_alloc_buffer((4, 8), scope="local.fragment")
                    reduced_frag_simtvf_r1 = T.sblock_alloc_buffer((4,), scope="local.fragment")
                    simtvf_tx = T.launch_thread("threadIdx.x", 128)
                    simtvf_ty = T.launch_thread("threadIdx.y", 1)
                    simtvf_tz = T.launch_thread("threadIdx.z", 1)
                    T.attr("simtvf", "tl.simtvf_scope", 1)
                    T.copy(T.region(lhs[bx, 0, 0], 1, 1, 4, 8), T.region(src_frag_simtvf_r1[0, 0], 2, 4, 8))
                    T.reduce(T.region(src_frag_simtvf_r1[0, 0], 1, 4, 8), T.region(reduced_frag_simtvf_r1[0], 2, 4), "sum", 1, T.bool(True))
                    for i in T.parallel(4):
                        out[bx, i] = reduced_frag_simtvf_r1[i]
                    T.copy(T.region(src_frag_simtvf_r1[0, 0], 1, 4, 8), T.region(src_frag_simtvf_state[0, 0], 2, 4, 8))
                    T.copy(T.region(reduced_frag_simtvf_r1[0], 1, 4), T.region(reduced_frag_simtvf_state[0], 2, 4))
            else:
                with T.sblock("SIMT_VF", no_realize=True):
                    T.reads()
                    T.writes()
                    T.sblock_attr({"tl.vf_source_index": T.int64(1)})
                    src_frag_simtvf_r0 = T.sblock_alloc_buffer((4, 8), scope="local.fragment")
                    reduced_frag_simtvf_r0 = T.sblock_alloc_buffer((4,), scope="local.fragment")
                    simtvf_tx = T.launch_thread("threadIdx.x", 128)
                    simtvf_ty = T.launch_thread("threadIdx.y", 1)
                    simtvf_tz = T.launch_thread("threadIdx.z", 1)
                    T.attr("simtvf", "tl.simtvf_scope", 1)
                    T.copy(T.region(rhs[bx, 0, 0], 1, 1, 4, 8), T.region(src_frag_simtvf_r0[0, 0], 2, 4, 8))
                    T.reduce(T.region(src_frag_simtvf_r0[0, 0], 1, 4, 8), T.region(reduced_frag_simtvf_r0[0], 2, 4), "max", 1, T.bool(True))
                    for i in T.parallel(4):
                        out[bx, i] = reduced_frag_simtvf_r0[i]
                    T.copy(T.region(src_frag_simtvf_r0[0, 0], 1, 4, 8), T.region(src_frag_simtvf_state[0, 0], 2, 4, 8))
                    T.copy(T.region(reduced_frag_simtvf_r0[0], 1, 4), T.region(reduced_frag_simtvf_state[0], 2, 4))
---------------------16 After LayoutInference---------------------
 # from tvm.script import ir as I
# from tvm.script import tirx as T

@I.ir_module
class Module:
    @T.prim_func
    def main(lhs_handle: T.handle, rhs_handle: T.handle, out_handle: T.handle):
        T.func_attr({"target": T.target({"host": {"keys": ["cpu"], "kind": "c", "tag": ""}, "keys": ["ascend"], "kind": "ascend", "tag": ""}), "tilelang_out_idx": [-1]})
        lhs = T.match_buffer(lhs_handle, (8, 4, 8), strides=(32, 8, 1))
        rhs = T.match_buffer(rhs_handle, (8, 4, 8), strides=(32, 8, 1))
        out = T.match_buffer(out_handle, (8, 4), strides=(4, 1))
        with T.sblock("root"):
            T.reads()
            T.writes()
            src_frag_simtvf_r0 = T.Buffer((4, 8), scope="local.fragment")
            reduced_frag_simtvf_r0 = T.Buffer((4,), scope="local.fragment")
            src_frag_simtvf_r1 = T.Buffer((4, 8), scope="local.fragment")
            reduced_frag_simtvf_r1 = T.Buffer((4,), scope="local.fragment")
            T.sblock_attr({"layout_map": {src_frag_simtvf_r0: metadata["tl.Fragment"][0], reduced_frag_simtvf_r0: metadata["tl.Fragment"][1], src_frag_simtvf_r1: metadata["tl.Fragment"][2], reduced_frag_simtvf_r1: metadata["tl.Fragment"][3]}})
            bx = T.launch_thread("blockIdx.x", 8)
            tx = T.launch_thread("threadIdx.x", 128)
            ty = T.launch_thread("threadIdx.y", 1)
            tz = T.launch_thread("threadIdx.z", 1)
            with T.sblock("tilelang_root"):
                T.reads()
                T.writes()
                T.sblock_attr({"layout_map": {src_frag_simtvf_r0: metadata["tl.Fragment"][0], reduced_frag_simtvf_r0: metadata["tl.Fragment"][1], src_frag_simtvf_r1: metadata["tl.Fragment"][2], reduced_frag_simtvf_r1: metadata["tl.Fragment"][3]}})
                src_frag_simtvf_state = T.sblock_alloc_buffer((4, 8), scope="shared.dyn")
                reduced_frag_simtvf_state = T.sblock_alloc_buffer((4,), scope="shared.dyn")
                if bx % 2 == 0:
                    with T.sblock("SIMT_VF", no_realize=True):
                        T.reads()
                        T.writes()
                        T.sblock_attr({"layout_map": {src_frag_simtvf_r0: metadata["tl.Fragment"][0], reduced_frag_simtvf_r0: metadata["tl.Fragment"][1], src_frag_simtvf_r1: metadata["tl.Fragment"][2], reduced_frag_simtvf_r1: metadata["tl.Fragment"][3]}, "tl.vf_source_index": T.int64(0)})
                        src_frag_simtvf_r1 = T.sblock_alloc_buffer((4, 8), data=src_frag_simtvf_r1.data, scope="local.fragment")
                        reduced_frag_simtvf_r1 = T.sblock_alloc_buffer((4,), data=reduced_frag_simtvf_r1.data, scope="local.fragment")
                        simtvf_tx = T.launch_thread("threadIdx.x", 128)
                        simtvf_ty = T.launch_thread("threadIdx.y", 1)
                        simtvf_tz = T.launch_thread("threadIdx.z", 1)
                        T.attr("simtvf", "tl.simtvf_scope", 1)
                        T.copy(T.region(lhs[bx, 0, 0], 1, 1, 4, 8), T.region(src_frag_simtvf_r1[0, 0], 2, 4, 8))
                        T.reduce(T.region(src_frag_simtvf_r1[0, 0], 1, 4, 8), T.region(reduced_frag_simtvf_r1[0], 2, 4), "sum", 1, T.bool(True))
                        for i in T.parallel(4, annotations={"parallel_loop_layout": metadata["tl.Fragment"][3], "parallel_loop_predicate": simtvf_tx % 8 * 4 + simtvf_tx // 32 == 0}):
                            out[bx, i] = reduced_frag_simtvf_r1[i]
                        T.copy(T.region(src_frag_simtvf_r1[0, 0], 1, 4, 8), T.region(src_frag_simtvf_state[0, 0], 2, 4, 8))
                        T.copy(T.region(reduced_frag_simtvf_r1[0], 1, 4), T.region(reduced_frag_simtvf_state[0], 2, 4))
                else:
                    with T.sblock("SIMT_VF", no_realize=True):
                        T.reads()
                        T.writes()
                        T.sblock_attr({"layout_map": {src_frag_simtvf_r0: metadata["tl.Fragment"][0], reduced_frag_simtvf_r0: metadata["tl.Fragment"][1], src_frag_simtvf_r1: metadata["tl.Fragment"][2], reduced_frag_simtvf_r1: metadata["tl.Fragment"][3]}, "tl.vf_source_index": T.int64(1)})
                        src_frag_simtvf_r0 = T.sblock_alloc_buffer((4, 8), data=src_frag_simtvf_r0.data, scope="local.fragment")
                        reduced_frag_simtvf_r0 = T.sblock_alloc_buffer((4,), data=reduced_frag_simtvf_r0.data, scope="local.fragment")
                        simtvf_tx = T.launch_thread("threadIdx.x", 128)
                        simtvf_ty = T.launch_thread("threadIdx.y", 1)
                        simtvf_tz = T.launch_thread("threadIdx.z", 1)
                        T.attr("simtvf", "tl.simtvf_scope", 1)
                        T.copy(T.region(rhs[bx, 0, 0], 1, 1, 4, 8), T.region(src_frag_simtvf_r0[0, 0], 2, 4, 8))
                        T.reduce(T.region(src_frag_simtvf_r0[0, 0], 1, 4, 8), T.region(reduced_frag_simtvf_r0[0], 2, 4), "max", 1, T.bool(True))
                        for i in T.parallel(4, annotations={"parallel_loop_layout": metadata["tl.Fragment"][1], "parallel_loop_predicate": simtvf_tx % 8 * 4 + simtvf_tx // 32 == 0}):
                            out[bx, i] = reduced_frag_simtvf_r0[i]
                        T.copy(T.region(src_frag_simtvf_r0[0, 0], 1, 4, 8), T.region(src_frag_simtvf_state[0, 0], 2, 4, 8))
                        T.copy(T.region(reduced_frag_simtvf_r0[0], 1, 4), T.region(reduced_frag_simtvf_state[0], 2, 4))

# Metadata omitted. Use show_meta=True in script() method to show it.
---------------------17 After ReducerPlanAndMaterialize---------------------
 # from tvm.script import ir as I
# from tvm.script import tirx as T

@I.ir_module
class Module:
    @T.prim_func
    def main(lhs_handle: T.handle, rhs_handle: T.handle, out_handle: T.handle):
        T.func_attr({"target": T.target({"host": {"keys": ["cpu"], "kind": "c", "tag": ""}, "keys": ["ascend"], "kind": "ascend", "tag": ""}), "tilelang_out_idx": [-1]})
        lhs = T.match_buffer(lhs_handle, (8, 4, 8), strides=(32, 8, 1))
        rhs = T.match_buffer(rhs_handle, (8, 4, 8), strides=(32, 8, 1))
        out = T.match_buffer(out_handle, (8, 4), strides=(4, 1))
        with T.sblock("root"):
            T.reads()
            T.writes()
            src_frag_simtvf_r0 = T.Buffer((4, 8), scope="local.fragment")
            reduced_frag_simtvf_r0 = T.Buffer((4,), scope="local.fragment")
            src_frag_simtvf_r1 = T.Buffer((4, 8), scope="local.fragment")
            reduced_frag_simtvf_r1 = T.Buffer((4,), scope="local.fragment")
            T.sblock_attr({"layout_map": {src_frag_simtvf_r0: metadata["tl.Fragment"][0], reduced_frag_simtvf_r0: metadata["tl.Fragment"][1], src_frag_simtvf_r1: metadata["tl.Fragment"][2], reduced_frag_simtvf_r1: metadata["tl.Fragment"][3]}})
            bx = T.launch_thread("blockIdx.x", 8)
            tx = T.launch_thread("threadIdx.x", 128)
            ty = T.launch_thread("threadIdx.y", 1)
            tz = T.launch_thread("threadIdx.z", 1)
            with T.sblock("tilelang_root"):
                T.reads()
                T.writes()
                T.sblock_attr({"layout_map": {src_frag_simtvf_r0: metadata["tl.Fragment"][0], reduced_frag_simtvf_r0: metadata["tl.Fragment"][1], src_frag_simtvf_r1: metadata["tl.Fragment"][2], reduced_frag_simtvf_r1: metadata["tl.Fragment"][3]}})
                src_frag_simtvf_state = T.sblock_alloc_buffer((4, 8), scope="shared.dyn")
                reduced_frag_simtvf_state = T.sblock_alloc_buffer((4,), scope="shared.dyn")
                if bx % 2 == 0:
                    with T.sblock("SIMT_VF", no_realize=True):
                        T.reads()
                        T.writes()
                        T.sblock_attr({"layout_map": {src_frag_simtvf_r0: metadata["tl.Fragment"][0], reduced_frag_simtvf_r0: metadata["tl.Fragment"][1], src_frag_simtvf_r1: metadata["tl.Fragment"][2], reduced_frag_simtvf_r1: metadata["tl.Fragment"][3]}, "tl.vf_source_index": T.int64(0)})
                        src_frag_simtvf_r1 = T.sblock_alloc_buffer((4, 8), data=src_frag_simtvf_r1.data, scope="local.fragment")
                        reduced_frag_simtvf_r1 = T.sblock_alloc_buffer((4,), data=reduced_frag_simtvf_r1.data, scope="local.fragment")
                        simtvf_tx = T.launch_thread("threadIdx.x", 128)
                        simtvf_ty = T.launch_thread("threadIdx.y", 1)
                        simtvf_tz = T.launch_thread("threadIdx.z", 1)
                        T.attr("simtvf", "tl.simtvf_scope", 1)
                        T.copy(T.region(lhs[bx, 0, 0], 1, 1, 4, 8), T.region(src_frag_simtvf_r1[0, 0], 2, 4, 8))
                        T.reduce(T.region(src_frag_simtvf_r1[0, 0], 1, 4, 8), T.region(reduced_frag_simtvf_r1[0], 2, 4), "sum", 1, T.bool(True))
                        for i in T.parallel(4, annotations={"parallel_loop_layout": metadata["tl.Fragment"][3], "parallel_loop_predicate": simtvf_tx % 8 * 4 + simtvf_tx // 32 == 0}):
                            out[bx, i] = reduced_frag_simtvf_r1[i]
                        T.copy(T.region(src_frag_simtvf_r1[0, 0], 1, 4, 8), T.region(src_frag_simtvf_state[0, 0], 2, 4, 8))
                        T.copy(T.region(reduced_frag_simtvf_r1[0], 1, 4), T.region(reduced_frag_simtvf_state[0], 2, 4))
                else:
                    with T.sblock("SIMT_VF", no_realize=True):
                        T.reads()
                        T.writes()
                        T.sblock_attr({"layout_map": {src_frag_simtvf_r0: metadata["tl.Fragment"][0], reduced_frag_simtvf_r0: metadata["tl.Fragment"][1], src_frag_simtvf_r1: metadata["tl.Fragment"][2], reduced_frag_simtvf_r1: metadata["tl.Fragment"][3]}, "tl.vf_source_index": T.int64(1)})
                        src_frag_simtvf_r0 = T.sblock_alloc_buffer((4, 8), data=src_frag_simtvf_r0.data, scope="local.fragment")
                        reduced_frag_simtvf_r0 = T.sblock_alloc_buffer((4,), data=reduced_frag_simtvf_r0.data, scope="local.fragment")
                        simtvf_tx = T.launch_thread("threadIdx.x", 128)
                        simtvf_ty = T.launch_thread("threadIdx.y", 1)
                        simtvf_tz = T.launch_thread("threadIdx.z", 1)
                        T.attr("simtvf", "tl.simtvf_scope", 1)
                        T.copy(T.region(rhs[bx, 0, 0], 1, 1, 4, 8), T.region(src_frag_simtvf_r0[0, 0], 2, 4, 8))
                        T.reduce(T.region(src_frag_simtvf_r0[0, 0], 1, 4, 8), T.region(reduced_frag_simtvf_r0[0], 2, 4), "max", 1, T.bool(True))
                        for i in T.parallel(4, annotations={"parallel_loop_layout": metadata["tl.Fragment"][1], "parallel_loop_predicate": simtvf_tx % 8 * 4 + simtvf_tx // 32 == 0}):
                            out[bx, i] = reduced_frag_simtvf_r0[i]
                        T.copy(T.region(src_frag_simtvf_r0[0, 0], 1, 4, 8), T.region(src_frag_simtvf_state[0, 0], 2, 4, 8))
                        T.copy(T.region(reduced_frag_simtvf_r0[0], 1, 4), T.region(reduced_frag_simtvf_state[0], 2, 4))

# Metadata omitted. Use show_meta=True in script() method to show it.
---------------------18 After LayoutVisual---------------------
 # from tvm.script import ir as I
# from tvm.script import tirx as T

@I.ir_module
class Module:
    @T.prim_func
    def main(lhs_handle: T.handle, rhs_handle: T.handle, out_handle: T.handle):
        T.func_attr({"target": T.target({"host": {"keys": ["cpu"], "kind": "c", "tag": ""}, "keys": ["ascend"], "kind": "ascend", "tag": ""}), "tilelang_out_idx": [-1]})
        lhs = T.match_buffer(lhs_handle, (8, 4, 8), strides=(32, 8, 1))
        rhs = T.match_buffer(rhs_handle, (8, 4, 8), strides=(32, 8, 1))
        out = T.match_buffer(out_handle, (8, 4), strides=(4, 1))
        with T.sblock("root"):
            T.reads()
            T.writes()
            src_frag_simtvf_r0 = T.Buffer((4, 8), scope="local.fragment")
            reduced_frag_simtvf_r0 = T.Buffer((4,), scope="local.fragment")
            src_frag_simtvf_r1 = T.Buffer((4, 8), scope="local.fragment")
            reduced_frag_simtvf_r1 = T.Buffer((4,), scope="local.fragment")
            T.sblock_attr({"layout_map": {src_frag_simtvf_r0: metadata["tl.Fragment"][0], reduced_frag_simtvf_r0: metadata["tl.Fragment"][1], src_frag_simtvf_r1: metadata["tl.Fragment"][2], reduced_frag_simtvf_r1: metadata["tl.Fragment"][3]}})
            bx = T.launch_thread("blockIdx.x", 8)
            tx = T.launch_thread("threadIdx.x", 128)
            ty = T.launch_thread("threadIdx.y", 1)
            tz = T.launch_thread("threadIdx.z", 1)
            with T.sblock("tilelang_root"):
                T.reads()
                T.writes()
                T.sblock_attr({"layout_map": {src_frag_simtvf_r0: metadata["tl.Fragment"][0], reduced_frag_simtvf_r0: metadata["tl.Fragment"][1], src_frag_simtvf_r1: metadata["tl.Fragment"][2], reduced_frag_simtvf_r1: metadata["tl.Fragment"][3]}})
                src_frag_simtvf_state = T.sblock_alloc_buffer((4, 8), scope="shared.dyn")
                reduced_frag_simtvf_state = T.sblock_alloc_buffer((4,), scope="shared.dyn")
                if bx % 2 == 0:
                    with T.sblock("SIMT_VF", no_realize=True):
                        T.reads()
                        T.writes()
                        T.sblock_attr({"layout_map": {src_frag_simtvf_r0: metadata["tl.Fragment"][0], reduced_frag_simtvf_r0: metadata["tl.Fragment"][1], src_frag_simtvf_r1: metadata["tl.Fragment"][2], reduced_frag_simtvf_r1: metadata["tl.Fragment"][3]}, "tl.vf_source_index": T.int64(0)})
                        src_frag_simtvf_r1 = T.sblock_alloc_buffer((4, 8), data=src_frag_simtvf_r1.data, scope="local.fragment")
                        reduced_frag_simtvf_r1 = T.sblock_alloc_buffer((4,), data=reduced_frag_simtvf_r1.data, scope="local.fragment")
                        simtvf_tx = T.launch_thread("threadIdx.x", 128)
                        simtvf_ty = T.launch_thread("threadIdx.y", 1)
                        simtvf_tz = T.launch_thread("threadIdx.z", 1)
                        T.attr("simtvf", "tl.simtvf_scope", 1)
                        T.copy(T.region(lhs[bx, 0, 0], 1, 1, 4, 8), T.region(src_frag_simtvf_r1[0, 0], 2, 4, 8))
                        T.reduce(T.region(src_frag_simtvf_r1[0, 0], 1, 4, 8), T.region(reduced_frag_simtvf_r1[0], 2, 4), "sum", 1, T.bool(True))
                        for i in T.parallel(4, annotations={"parallel_loop_layout": metadata["tl.Fragment"][3], "parallel_loop_predicate": simtvf_tx % 8 * 4 + simtvf_tx // 32 == 0}):
                            out[bx, i] = reduced_frag_simtvf_r1[i]
                        T.copy(T.region(src_frag_simtvf_r1[0, 0], 1, 4, 8), T.region(src_frag_simtvf_state[0, 0], 2, 4, 8))
                        T.copy(T.region(reduced_frag_simtvf_r1[0], 1, 4), T.region(reduced_frag_simtvf_state[0], 2, 4))
                else:
                    with T.sblock("SIMT_VF", no_realize=True):
                        T.reads()
                        T.writes()
                        T.sblock_attr({"layout_map": {src_frag_simtvf_r0: metadata["tl.Fragment"][0], reduced_frag_simtvf_r0: metadata["tl.Fragment"][1], src_frag_simtvf_r1: metadata["tl.Fragment"][2], reduced_frag_simtvf_r1: metadata["tl.Fragment"][3]}, "tl.vf_source_index": T.int64(1)})
                        src_frag_simtvf_r0 = T.sblock_alloc_buffer((4, 8), data=src_frag_simtvf_r0.data, scope="local.fragment")
                        reduced_frag_simtvf_r0 = T.sblock_alloc_buffer((4,), data=reduced_frag_simtvf_r0.data, scope="local.fragment")
                        simtvf_tx = T.launch_thread("threadIdx.x", 128)
                        simtvf_ty = T.launch_thread("threadIdx.y", 1)
                        simtvf_tz = T.launch_thread("threadIdx.z", 1)
                        T.attr("simtvf", "tl.simtvf_scope", 1)
                        T.copy(T.region(rhs[bx, 0, 0], 1, 1, 4, 8), T.region(src_frag_simtvf_r0[0, 0], 2, 4, 8))
                        T.reduce(T.region(src_frag_simtvf_r0[0, 0], 1, 4, 8), T.region(reduced_frag_simtvf_r0[0], 2, 4), "max", 1, T.bool(True))
                        for i in T.parallel(4, annotations={"parallel_loop_layout": metadata["tl.Fragment"][1], "parallel_loop_predicate": simtvf_tx % 8 * 4 + simtvf_tx // 32 == 0}):
                            out[bx, i] = reduced_frag_simtvf_r0[i]
                        T.copy(T.region(src_frag_simtvf_r0[0, 0], 1, 4, 8), T.region(src_frag_simtvf_state[0, 0], 2, 4, 8))
                        T.copy(T.region(reduced_frag_simtvf_r0[0], 1, 4), T.region(reduced_frag_simtvf_state[0], 2, 4))

# Metadata omitted. Use show_meta=True in script() method to show it.
---------------------19 After NormalizeAscendFractalStorage---------------------
 # from tvm.script import ir as I
# from tvm.script import tirx as T

@I.ir_module
class Module:
    @T.prim_func
    def main(lhs_handle: T.handle, rhs_handle: T.handle, out_handle: T.handle):
        T.func_attr({"target": T.target({"host": {"keys": ["cpu"], "kind": "c", "tag": ""}, "keys": ["ascend"], "kind": "ascend", "tag": ""}), "tilelang_out_idx": [-1]})
        lhs = T.match_buffer(lhs_handle, (8, 4, 8), strides=(32, 8, 1))
        rhs = T.match_buffer(rhs_handle, (8, 4, 8), strides=(32, 8, 1))
        out = T.match_buffer(out_handle, (8, 4), strides=(4, 1))
        with T.sblock("root"):
            T.reads()
            T.writes()
            src_frag_simtvf_r0 = T.Buffer((4, 8), scope="local.fragment")
            reduced_frag_simtvf_r0 = T.Buffer((4,), scope="local.fragment")
            src_frag_simtvf_r1 = T.Buffer((4, 8), scope="local.fragment")
            reduced_frag_simtvf_r1 = T.Buffer((4,), scope="local.fragment")
            T.sblock_attr({"layout_map": {src_frag_simtvf_r0: metadata["tl.Fragment"][0], reduced_frag_simtvf_r0: metadata["tl.Fragment"][1], src_frag_simtvf_r1: metadata["tl.Fragment"][2], reduced_frag_simtvf_r1: metadata["tl.Fragment"][3]}})
            bx = T.launch_thread("blockIdx.x", 8)
            tx = T.launch_thread("threadIdx.x", 128)
            ty = T.launch_thread("threadIdx.y", 1)
            tz = T.launch_thread("threadIdx.z", 1)
            with T.sblock("tilelang_root"):
                T.reads()
                T.writes()
                T.sblock_attr({"layout_map": {src_frag_simtvf_r0: metadata["tl.Fragment"][0], reduced_frag_simtvf_r0: metadata["tl.Fragment"][1], src_frag_simtvf_r1: metadata["tl.Fragment"][2], reduced_frag_simtvf_r1: metadata["tl.Fragment"][3]}})
                src_frag_simtvf_state = T.sblock_alloc_buffer((4, 8), scope="shared.dyn")
                reduced_frag_simtvf_state = T.sblock_alloc_buffer((4,), scope="shared.dyn")
                if bx % 2 == 0:
                    with T.sblock("SIMT_VF", no_realize=True):
                        T.reads()
                        T.writes()
                        T.sblock_attr({"layout_map": {src_frag_simtvf_r0: metadata["tl.Fragment"][0], reduced_frag_simtvf_r0: metadata["tl.Fragment"][1], src_frag_simtvf_r1: metadata["tl.Fragment"][2], reduced_frag_simtvf_r1: metadata["tl.Fragment"][3]}, "tl.vf_source_index": T.int64(0)})
                        src_frag_simtvf_r1 = T.sblock_alloc_buffer((4, 8), data=src_frag_simtvf_r1.data, scope="local.fragment")
                        reduced_frag_simtvf_r1 = T.sblock_alloc_buffer((4,), data=reduced_frag_simtvf_r1.data, scope="local.fragment")
                        simtvf_tx = T.launch_thread("threadIdx.x", 128)
                        simtvf_ty = T.launch_thread("threadIdx.y", 1)
                        simtvf_tz = T.launch_thread("threadIdx.z", 1)
                        T.attr("simtvf", "tl.simtvf_scope", 1)
                        T.copy(T.region(lhs[bx, 0, 0], 1, 1, 4, 8), T.region(src_frag_simtvf_r1[0, 0], 2, 4, 8))
                        T.reduce(T.region(src_frag_simtvf_r1[0, 0], 1, 4, 8), T.region(reduced_frag_simtvf_r1[0], 2, 4), "sum", 1, T.bool(True))
                        for i in T.parallel(4, annotations={"parallel_loop_layout": metadata["tl.Fragment"][3], "parallel_loop_predicate": simtvf_tx % 8 * 4 + simtvf_tx // 32 == 0}):
                            out[bx, i] = reduced_frag_simtvf_r1[i]
                        T.copy(T.region(src_frag_simtvf_r1[0, 0], 1, 4, 8), T.region(src_frag_simtvf_state[0, 0], 2, 4, 8))
                        T.copy(T.region(reduced_frag_simtvf_r1[0], 1, 4), T.region(reduced_frag_simtvf_state[0], 2, 4))
                else:
                    with T.sblock("SIMT_VF", no_realize=True):
                        T.reads()
                        T.writes()
                        T.sblock_attr({"layout_map": {src_frag_simtvf_r0: metadata["tl.Fragment"][0], reduced_frag_simtvf_r0: metadata["tl.Fragment"][1], src_frag_simtvf_r1: metadata["tl.Fragment"][2], reduced_frag_simtvf_r1: metadata["tl.Fragment"][3]}, "tl.vf_source_index": T.int64(1)})
                        src_frag_simtvf_r0 = T.sblock_alloc_buffer((4, 8), data=src_frag_simtvf_r0.data, scope="local.fragment")
                        reduced_frag_simtvf_r0 = T.sblock_alloc_buffer((4,), data=reduced_frag_simtvf_r0.data, scope="local.fragment")
                        simtvf_tx = T.launch_thread("threadIdx.x", 128)
                        simtvf_ty = T.launch_thread("threadIdx.y", 1)
                        simtvf_tz = T.launch_thread("threadIdx.z", 1)
                        T.attr("simtvf", "tl.simtvf_scope", 1)
                        T.copy(T.region(rhs[bx, 0, 0], 1, 1, 4, 8), T.region(src_frag_simtvf_r0[0, 0], 2, 4, 8))
                        T.reduce(T.region(src_frag_simtvf_r0[0, 0], 1, 4, 8), T.region(reduced_frag_simtvf_r0[0], 2, 4), "max", 1, T.bool(True))
                        for i in T.parallel(4, annotations={"parallel_loop_layout": metadata["tl.Fragment"][1], "parallel_loop_predicate": simtvf_tx % 8 * 4 + simtvf_tx // 32 == 0}):
                            out[bx, i] = reduced_frag_simtvf_r0[i]
                        T.copy(T.region(src_frag_simtvf_r0[0, 0], 1, 4, 8), T.region(src_frag_simtvf_state[0, 0], 2, 4, 8))
                        T.copy(T.region(reduced_frag_simtvf_r0[0], 1, 4), T.region(reduced_frag_simtvf_state[0], 2, 4))

# Metadata omitted. Use show_meta=True in script() method to show it.
---------------------20 After InsertNd2Nz---------------------
 # from tvm.script import ir as I
# from tvm.script import tirx as T

@I.ir_module
class Module:
    @T.prim_func
    def main(lhs_handle: T.handle, rhs_handle: T.handle, out_handle: T.handle):
        T.func_attr({"target": T.target({"host": {"keys": ["cpu"], "kind": "c", "tag": ""}, "keys": ["ascend"], "kind": "ascend", "tag": ""}), "tilelang_out_idx": [-1]})
        lhs = T.match_buffer(lhs_handle, (8, 4, 8), strides=(32, 8, 1))
        rhs = T.match_buffer(rhs_handle, (8, 4, 8), strides=(32, 8, 1))
        out = T.match_buffer(out_handle, (8, 4), strides=(4, 1))
        with T.sblock("root"):
            T.reads()
            T.writes()
            src_frag_simtvf_r0 = T.Buffer((4, 8), scope="local.fragment")
            reduced_frag_simtvf_r0 = T.Buffer((4,), scope="local.fragment")
            src_frag_simtvf_r1 = T.Buffer((4, 8), scope="local.fragment")
            reduced_frag_simtvf_r1 = T.Buffer((4,), scope="local.fragment")
            T.sblock_attr({"layout_map": {src_frag_simtvf_r0: metadata["tl.Fragment"][0], reduced_frag_simtvf_r0: metadata["tl.Fragment"][1], src_frag_simtvf_r1: metadata["tl.Fragment"][2], reduced_frag_simtvf_r1: metadata["tl.Fragment"][3]}})
            bx = T.launch_thread("blockIdx.x", 8)
            tx = T.launch_thread("threadIdx.x", 128)
            ty = T.launch_thread("threadIdx.y", 1)
            tz = T.launch_thread("threadIdx.z", 1)
            with T.sblock("tilelang_root"):
                T.reads()
                T.writes()
                T.sblock_attr({"layout_map": {src_frag_simtvf_r0: metadata["tl.Fragment"][0], reduced_frag_simtvf_r0: metadata["tl.Fragment"][1], src_frag_simtvf_r1: metadata["tl.Fragment"][2], reduced_frag_simtvf_r1: metadata["tl.Fragment"][3]}})
                src_frag_simtvf_state = T.sblock_alloc_buffer((4, 8), scope="shared.dyn")
                reduced_frag_simtvf_state = T.sblock_alloc_buffer((4,), scope="shared.dyn")
                if bx % 2 == 0:
                    with T.sblock("SIMT_VF", no_realize=True):
                        T.reads()
                        T.writes()
                        T.sblock_attr({"layout_map": {src_frag_simtvf_r0: metadata["tl.Fragment"][0], reduced_frag_simtvf_r0: metadata["tl.Fragment"][1], src_frag_simtvf_r1: metadata["tl.Fragment"][2], reduced_frag_simtvf_r1: metadata["tl.Fragment"][3]}, "tl.vf_source_index": T.int64(0)})
                        src_frag_simtvf_r1 = T.sblock_alloc_buffer((4, 8), data=src_frag_simtvf_r1.data, scope="local.fragment")
                        reduced_frag_simtvf_r1 = T.sblock_alloc_buffer((4,), data=reduced_frag_simtvf_r1.data, scope="local.fragment")
                        simtvf_tx = T.launch_thread("threadIdx.x", 128)
                        simtvf_ty = T.launch_thread("threadIdx.y", 1)
                        simtvf_tz = T.launch_thread("threadIdx.z", 1)
                        T.attr("simtvf", "tl.simtvf_scope", 1)
                        T.copy(T.region(lhs[bx, 0, 0], 1, 1, 4, 8), T.region(src_frag_simtvf_r1[0, 0], 2, 4, 8))
                        T.reduce(T.region(src_frag_simtvf_r1[0, 0], 1, 4, 8), T.region(reduced_frag_simtvf_r1[0], 2, 4), "sum", 1, T.bool(True))
                        for i in T.parallel(4, annotations={"parallel_loop_layout": metadata["tl.Fragment"][3], "parallel_loop_predicate": simtvf_tx % 8 * 4 + simtvf_tx // 32 == 0}):
                            out[bx, i] = reduced_frag_simtvf_r1[i]
                        T.copy(T.region(src_frag_simtvf_r1[0, 0], 1, 4, 8), T.region(src_frag_simtvf_state[0, 0], 2, 4, 8))
                        T.copy(T.region(reduced_frag_simtvf_r1[0], 1, 4), T.region(reduced_frag_simtvf_state[0], 2, 4))
                else:
                    with T.sblock("SIMT_VF", no_realize=True):
                        T.reads()
                        T.writes()
                        T.sblock_attr({"layout_map": {src_frag_simtvf_r0: metadata["tl.Fragment"][0], reduced_frag_simtvf_r0: metadata["tl.Fragment"][1], src_frag_simtvf_r1: metadata["tl.Fragment"][2], reduced_frag_simtvf_r1: metadata["tl.Fragment"][3]}, "tl.vf_source_index": T.int64(1)})
                        src_frag_simtvf_r0 = T.sblock_alloc_buffer((4, 8), data=src_frag_simtvf_r0.data, scope="local.fragment")
                        reduced_frag_simtvf_r0 = T.sblock_alloc_buffer((4,), data=reduced_frag_simtvf_r0.data, scope="local.fragment")
                        simtvf_tx = T.launch_thread("threadIdx.x", 128)
                        simtvf_ty = T.launch_thread("threadIdx.y", 1)
                        simtvf_tz = T.launch_thread("threadIdx.z", 1)
                        T.attr("simtvf", "tl.simtvf_scope", 1)
                        T.copy(T.region(rhs[bx, 0, 0], 1, 1, 4, 8), T.region(src_frag_simtvf_r0[0, 0], 2, 4, 8))
                        T.reduce(T.region(src_frag_simtvf_r0[0, 0], 1, 4, 8), T.region(reduced_frag_simtvf_r0[0], 2, 4), "max", 1, T.bool(True))
                        for i in T.parallel(4, annotations={"parallel_loop_layout": metadata["tl.Fragment"][1], "parallel_loop_predicate": simtvf_tx % 8 * 4 + simtvf_tx // 32 == 0}):
                            out[bx, i] = reduced_frag_simtvf_r0[i]
                        T.copy(T.region(src_frag_simtvf_r0[0, 0], 1, 4, 8), T.region(src_frag_simtvf_state[0, 0], 2, 4, 8))
                        T.copy(T.region(reduced_frag_simtvf_r0[0], 1, 4), T.region(reduced_frag_simtvf_state[0], 2, 4))

# Metadata omitted. Use show_meta=True in script() method to show it.
---------------------21 After VFChecker---------------------
 # from tvm.script import ir as I
# from tvm.script import tirx as T

@I.ir_module
class Module:
    @T.prim_func
    def main(lhs_handle: T.handle, rhs_handle: T.handle, out_handle: T.handle):
        T.func_attr({"target": T.target({"host": {"keys": ["cpu"], "kind": "c", "tag": ""}, "keys": ["ascend"], "kind": "ascend", "tag": ""}), "tilelang_out_idx": [-1]})
        lhs = T.match_buffer(lhs_handle, (8, 4, 8), strides=(32, 8, 1))
        rhs = T.match_buffer(rhs_handle, (8, 4, 8), strides=(32, 8, 1))
        out = T.match_buffer(out_handle, (8, 4), strides=(4, 1))
        with T.sblock("root"):
            T.reads()
            T.writes()
            src_frag_simtvf_r0 = T.Buffer((4, 8), scope="local.fragment")
            reduced_frag_simtvf_r0 = T.Buffer((4,), scope="local.fragment")
            src_frag_simtvf_r1 = T.Buffer((4, 8), scope="local.fragment")
            reduced_frag_simtvf_r1 = T.Buffer((4,), scope="local.fragment")
            T.sblock_attr({"layout_map": {src_frag_simtvf_r0: metadata["tl.Fragment"][0], reduced_frag_simtvf_r0: metadata["tl.Fragment"][1], src_frag_simtvf_r1: metadata["tl.Fragment"][2], reduced_frag_simtvf_r1: metadata["tl.Fragment"][3]}})
            bx = T.launch_thread("blockIdx.x", 8)
            tx = T.launch_thread("threadIdx.x", 128)
            ty = T.launch_thread("threadIdx.y", 1)
            tz = T.launch_thread("threadIdx.z", 1)
            with T.sblock("tilelang_root"):
                T.reads()
                T.writes()
                T.sblock_attr({"layout_map": {src_frag_simtvf_r0: metadata["tl.Fragment"][0], reduced_frag_simtvf_r0: metadata["tl.Fragment"][1], src_frag_simtvf_r1: metadata["tl.Fragment"][2], reduced_frag_simtvf_r1: metadata["tl.Fragment"][3]}})
                src_frag_simtvf_state = T.sblock_alloc_buffer((4, 8), scope="shared.dyn")
                reduced_frag_simtvf_state = T.sblock_alloc_buffer((4,), scope="shared.dyn")
                if bx % 2 == 0:
                    with T.sblock("SIMT_VF", no_realize=True):
                        T.reads()
                        T.writes()
                        T.sblock_attr({"layout_map": {src_frag_simtvf_r0: metadata["tl.Fragment"][0], reduced_frag_simtvf_r0: metadata["tl.Fragment"][1], src_frag_simtvf_r1: metadata["tl.Fragment"][2], reduced_frag_simtvf_r1: metadata["tl.Fragment"][3]}, "tl.vf_source_index": T.int64(0)})
                        src_frag_simtvf_r1 = T.sblock_alloc_buffer((4, 8), data=src_frag_simtvf_r1.data, scope="local.fragment")
                        reduced_frag_simtvf_r1 = T.sblock_alloc_buffer((4,), data=reduced_frag_simtvf_r1.data, scope="local.fragment")
                        simtvf_tx = T.launch_thread("threadIdx.x", 128)
                        simtvf_ty = T.launch_thread("threadIdx.y", 1)
                        simtvf_tz = T.launch_thread("threadIdx.z", 1)
                        T.attr("simtvf", "tl.simtvf_scope", 1)
                        T.copy(T.region(lhs[bx, 0, 0], 1, 1, 4, 8), T.region(src_frag_simtvf_r1[0, 0], 2, 4, 8))
                        T.reduce(T.region(src_frag_simtvf_r1[0, 0], 1, 4, 8), T.region(reduced_frag_simtvf_r1[0], 2, 4), "sum", 1, T.bool(True))
                        for i in T.parallel(4, annotations={"parallel_loop_layout": metadata["tl.Fragment"][3], "parallel_loop_predicate": simtvf_tx % 8 * 4 + simtvf_tx // 32 == 0}):
                            out[bx, i] = reduced_frag_simtvf_r1[i]
                        T.copy(T.region(src_frag_simtvf_r1[0, 0], 1, 4, 8), T.region(src_frag_simtvf_state[0, 0], 2, 4, 8))
                        T.copy(T.region(reduced_frag_simtvf_r1[0], 1, 4), T.region(reduced_frag_simtvf_state[0], 2, 4))
                else:
                    with T.sblock("SIMT_VF", no_realize=True):
                        T.reads()
                        T.writes()
                        T.sblock_attr({"layout_map": {src_frag_simtvf_r0: metadata["tl.Fragment"][0], reduced_frag_simtvf_r0: metadata["tl.Fragment"][1], src_frag_simtvf_r1: metadata["tl.Fragment"][2], reduced_frag_simtvf_r1: metadata["tl.Fragment"][3]}, "tl.vf_source_index": T.int64(1)})
                        src_frag_simtvf_r0 = T.sblock_alloc_buffer((4, 8), data=src_frag_simtvf_r0.data, scope="local.fragment")
                        reduced_frag_simtvf_r0 = T.sblock_alloc_buffer((4,), data=reduced_frag_simtvf_r0.data, scope="local.fragment")
                        simtvf_tx = T.launch_thread("threadIdx.x", 128)
                        simtvf_ty = T.launch_thread("threadIdx.y", 1)
                        simtvf_tz = T.launch_thread("threadIdx.z", 1)
                        T.attr("simtvf", "tl.simtvf_scope", 1)
                        T.copy(T.region(rhs[bx, 0, 0], 1, 1, 4, 8), T.region(src_frag_simtvf_r0[0, 0], 2, 4, 8))
                        T.reduce(T.region(src_frag_simtvf_r0[0, 0], 1, 4, 8), T.region(reduced_frag_simtvf_r0[0], 2, 4), "max", 1, T.bool(True))
                        for i in T.parallel(4, annotations={"parallel_loop_layout": metadata["tl.Fragment"][1], "parallel_loop_predicate": simtvf_tx % 8 * 4 + simtvf_tx // 32 == 0}):
                            out[bx, i] = reduced_frag_simtvf_r0[i]
                        T.copy(T.region(src_frag_simtvf_r0[0, 0], 1, 4, 8), T.region(src_frag_simtvf_state[0, 0], 2, 4, 8))
                        T.copy(T.region(reduced_frag_simtvf_r0[0], 1, 4), T.region(reduced_frag_simtvf_state[0], 2, 4))

# Metadata omitted. Use show_meta=True in script() method to show it.
---------------------22 After AscendInsertOOBPadding---------------------
 # from tvm.script import ir as I
# from tvm.script import tirx as T

@I.ir_module
class Module:
    @T.prim_func
    def main(lhs_handle: T.handle, rhs_handle: T.handle, out_handle: T.handle):
        T.func_attr({"target": T.target({"host": {"keys": ["cpu"], "kind": "c", "tag": ""}, "keys": ["ascend"], "kind": "ascend", "tag": ""}), "tilelang_out_idx": [-1]})
        lhs = T.match_buffer(lhs_handle, (8, 4, 8), strides=(32, 8, 1))
        rhs = T.match_buffer(rhs_handle, (8, 4, 8), strides=(32, 8, 1))
        out = T.match_buffer(out_handle, (8, 4), strides=(4, 1))
        with T.sblock("root"):
            T.reads()
            T.writes()
            src_frag_simtvf_r0 = T.Buffer((4, 8), scope="local.fragment")
            reduced_frag_simtvf_r0 = T.Buffer((4,), scope="local.fragment")
            src_frag_simtvf_r1 = T.Buffer((4, 8), scope="local.fragment")
            reduced_frag_simtvf_r1 = T.Buffer((4,), scope="local.fragment")
            T.sblock_attr({"layout_map": {src_frag_simtvf_r0: metadata["tl.Fragment"][0], reduced_frag_simtvf_r0: metadata["tl.Fragment"][1], src_frag_simtvf_r1: metadata["tl.Fragment"][2], reduced_frag_simtvf_r1: metadata["tl.Fragment"][3]}})
            bx = T.launch_thread("blockIdx.x", 8)
            tx = T.launch_thread("threadIdx.x", 128)
            ty = T.launch_thread("threadIdx.y", 1)
            tz = T.launch_thread("threadIdx.z", 1)
            with T.sblock("tilelang_root"):
                T.reads()
                T.writes()
                T.sblock_attr({"layout_map": {src_frag_simtvf_r0: metadata["tl.Fragment"][0], reduced_frag_simtvf_r0: metadata["tl.Fragment"][1], src_frag_simtvf_r1: metadata["tl.Fragment"][2], reduced_frag_simtvf_r1: metadata["tl.Fragment"][3]}})
                src_frag_simtvf_state = T.sblock_alloc_buffer((4, 8), scope="shared.dyn")
                reduced_frag_simtvf_state = T.sblock_alloc_buffer((4,), scope="shared.dyn")
                if bx % 2 == 0:
                    with T.sblock("SIMT_VF", no_realize=True):
                        T.reads()
                        T.writes()
                        T.sblock_attr({"layout_map": {src_frag_simtvf_r0: metadata["tl.Fragment"][0], reduced_frag_simtvf_r0: metadata["tl.Fragment"][1], src_frag_simtvf_r1: metadata["tl.Fragment"][2], reduced_frag_simtvf_r1: metadata["tl.Fragment"][3]}, "tl.vf_source_index": T.int64(0)})
                        src_frag_simtvf_r1 = T.sblock_alloc_buffer((4, 8), data=src_frag_simtvf_r1.data, scope="local.fragment")
                        reduced_frag_simtvf_r1 = T.sblock_alloc_buffer((4,), data=reduced_frag_simtvf_r1.data, scope="local.fragment")
                        simtvf_tx = T.launch_thread("threadIdx.x", 128)
                        simtvf_ty = T.launch_thread("threadIdx.y", 1)
                        simtvf_tz = T.launch_thread("threadIdx.z", 1)
                        T.attr("simtvf", "tl.simtvf_scope", 1)
                        T.copy(T.region(lhs[bx, 0, 0], 1, 1, 4, 8), T.region(src_frag_simtvf_r1[0, 0], 2, 4, 8))
                        T.reduce(T.region(src_frag_simtvf_r1[0, 0], 1, 4, 8), T.region(reduced_frag_simtvf_r1[0], 2, 4), "sum", 1, T.bool(True))
                        for i in T.parallel(4, annotations={"parallel_loop_layout": metadata["tl.Fragment"][3], "parallel_loop_predicate": simtvf_tx % 8 * 4 + simtvf_tx // 32 == 0}):
                            out[bx, i] = reduced_frag_simtvf_r1[i]
                        T.copy(T.region(src_frag_simtvf_r1[0, 0], 1, 4, 8), T.region(src_frag_simtvf_state[0, 0], 2, 4, 8))
                        T.copy(T.region(reduced_frag_simtvf_r1[0], 1, 4), T.region(reduced_frag_simtvf_state[0], 2, 4))
                else:
                    with T.sblock("SIMT_VF", no_realize=True):
                        T.reads()
                        T.writes()
                        T.sblock_attr({"layout_map": {src_frag_simtvf_r0: metadata["tl.Fragment"][0], reduced_frag_simtvf_r0: metadata["tl.Fragment"][1], src_frag_simtvf_r1: metadata["tl.Fragment"][2], reduced_frag_simtvf_r1: metadata["tl.Fragment"][3]}, "tl.vf_source_index": T.int64(1)})
                        src_frag_simtvf_r0 = T.sblock_alloc_buffer((4, 8), data=src_frag_simtvf_r0.data, scope="local.fragment")
                        reduced_frag_simtvf_r0 = T.sblock_alloc_buffer((4,), data=reduced_frag_simtvf_r0.data, scope="local.fragment")
                        simtvf_tx = T.launch_thread("threadIdx.x", 128)
                        simtvf_ty = T.launch_thread("threadIdx.y", 1)
                        simtvf_tz = T.launch_thread("threadIdx.z", 1)
                        T.attr("simtvf", "tl.simtvf_scope", 1)
                        T.copy(T.region(rhs[bx, 0, 0], 1, 1, 4, 8), T.region(src_frag_simtvf_r0[0, 0], 2, 4, 8))
                        T.reduce(T.region(src_frag_simtvf_r0[0, 0], 1, 4, 8), T.region(reduced_frag_simtvf_r0[0], 2, 4), "max", 1, T.bool(True))
                        for i in T.parallel(4, annotations={"parallel_loop_layout": metadata["tl.Fragment"][1], "parallel_loop_predicate": simtvf_tx % 8 * 4 + simtvf_tx // 32 == 0}):
                            out[bx, i] = reduced_frag_simtvf_r0[i]
                        T.copy(T.region(src_frag_simtvf_r0[0, 0], 1, 4, 8), T.region(src_frag_simtvf_state[0, 0], 2, 4, 8))
                        T.copy(T.region(reduced_frag_simtvf_r0[0], 1, 4), T.region(reduced_frag_simtvf_state[0], 2, 4))

# Metadata omitted. Use show_meta=True in script() method to show it.
---------------------After AutoSchedule---------------------
 # from tvm.script import ir as I
# from tvm.script import tirx as T

@I.ir_module
class Module:
    @T.prim_func
    def main(lhs_handle: T.handle, rhs_handle: T.handle, out_handle: T.handle):
        T.func_attr({"target": T.target({"host": {"keys": ["cpu"], "kind": "c", "tag": ""}, "keys": ["ascend"], "kind": "ascend", "tag": ""}), "tilelang_out_idx": [-1]})
        lhs = T.match_buffer(lhs_handle, (8, 4, 8), strides=(32, 8, 1))
        rhs = T.match_buffer(rhs_handle, (8, 4, 8), strides=(32, 8, 1))
        out = T.match_buffer(out_handle, (8, 4), strides=(4, 1))
        with T.sblock("root"):
            T.reads()
            T.writes()
            src_frag_simtvf_r0 = T.Buffer((4, 8), scope="local.fragment")
            reduced_frag_simtvf_r0 = T.Buffer((4,), scope="local.fragment")
            src_frag_simtvf_r1 = T.Buffer((4, 8), scope="local.fragment")
            reduced_frag_simtvf_r1 = T.Buffer((4,), scope="local.fragment")
            T.sblock_attr({"layout_map": {src_frag_simtvf_r0: metadata["tl.Fragment"][0], reduced_frag_simtvf_r0: metadata["tl.Fragment"][1], src_frag_simtvf_r1: metadata["tl.Fragment"][2], reduced_frag_simtvf_r1: metadata["tl.Fragment"][3]}})
            bx = T.launch_thread("blockIdx.x", 8)
            tx = T.launch_thread("threadIdx.x", 128)
            ty = T.launch_thread("threadIdx.y", 1)
            tz = T.launch_thread("threadIdx.z", 1)
            with T.sblock("tilelang_root"):
                T.reads()
                T.writes()
                T.sblock_attr({"layout_map": {src_frag_simtvf_r0: metadata["tl.Fragment"][0], reduced_frag_simtvf_r0: metadata["tl.Fragment"][1], src_frag_simtvf_r1: metadata["tl.Fragment"][2], reduced_frag_simtvf_r1: metadata["tl.Fragment"][3]}})
                src_frag_simtvf_state = T.sblock_alloc_buffer((4, 8), scope="shared.dyn")
                reduced_frag_simtvf_state = T.sblock_alloc_buffer((4,), scope="shared.dyn")
                with T.sblock("VECTOR", no_realize=True):
                    T.reads()
                    T.writes()
                    __cond_0: T.bool = bx % 2 == 0
                    if __cond_0:
                        with T.sblock("SIMT_VF", no_realize=True):
                            T.reads()
                            T.writes()
                            T.sblock_attr({"layout_map": {src_frag_simtvf_r0: metadata["tl.Fragment"][0], reduced_frag_simtvf_r0: metadata["tl.Fragment"][1], src_frag_simtvf_r1: metadata["tl.Fragment"][2], reduced_frag_simtvf_r1: metadata["tl.Fragment"][3]}, "tl.vf_source_index": T.int64(0)})
                            src_frag_simtvf_r1 = T.sblock_alloc_buffer((4, 8), data=src_frag_simtvf_r1.data, scope="local.fragment")
                            reduced_frag_simtvf_r1 = T.sblock_alloc_buffer((4,), data=reduced_frag_simtvf_r1.data, scope="local.fragment")
                            simtvf_tx = T.launch_thread("threadIdx.x", 128)
                            simtvf_ty = T.launch_thread("threadIdx.y", 1)
                            simtvf_tz = T.launch_thread("threadIdx.z", 1)
                            T.attr("simtvf", "tl.simtvf_scope", 1)
                            T.copy(T.region(lhs[bx, 0, 0], 1, 1, 4, 8), T.region(src_frag_simtvf_r1[0, 0], 2, 4, 8))
                            T.reduce(T.region(src_frag_simtvf_r1[0, 0], 1, 4, 8), T.region(reduced_frag_simtvf_r1[0], 2, 4), "sum", 1, T.bool(True))
                            for i in T.parallel(4, annotations={"parallel_loop_layout": metadata["tl.Fragment"][3], "parallel_loop_predicate": simtvf_tx % 8 * 4 + simtvf_tx // 32 == 0}):
                                out[bx, i] = reduced_frag_simtvf_r1[i]
                            T.copy(T.region(src_frag_simtvf_r1[0, 0], 1, 4, 8), T.region(src_frag_simtvf_state[0, 0], 2, 4, 8))
                            T.copy(T.region(reduced_frag_simtvf_r1[0], 1, 4), T.region(reduced_frag_simtvf_state[0], 2, 4))
                    if not __cond_0:
                        with T.sblock("SIMT_VF", no_realize=True):
                            T.reads()
                            T.writes()
                            T.sblock_attr({"layout_map": {src_frag_simtvf_r0: metadata["tl.Fragment"][0], reduced_frag_simtvf_r0: metadata["tl.Fragment"][1], src_frag_simtvf_r1: metadata["tl.Fragment"][2], reduced_frag_simtvf_r1: metadata["tl.Fragment"][3]}, "tl.vf_source_index": T.int64(1)})
                            src_frag_simtvf_r0 = T.sblock_alloc_buffer((4, 8), data=src_frag_simtvf_r0.data, scope="local.fragment")
                            reduced_frag_simtvf_r0 = T.sblock_alloc_buffer((4,), data=reduced_frag_simtvf_r0.data, scope="local.fragment")
                            simtvf_tx = T.launch_thread("threadIdx.x", 128)
                            simtvf_ty = T.launch_thread("threadIdx.y", 1)
                            simtvf_tz = T.launch_thread("threadIdx.z", 1)
                            T.attr("simtvf", "tl.simtvf_scope", 1)
                            T.copy(T.region(rhs[bx, 0, 0], 1, 1, 4, 8), T.region(src_frag_simtvf_r0[0, 0], 2, 4, 8))
                            T.reduce(T.region(src_frag_simtvf_r0[0, 0], 1, 4, 8), T.region(reduced_frag_simtvf_r0[0], 2, 4), "max", 1, T.bool(True))
                            for i in T.parallel(4, annotations={"parallel_loop_layout": metadata["tl.Fragment"][1], "parallel_loop_predicate": simtvf_tx % 8 * 4 + simtvf_tx // 32 == 0}):
                                out[bx, i] = reduced_frag_simtvf_r0[i]
                            T.copy(T.region(src_frag_simtvf_r0[0, 0], 1, 4, 8), T.region(src_frag_simtvf_state[0, 0], 2, 4, 8))
                            T.copy(T.region(reduced_frag_simtvf_r0[0], 1, 4), T.region(reduced_frag_simtvf_state[0], 2, 4))

# Metadata omitted. Use show_meta=True in script() method to show it.
---------------------36 After Simplify---------------------
 # from tvm.script import ir as I
# from tvm.script import tirx as T

@I.ir_module
class Module:
    @T.prim_func
    def main(lhs_handle: T.handle, rhs_handle: T.handle, out_handle: T.handle):
        T.func_attr({"target": T.target({"host": {"keys": ["cpu"], "kind": "c", "tag": ""}, "keys": ["ascend"], "kind": "ascend", "tag": ""}), "tilelang_out_idx": [-1]})
        lhs = T.match_buffer(lhs_handle, (8, 4, 8), strides=(32, 8, 1))
        rhs = T.match_buffer(rhs_handle, (8, 4, 8), strides=(32, 8, 1))
        out = T.match_buffer(out_handle, (8, 4), strides=(4, 1))
        with T.sblock("root"):
            T.reads()
            T.writes()
            src_frag_simtvf_r0 = T.Buffer((4, 8), scope="local.fragment")
            reduced_frag_simtvf_r0 = T.Buffer((4,), scope="local.fragment")
            src_frag_simtvf_r1 = T.Buffer((4, 8), scope="local.fragment")
            reduced_frag_simtvf_r1 = T.Buffer((4,), scope="local.fragment")
            T.sblock_attr({"layout_map": {src_frag_simtvf_r0: metadata["tl.Fragment"][0], reduced_frag_simtvf_r0: metadata["tl.Fragment"][1], src_frag_simtvf_r1: metadata["tl.Fragment"][2], reduced_frag_simtvf_r1: metadata["tl.Fragment"][3]}})
            bx = T.launch_thread("blockIdx.x", 8)
            tx = T.launch_thread("threadIdx.x", 128)
            ty = T.launch_thread("threadIdx.y", 1)
            tz = T.launch_thread("threadIdx.z", 1)
            with T.sblock("tilelang_root"):
                T.reads()
                T.writes()
                T.sblock_attr({"layout_map": {src_frag_simtvf_r0: metadata["tl.Fragment"][0], reduced_frag_simtvf_r0: metadata["tl.Fragment"][1], src_frag_simtvf_r1: metadata["tl.Fragment"][2], reduced_frag_simtvf_r1: metadata["tl.Fragment"][3]}})
                src_frag_simtvf_state = T.sblock_alloc_buffer((4, 8), scope="shared.dyn")
                reduced_frag_simtvf_state = T.sblock_alloc_buffer((4,), scope="shared.dyn")
                with T.sblock("VECTOR", no_realize=True):
                    T.reads()
                    T.writes()
                    __cond_0: T.bool = bx % 2 == 0
                    if __cond_0:
                        with T.sblock("SIMT_VF", no_realize=True):
                            T.reads()
                            T.writes()
                            T.sblock_attr({"layout_map": {src_frag_simtvf_r0: metadata["tl.Fragment"][0], reduced_frag_simtvf_r0: metadata["tl.Fragment"][1], src_frag_simtvf_r1: metadata["tl.Fragment"][2], reduced_frag_simtvf_r1: metadata["tl.Fragment"][3]}, "tl.vf_source_index": T.int64(0)})
                            src_frag_simtvf_r1 = T.sblock_alloc_buffer((4, 8), data=src_frag_simtvf_r1.data, scope="local.fragment")
                            reduced_frag_simtvf_r1 = T.sblock_alloc_buffer((4,), data=reduced_frag_simtvf_r1.data, scope="local.fragment")
                            simtvf_tx = T.launch_thread("threadIdx.x", 128)
                            simtvf_ty = T.launch_thread("threadIdx.y", 1)
                            simtvf_tz = T.launch_thread("threadIdx.z", 1)
                            T.attr("simtvf", "tl.simtvf_scope", 1)
                            T.copy(T.region(lhs[bx, 0, 0], 1, 1, 4, 8), T.region(src_frag_simtvf_r1[0, 0], 2, 4, 8))
                            T.reduce(T.region(src_frag_simtvf_r1[0, 0], 1, 4, 8), T.region(reduced_frag_simtvf_r1[0], 2, 4), "sum", 1, T.bool(True))
                            for i in T.parallel(4, annotations={"parallel_loop_layout": metadata["tl.Fragment"][3], "parallel_loop_predicate": simtvf_tx % 8 * 4 + simtvf_tx // 32 == 0}):
                                out[bx, i] = reduced_frag_simtvf_r1[i]
                            T.copy(T.region(src_frag_simtvf_r1[0, 0], 1, 4, 8), T.region(src_frag_simtvf_state[0, 0], 2, 4, 8))
                            T.copy(T.region(reduced_frag_simtvf_r1[0], 1, 4), T.region(reduced_frag_simtvf_state[0], 2, 4))
                    if not __cond_0:
                        with T.sblock("SIMT_VF", no_realize=True):
                            T.reads()
                            T.writes()
                            T.sblock_attr({"layout_map": {src_frag_simtvf_r0: metadata["tl.Fragment"][0], reduced_frag_simtvf_r0: metadata["tl.Fragment"][1], src_frag_simtvf_r1: metadata["tl.Fragment"][2], reduced_frag_simtvf_r1: metadata["tl.Fragment"][3]}, "tl.vf_source_index": T.int64(1)})
                            src_frag_simtvf_r0 = T.sblock_alloc_buffer((4, 8), data=src_frag_simtvf_r0.data, scope="local.fragment")
                            reduced_frag_simtvf_r0 = T.sblock_alloc_buffer((4,), data=reduced_frag_simtvf_r0.data, scope="local.fragment")
                            simtvf_tx = T.launch_thread("threadIdx.x", 128)
                            simtvf_ty = T.launch_thread("threadIdx.y", 1)
                            simtvf_tz = T.launch_thread("threadIdx.z", 1)
                            T.attr("simtvf", "tl.simtvf_scope", 1)
                            T.copy(T.region(rhs[bx, 0, 0], 1, 1, 4, 8), T.region(src_frag_simtvf_r0[0, 0], 2, 4, 8))
                            T.reduce(T.region(src_frag_simtvf_r0[0, 0], 1, 4, 8), T.region(reduced_frag_simtvf_r0[0], 2, 4), "max", 1, T.bool(True))
                            for i in T.parallel(4, annotations={"parallel_loop_layout": metadata["tl.Fragment"][1], "parallel_loop_predicate": simtvf_tx % 8 * 4 + simtvf_tx // 32 == 0}):
                                out[bx, i] = reduced_frag_simtvf_r0[i]
                            T.copy(T.region(src_frag_simtvf_r0[0, 0], 1, 4, 8), T.region(src_frag_simtvf_state[0, 0], 2, 4, 8))
                            T.copy(T.region(reduced_frag_simtvf_r0[0], 1, 4), T.region(reduced_frag_simtvf_state[0], 2, 4))

# Metadata omitted. Use show_meta=True in script() method to show it.
---------------------37 After NormalizeBufferVersion---------------------
 # from tvm.script import ir as I
# from tvm.script import tirx as T

@I.ir_module
class Module:
    @T.prim_func
    def main(lhs_handle: T.handle, rhs_handle: T.handle, out_handle: T.handle):
        T.func_attr({"target": T.target({"host": {"keys": ["cpu"], "kind": "c", "tag": ""}, "keys": ["ascend"], "kind": "ascend", "tag": ""}), "tilelang_out_idx": [-1]})
        lhs = T.match_buffer(lhs_handle, (8, 4, 8), strides=(32, 8, 1))
        rhs = T.match_buffer(rhs_handle, (8, 4, 8), strides=(32, 8, 1))
        out = T.match_buffer(out_handle, (8, 4), strides=(4, 1))
        with T.sblock("root"):
            T.reads()
            T.writes()
            src_frag_simtvf_r0 = T.Buffer((4, 8), scope="local.fragment")
            reduced_frag_simtvf_r0 = T.Buffer((4,), scope="local.fragment")
            src_frag_simtvf_r1 = T.Buffer((4, 8), scope="local.fragment")
            reduced_frag_simtvf_r1 = T.Buffer((4,), scope="local.fragment")
            T.sblock_attr({"layout_map": {src_frag_simtvf_r0: metadata["tl.Fragment"][0], reduced_frag_simtvf_r0: metadata["tl.Fragment"][1], src_frag_simtvf_r1: metadata["tl.Fragment"][2], reduced_frag_simtvf_r1: metadata["tl.Fragment"][3]}})
            bx = T.launch_thread("blockIdx.x", 8)
            tx = T.launch_thread("threadIdx.x", 128)
            ty = T.launch_thread("threadIdx.y", 1)
            tz = T.launch_thread("threadIdx.z", 1)
            with T.sblock("tilelang_root"):
                T.reads()
                T.writes()
                T.sblock_attr({"layout_map": {src_frag_simtvf_r0: metadata["tl.Fragment"][0], reduced_frag_simtvf_r0: metadata["tl.Fragment"][1], src_frag_simtvf_r1: metadata["tl.Fragment"][2], reduced_frag_simtvf_r1: metadata["tl.Fragment"][3]}})
                src_frag_simtvf_state = T.sblock_alloc_buffer((4, 8), scope="shared.dyn")
                reduced_frag_simtvf_state = T.sblock_alloc_buffer((4,), scope="shared.dyn")
                with T.sblock("VECTOR", no_realize=True):
                    T.reads()
                    T.writes()
                    __cond_0: T.bool = bx % 2 == 0
                    if __cond_0:
                        with T.sblock("SIMT_VF", no_realize=True):
                            T.reads()
                            T.writes()
                            T.sblock_attr({"layout_map": {src_frag_simtvf_r0: metadata["tl.Fragment"][0], reduced_frag_simtvf_r0: metadata["tl.Fragment"][1], src_frag_simtvf_r1: metadata["tl.Fragment"][2], reduced_frag_simtvf_r1: metadata["tl.Fragment"][3]}, "tl.vf_source_index": T.int64(0)})
                            src_frag_simtvf_r1 = T.sblock_alloc_buffer((4, 8), data=src_frag_simtvf_r1.data, scope="local.fragment")
                            reduced_frag_simtvf_r1 = T.sblock_alloc_buffer((4,), data=reduced_frag_simtvf_r1.data, scope="local.fragment")
                            simtvf_tx = T.launch_thread("threadIdx.x", 128)
                            simtvf_ty = T.launch_thread("threadIdx.y", 1)
                            simtvf_tz = T.launch_thread("threadIdx.z", 1)
                            T.attr("simtvf", "tl.simtvf_scope", 1)
                            T.copy(T.region(lhs[bx, 0, 0], 1, 1, 4, 8), T.region(src_frag_simtvf_r1[0, 0], 2, 4, 8))
                            T.reduce(T.region(src_frag_simtvf_r1[0, 0], 1, 4, 8), T.region(reduced_frag_simtvf_r1[0], 2, 4), "sum", 1, T.bool(True))
                            for i in T.parallel(4, annotations={"parallel_loop_layout": metadata["tl.Fragment"][3], "parallel_loop_predicate": simtvf_tx % 8 * 4 + simtvf_tx // 32 == 0}):
                                out[bx, i] = reduced_frag_simtvf_r1[i]
                            T.copy(T.region(src_frag_simtvf_r1[0, 0], 1, 4, 8), T.region(src_frag_simtvf_state[0, 0], 2, 4, 8))
                            T.copy(T.region(reduced_frag_simtvf_r1[0], 1, 4), T.region(reduced_frag_simtvf_state[0], 2, 4))
                    if not __cond_0:
                        with T.sblock("SIMT_VF", no_realize=True):
                            T.reads()
                            T.writes()
                            T.sblock_attr({"layout_map": {src_frag_simtvf_r0: metadata["tl.Fragment"][0], reduced_frag_simtvf_r0: metadata["tl.Fragment"][1], src_frag_simtvf_r1: metadata["tl.Fragment"][2], reduced_frag_simtvf_r1: metadata["tl.Fragment"][3]}, "tl.vf_source_index": T.int64(1)})
                            src_frag_simtvf_r0 = T.sblock_alloc_buffer((4, 8), data=src_frag_simtvf_r0.data, scope="local.fragment")
                            reduced_frag_simtvf_r0 = T.sblock_alloc_buffer((4,), data=reduced_frag_simtvf_r0.data, scope="local.fragment")
                            simtvf_tx = T.launch_thread("threadIdx.x", 128)
                            simtvf_ty = T.launch_thread("threadIdx.y", 1)
                            simtvf_tz = T.launch_thread("threadIdx.z", 1)
                            T.attr("simtvf", "tl.simtvf_scope", 1)
                            T.copy(T.region(rhs[bx, 0, 0], 1, 1, 4, 8), T.region(src_frag_simtvf_r0[0, 0], 2, 4, 8))
                            T.reduce(T.region(src_frag_simtvf_r0[0, 0], 1, 4, 8), T.region(reduced_frag_simtvf_r0[0], 2, 4), "max", 1, T.bool(True))
                            for i in T.parallel(4, annotations={"parallel_loop_layout": metadata["tl.Fragment"][1], "parallel_loop_predicate": simtvf_tx % 8 * 4 + simtvf_tx // 32 == 0}):
                                out[bx, i] = reduced_frag_simtvf_r0[i]
                            T.copy(T.region(src_frag_simtvf_r0[0, 0], 1, 4, 8), T.region(src_frag_simtvf_state[0, 0], 2, 4, 8))
                            T.copy(T.region(reduced_frag_simtvf_r0[0], 1, 4), T.region(reduced_frag_simtvf_state[0], 2, 4))

# Metadata omitted. Use show_meta=True in script() method to show it.
---------------------38 After AscendSimdVFLowerParallel---------------------
 # from tvm.script import ir as I
# from tvm.script import tirx as T

@I.ir_module
class Module:
    @T.prim_func
    def main(lhs_handle: T.handle, rhs_handle: T.handle, out_handle: T.handle):
        T.func_attr({"target": T.target({"host": {"keys": ["cpu"], "kind": "c", "tag": ""}, "keys": ["ascend"], "kind": "ascend", "tag": ""}), "tilelang_out_idx": [-1]})
        lhs = T.match_buffer(lhs_handle, (8, 4, 8), strides=(32, 8, 1))
        rhs = T.match_buffer(rhs_handle, (8, 4, 8), strides=(32, 8, 1))
        out = T.match_buffer(out_handle, (8, 4), strides=(4, 1))
        with T.sblock("root"):
            T.reads()
            T.writes()
            src_frag_simtvf_r0 = T.Buffer((4, 8), scope="local.fragment")
            reduced_frag_simtvf_r0 = T.Buffer((4,), scope="local.fragment")
            src_frag_simtvf_r1 = T.Buffer((4, 8), scope="local.fragment")
            reduced_frag_simtvf_r1 = T.Buffer((4,), scope="local.fragment")
            T.sblock_attr({"layout_map": {src_frag_simtvf_r0: metadata["tl.Fragment"][0], reduced_frag_simtvf_r0: metadata["tl.Fragment"][1], src_frag_simtvf_r1: metadata["tl.Fragment"][2], reduced_frag_simtvf_r1: metadata["tl.Fragment"][3]}})
            bx = T.launch_thread("blockIdx.x", 8)
            tx = T.launch_thread("threadIdx.x", 128)
            ty = T.launch_thread("threadIdx.y", 1)
            tz = T.launch_thread("threadIdx.z", 1)
            with T.sblock("tilelang_root"):
                T.reads()
                T.writes()
                T.sblock_attr({"layout_map": {src_frag_simtvf_r0: metadata["tl.Fragment"][0], reduced_frag_simtvf_r0: metadata["tl.Fragment"][1], src_frag_simtvf_r1: metadata["tl.Fragment"][2], reduced_frag_simtvf_r1: metadata["tl.Fragment"][3]}})
                src_frag_simtvf_state = T.sblock_alloc_buffer((4, 8), scope="shared.dyn")
                reduced_frag_simtvf_state = T.sblock_alloc_buffer((4,), scope="shared.dyn")
                with T.sblock("VECTOR", no_realize=True):
                    T.reads()
                    T.writes()
                    __cond_0: T.bool = bx % 2 == 0
                    if __cond_0:
                        with T.sblock("SIMT_VF", no_realize=True):
                            T.reads()
                            T.writes()
                            T.sblock_attr({"layout_map": {src_frag_simtvf_r0: metadata["tl.Fragment"][0], reduced_frag_simtvf_r0: metadata["tl.Fragment"][1], src_frag_simtvf_r1: metadata["tl.Fragment"][2], reduced_frag_simtvf_r1: metadata["tl.Fragment"][3]}, "tl.vf_source_index": T.int64(0)})
                            src_frag_simtvf_r1 = T.sblock_alloc_buffer((4, 8), data=src_frag_simtvf_r1.data, scope="local.fragment")
                            reduced_frag_simtvf_r1 = T.sblock_alloc_buffer((4,), data=reduced_frag_simtvf_r1.data, scope="local.fragment")
                            simtvf_tx = T.launch_thread("threadIdx.x", 128)
                            simtvf_ty = T.launch_thread("threadIdx.y", 1)
                            simtvf_tz = T.launch_thread("threadIdx.z", 1)
                            T.attr("simtvf", "tl.simtvf_scope", 1)
                            T.copy(T.region(lhs[bx, 0, 0], 1, 1, 4, 8), T.region(src_frag_simtvf_r1[0, 0], 2, 4, 8))
                            T.reduce(T.region(src_frag_simtvf_r1[0, 0], 1, 4, 8), T.region(reduced_frag_simtvf_r1[0], 2, 4), "sum", 1, T.bool(True))
                            for i in T.parallel(4, annotations={"parallel_loop_layout": metadata["tl.Fragment"][3], "parallel_loop_predicate": simtvf_tx % 8 * 4 + simtvf_tx // 32 == 0}):
                                out[bx, i] = reduced_frag_simtvf_r1[i]
                            T.copy(T.region(src_frag_simtvf_r1[0, 0], 1, 4, 8), T.region(src_frag_simtvf_state[0, 0], 2, 4, 8))
                            T.copy(T.region(reduced_frag_simtvf_r1[0], 1, 4), T.region(reduced_frag_simtvf_state[0], 2, 4))
                    if not __cond_0:
                        with T.sblock("SIMT_VF", no_realize=True):
                            T.reads()
                            T.writes()
                            T.sblock_attr({"layout_map": {src_frag_simtvf_r0: metadata["tl.Fragment"][0], reduced_frag_simtvf_r0: metadata["tl.Fragment"][1], src_frag_simtvf_r1: metadata["tl.Fragment"][2], reduced_frag_simtvf_r1: metadata["tl.Fragment"][3]}, "tl.vf_source_index": T.int64(1)})
                            src_frag_simtvf_r0 = T.sblock_alloc_buffer((4, 8), data=src_frag_simtvf_r0.data, scope="local.fragment")
                            reduced_frag_simtvf_r0 = T.sblock_alloc_buffer((4,), data=reduced_frag_simtvf_r0.data, scope="local.fragment")
                            simtvf_tx = T.launch_thread("threadIdx.x", 128)
                            simtvf_ty = T.launch_thread("threadIdx.y", 1)
                            simtvf_tz = T.launch_thread("threadIdx.z", 1)
                            T.attr("simtvf", "tl.simtvf_scope", 1)
                            T.copy(T.region(rhs[bx, 0, 0], 1, 1, 4, 8), T.region(src_frag_simtvf_r0[0, 0], 2, 4, 8))
                            T.reduce(T.region(src_frag_simtvf_r0[0, 0], 1, 4, 8), T.region(reduced_frag_simtvf_r0[0], 2, 4), "max", 1, T.bool(True))
                            for i in T.parallel(4, annotations={"parallel_loop_layout": metadata["tl.Fragment"][1], "parallel_loop_predicate": simtvf_tx % 8 * 4 + simtvf_tx // 32 == 0}):
                                out[bx, i] = reduced_frag_simtvf_r0[i]
                            T.copy(T.region(src_frag_simtvf_r0[0, 0], 1, 4, 8), T.region(src_frag_simtvf_state[0, 0], 2, 4, 8))
                            T.copy(T.region(reduced_frag_simtvf_r0[0], 1, 4), T.region(reduced_frag_simtvf_state[0], 2, 4))

# Metadata omitted. Use show_meta=True in script() method to show it.
---------------------39 After LowerTileOp---------------------
 # from tvm.script import ir as I
# from tvm.script import tirx as T

@I.ir_module
class Module:
    @T.prim_func
    def main(lhs_handle: T.handle, rhs_handle: T.handle, out_handle: T.handle):
        T.func_attr({"target": T.target({"host": {"keys": ["cpu"], "kind": "c", "tag": ""}, "keys": ["ascend"], "kind": "ascend", "tag": ""}), "tilelang_out_idx": [-1], "tl.has_tma": T.bool(False)})
        lhs = T.match_buffer(lhs_handle, (8, 4, 8), strides=(32, 8, 1))
        rhs = T.match_buffer(rhs_handle, (8, 4, 8), strides=(32, 8, 1))
        out = T.match_buffer(out_handle, (8, 4), strides=(4, 1))
        with T.sblock("root"):
            T.reads()
            T.writes()
            src_frag_simtvf_r1 = T.Buffer((1,), scope="local")
            reduced_frag_simtvf_r1 = T.Buffer((1,), scope="local")
            src_frag_simtvf_r0 = T.Buffer((1,), scope="local")
            reduced_frag_simtvf_r0 = T.Buffer((1,), scope="local")
            T.sblock_attr({"layout_map": {src_frag_simtvf_r1: metadata["tl.Fragment"][0], reduced_frag_simtvf_r1: metadata["tl.Fragment"][1], src_frag_simtvf_r0: metadata["tl.Fragment"][2], reduced_frag_simtvf_r0: metadata["tl.Fragment"][3]}})
            bx = T.launch_thread("blockIdx.x", 8)
            tx = T.launch_thread("threadIdx.x", 128)
            ty = T.launch_thread("threadIdx.y", 1)
            tz = T.launch_thread("threadIdx.z", 1)
            with T.sblock("tilelang_root"):
                T.reads()
                T.writes()
                T.sblock_attr({"layout_map": {src_frag_simtvf_r1: metadata["tl.Fragment"][0], reduced_frag_simtvf_r1: metadata["tl.Fragment"][1], src_frag_simtvf_r0: metadata["tl.Fragment"][2], reduced_frag_simtvf_r0: metadata["tl.Fragment"][3]}})
                src_frag_simtvf_state = T.sblock_alloc_buffer((4, 8), scope="shared.dyn")
                reduced_frag_simtvf_state = T.sblock_alloc_buffer((4,), scope="shared.dyn")
                with T.sblock("VECTOR", no_realize=True):
                    T.reads()
                    T.writes()
                    __cond_0: T.bool = bx % 2 == 0
                    if __cond_0:
                        with T.sblock("SIMT_VF", no_realize=True):
                            T.reads()
                            T.writes()
                            T.sblock_attr({"layout_map": {src_frag_simtvf_r1: metadata["tl.Fragment"][0], reduced_frag_simtvf_r1: metadata["tl.Fragment"][1], src_frag_simtvf_r0: metadata["tl.Fragment"][2], reduced_frag_simtvf_r0: metadata["tl.Fragment"][3]}, "tl.vf_source_index": T.int64(0)})
                            src_frag_simtvf_r1 = T.sblock_alloc_buffer((1,), data=src_frag_simtvf_r1.data, scope="local")
                            reduced_frag_simtvf_r1 = T.sblock_alloc_buffer((1,), data=reduced_frag_simtvf_r1.data, scope="local")
                            simtvf_tx = T.launch_thread("threadIdx.x", 128)
                            simtvf_ty = T.launch_thread("threadIdx.y", 1)
                            simtvf_tz = T.launch_thread("threadIdx.z", 1)
                            T.attr("simtvf", "tl.simtvf_scope", 1)
                            if simtvf_tx < 128 and simtvf_tx >= 0:
                                for i in T.unroll(1):
                                    src_frag_simtvf_r1[0] = lhs[bx, simtvf_tx % 32 // 8, simtvf_tx % 8]
                            for i in T.unroll(1):
                                reduced_frag_simtvf_r1[0] = T.float32(0.0)
                                for rv in T.unroll(1):
                                    reduced_frag_simtvf_r1[0] = reduced_frag_simtvf_r1[0] + src_frag_simtvf_r1[0]
                                reduced_frag_simtvf_r1[0] = T.call_extern("float32", "tl::AscendAllReduce<tl::SumOp, 8, 1, 0>::run", reduced_frag_simtvf_r1[0])
                            if simtvf_tx % 8 * 4 + simtvf_tx // 32 == 0:
                                for i in T.unroll(1):
                                    out[bx, simtvf_tx % 32 // 8] = reduced_frag_simtvf_r1[0]
                            if simtvf_tx // 32 == 0 and (simtvf_tx < 128 and simtvf_tx >= 0):
                                for i in T.unroll(1):
                                    src_frag_simtvf_state[simtvf_tx % 32 // 8, simtvf_tx % 8] = src_frag_simtvf_r1[0]
                            if simtvf_tx % 8 * 4 + simtvf_tx // 32 == 0 and (simtvf_tx < 128 and simtvf_tx >= 0):
                                for i in T.unroll(1):
                                    reduced_frag_simtvf_state[simtvf_tx % 32 // 8] = reduced_frag_simtvf_r1[0]
                    if not __cond_0:
                        with T.sblock("SIMT_VF", no_realize=True):
                            T.reads()
                            T.writes()
                            T.sblock_attr({"layout_map": {src_frag_simtvf_r1: metadata["tl.Fragment"][0], reduced_frag_simtvf_r1: metadata["tl.Fragment"][1], src_frag_simtvf_r0: metadata["tl.Fragment"][2], reduced_frag_simtvf_r0: metadata["tl.Fragment"][3]}, "tl.vf_source_index": T.int64(1)})
                            src_frag_simtvf_r0 = T.sblock_alloc_buffer((1,), data=src_frag_simtvf_r0.data, scope="local")
                            reduced_frag_simtvf_r0 = T.sblock_alloc_buffer((1,), data=reduced_frag_simtvf_r0.data, scope="local")
                            simtvf_tx = T.launch_thread("threadIdx.x", 128)
                            simtvf_ty = T.launch_thread("threadIdx.y", 1)
                            simtvf_tz = T.launch_thread("threadIdx.z", 1)
                            T.attr("simtvf", "tl.simtvf_scope", 1)
                            if simtvf_tx < 128 and simtvf_tx >= 0:
                                for i in T.unroll(1):
                                    src_frag_simtvf_r0[0] = rhs[bx, simtvf_tx % 32 // 8, simtvf_tx % 8]
                            for i in T.unroll(1):
                                reduced_frag_simtvf_r0[0] = T.float32("-inf")
                                for rv in T.unroll(1):
                                    reduced_frag_simtvf_r0[0] = T.max(reduced_frag_simtvf_r0[0], src_frag_simtvf_r0[0])
                                reduced_frag_simtvf_r0[0] = T.call_extern("float32", "tl::AscendAllReduce<tl::MaxOp, 8, 1, 0>::run", reduced_frag_simtvf_r0[0])
                            if simtvf_tx % 8 * 4 + simtvf_tx // 32 == 0:
                                for i in T.unroll(1):
                                    out[bx, simtvf_tx % 32 // 8] = reduced_frag_simtvf_r0[0]
                            if simtvf_tx // 32 == 0 and (simtvf_tx < 128 and simtvf_tx >= 0):
                                for i in T.unroll(1):
                                    src_frag_simtvf_state[simtvf_tx % 32 // 8, simtvf_tx % 8] = src_frag_simtvf_r0[0]
                            if simtvf_tx % 8 * 4 + simtvf_tx // 32 == 0 and (simtvf_tx < 128 and simtvf_tx >= 0):
                                for i in T.unroll(1):
                                    reduced_frag_simtvf_state[simtvf_tx % 32 // 8] = reduced_frag_simtvf_r0[0]

# Metadata omitted. Use show_meta=True in script() method to show it.
---------------------40 After VerifyReducerConsumed---------------------
 # from tvm.script import ir as I
# from tvm.script import tirx as T

@I.ir_module
class Module:
    @T.prim_func
    def main(lhs_handle: T.handle, rhs_handle: T.handle, out_handle: T.handle):
        T.func_attr({"target": T.target({"host": {"keys": ["cpu"], "kind": "c", "tag": ""}, "keys": ["ascend"], "kind": "ascend", "tag": ""}), "tilelang_out_idx": [-1], "tl.has_tma": T.bool(False)})
        lhs = T.match_buffer(lhs_handle, (8, 4, 8), strides=(32, 8, 1))
        rhs = T.match_buffer(rhs_handle, (8, 4, 8), strides=(32, 8, 1))
        out = T.match_buffer(out_handle, (8, 4), strides=(4, 1))
        with T.sblock("root"):
            T.reads()
            T.writes()
            src_frag_simtvf_r1 = T.Buffer((1,), scope="local")
            reduced_frag_simtvf_r1 = T.Buffer((1,), scope="local")
            src_frag_simtvf_r0 = T.Buffer((1,), scope="local")
            reduced_frag_simtvf_r0 = T.Buffer((1,), scope="local")
            T.sblock_attr({"layout_map": {src_frag_simtvf_r1: metadata["tl.Fragment"][0], reduced_frag_simtvf_r1: metadata["tl.Fragment"][1], src_frag_simtvf_r0: metadata["tl.Fragment"][2], reduced_frag_simtvf_r0: metadata["tl.Fragment"][3]}})
            bx = T.launch_thread("blockIdx.x", 8)
            tx = T.launch_thread("threadIdx.x", 128)
            ty = T.launch_thread("threadIdx.y", 1)
            tz = T.launch_thread("threadIdx.z", 1)
            with T.sblock("tilelang_root"):
                T.reads()
                T.writes()
                T.sblock_attr({"layout_map": {src_frag_simtvf_r1: metadata["tl.Fragment"][0], reduced_frag_simtvf_r1: metadata["tl.Fragment"][1], src_frag_simtvf_r0: metadata["tl.Fragment"][2], reduced_frag_simtvf_r0: metadata["tl.Fragment"][3]}})
                src_frag_simtvf_state = T.sblock_alloc_buffer((4, 8), scope="shared.dyn")
                reduced_frag_simtvf_state = T.sblock_alloc_buffer((4,), scope="shared.dyn")
                with T.sblock("VECTOR", no_realize=True):
                    T.reads()
                    T.writes()
                    __cond_0: T.bool = bx % 2 == 0
                    if __cond_0:
                        with T.sblock("SIMT_VF", no_realize=True):
                            T.reads()
                            T.writes()
                            T.sblock_attr({"layout_map": {src_frag_simtvf_r1: metadata["tl.Fragment"][0], reduced_frag_simtvf_r1: metadata["tl.Fragment"][1], src_frag_simtvf_r0: metadata["tl.Fragment"][2], reduced_frag_simtvf_r0: metadata["tl.Fragment"][3]}, "tl.vf_source_index": T.int64(0)})
                            src_frag_simtvf_r1 = T.sblock_alloc_buffer((1,), data=src_frag_simtvf_r1.data, scope="local")
                            reduced_frag_simtvf_r1 = T.sblock_alloc_buffer((1,), data=reduced_frag_simtvf_r1.data, scope="local")
                            simtvf_tx = T.launch_thread("threadIdx.x", 128)
                            simtvf_ty = T.launch_thread("threadIdx.y", 1)
                            simtvf_tz = T.launch_thread("threadIdx.z", 1)
                            T.attr("simtvf", "tl.simtvf_scope", 1)
                            if simtvf_tx < 128 and simtvf_tx >= 0:
                                for i in T.unroll(1):
                                    src_frag_simtvf_r1[0] = lhs[bx, simtvf_tx % 32 // 8, simtvf_tx % 8]
                            for i in T.unroll(1):
                                reduced_frag_simtvf_r1[0] = T.float32(0.0)
                                for rv in T.unroll(1):
                                    reduced_frag_simtvf_r1[0] = reduced_frag_simtvf_r1[0] + src_frag_simtvf_r1[0]
                                reduced_frag_simtvf_r1[0] = T.call_extern("float32", "tl::AscendAllReduce<tl::SumOp, 8, 1, 0>::run", reduced_frag_simtvf_r1[0])
                            if simtvf_tx % 8 * 4 + simtvf_tx // 32 == 0:
                                for i in T.unroll(1):
                                    out[bx, simtvf_tx % 32 // 8] = reduced_frag_simtvf_r1[0]
                            if simtvf_tx // 32 == 0 and (simtvf_tx < 128 and simtvf_tx >= 0):
                                for i in T.unroll(1):
                                    src_frag_simtvf_state[simtvf_tx % 32 // 8, simtvf_tx % 8] = src_frag_simtvf_r1[0]
                            if simtvf_tx % 8 * 4 + simtvf_tx // 32 == 0 and (simtvf_tx < 128 and simtvf_tx >= 0):
                                for i in T.unroll(1):
                                    reduced_frag_simtvf_state[simtvf_tx % 32 // 8] = reduced_frag_simtvf_r1[0]
                    if not __cond_0:
                        with T.sblock("SIMT_VF", no_realize=True):
                            T.reads()
                            T.writes()
                            T.sblock_attr({"layout_map": {src_frag_simtvf_r1: metadata["tl.Fragment"][0], reduced_frag_simtvf_r1: metadata["tl.Fragment"][1], src_frag_simtvf_r0: metadata["tl.Fragment"][2], reduced_frag_simtvf_r0: metadata["tl.Fragment"][3]}, "tl.vf_source_index": T.int64(1)})
                            src_frag_simtvf_r0 = T.sblock_alloc_buffer((1,), data=src_frag_simtvf_r0.data, scope="local")
                            reduced_frag_simtvf_r0 = T.sblock_alloc_buffer((1,), data=reduced_frag_simtvf_r0.data, scope="local")
                            simtvf_tx = T.launch_thread("threadIdx.x", 128)
                            simtvf_ty = T.launch_thread("threadIdx.y", 1)
                            simtvf_tz = T.launch_thread("threadIdx.z", 1)
                            T.attr("simtvf", "tl.simtvf_scope", 1)
                            if simtvf_tx < 128 and simtvf_tx >= 0:
                                for i in T.unroll(1):
                                    src_frag_simtvf_r0[0] = rhs[bx, simtvf_tx % 32 // 8, simtvf_tx % 8]
                            for i in T.unroll(1):
                                reduced_frag_simtvf_r0[0] = T.float32("-inf")
                                for rv in T.unroll(1):
                                    reduced_frag_simtvf_r0[0] = T.max(reduced_frag_simtvf_r0[0], src_frag_simtvf_r0[0])
                                reduced_frag_simtvf_r0[0] = T.call_extern("float32", "tl::AscendAllReduce<tl::MaxOp, 8, 1, 0>::run", reduced_frag_simtvf_r0[0])
                            if simtvf_tx % 8 * 4 + simtvf_tx // 32 == 0:
                                for i in T.unroll(1):
                                    out[bx, simtvf_tx % 32 // 8] = reduced_frag_simtvf_r0[0]
                            if simtvf_tx // 32 == 0 and (simtvf_tx < 128 and simtvf_tx >= 0):
                                for i in T.unroll(1):
                                    src_frag_simtvf_state[simtvf_tx % 32 // 8, simtvf_tx % 8] = src_frag_simtvf_r0[0]
                            if simtvf_tx % 8 * 4 + simtvf_tx // 32 == 0 and (simtvf_tx < 128 and simtvf_tx >= 0):
                                for i in T.unroll(1):
                                    reduced_frag_simtvf_state[simtvf_tx % 32 // 8] = reduced_frag_simtvf_r0[0]

# Metadata omitted. Use show_meta=True in script() method to show it.
---------------------41 After DecoupleTypeCast---------------------
 # from tvm.script import ir as I
# from tvm.script import tirx as T

@I.ir_module
class Module:
    @T.prim_func
    def main(lhs_handle: T.handle, rhs_handle: T.handle, out_handle: T.handle):
        T.func_attr({"target": T.target({"host": {"keys": ["cpu"], "kind": "c", "tag": ""}, "keys": ["ascend"], "kind": "ascend", "tag": ""}), "tilelang_out_idx": [-1], "tl.has_tma": T.bool(False)})
        lhs = T.match_buffer(lhs_handle, (8, 4, 8), strides=(32, 8, 1))
        rhs = T.match_buffer(rhs_handle, (8, 4, 8), strides=(32, 8, 1))
        out = T.match_buffer(out_handle, (8, 4), strides=(4, 1))
        with T.sblock("root"):
            T.reads()
            T.writes()
            src_frag_simtvf_r1 = T.Buffer((1,), scope="local")
            reduced_frag_simtvf_r1 = T.Buffer((1,), scope="local")
            src_frag_simtvf_r0 = T.Buffer((1,), scope="local")
            reduced_frag_simtvf_r0 = T.Buffer((1,), scope="local")
            T.sblock_attr({"layout_map": {src_frag_simtvf_r1: metadata["tl.Fragment"][0], reduced_frag_simtvf_r1: metadata["tl.Fragment"][1], src_frag_simtvf_r0: metadata["tl.Fragment"][2], reduced_frag_simtvf_r0: metadata["tl.Fragment"][3]}})
            bx = T.launch_thread("blockIdx.x", 8)
            tx = T.launch_thread("threadIdx.x", 128)
            ty = T.launch_thread("threadIdx.y", 1)
            tz = T.launch_thread("threadIdx.z", 1)
            with T.sblock("tilelang_root"):
                T.reads()
                T.writes()
                T.sblock_attr({"layout_map": {src_frag_simtvf_r1: metadata["tl.Fragment"][0], reduced_frag_simtvf_r1: metadata["tl.Fragment"][1], src_frag_simtvf_r0: metadata["tl.Fragment"][2], reduced_frag_simtvf_r0: metadata["tl.Fragment"][3]}})
                src_frag_simtvf_state = T.sblock_alloc_buffer((4, 8), scope="shared.dyn")
                reduced_frag_simtvf_state = T.sblock_alloc_buffer((4,), scope="shared.dyn")
                with T.sblock("VECTOR", no_realize=True):
                    T.reads()
                    T.writes()
                    __cond_0: T.bool = bx % 2 == 0
                    if __cond_0:
                        with T.sblock("SIMT_VF", no_realize=True):
                            T.reads()
                            T.writes()
                            T.sblock_attr({"layout_map": {src_frag_simtvf_r1: metadata["tl.Fragment"][0], reduced_frag_simtvf_r1: metadata["tl.Fragment"][1], src_frag_simtvf_r0: metadata["tl.Fragment"][2], reduced_frag_simtvf_r0: metadata["tl.Fragment"][3]}, "tl.vf_source_index": T.int64(0)})
                            src_frag_simtvf_r1 = T.sblock_alloc_buffer((1,), data=src_frag_simtvf_r1.data, scope="local")
                            reduced_frag_simtvf_r1 = T.sblock_alloc_buffer((1,), data=reduced_frag_simtvf_r1.data, scope="local")
                            simtvf_tx = T.launch_thread("threadIdx.x", 128)
                            simtvf_ty = T.launch_thread("threadIdx.y", 1)
                            simtvf_tz = T.launch_thread("threadIdx.z", 1)
                            T.attr("simtvf", "tl.simtvf_scope", 1)
                            if simtvf_tx < 128 and simtvf_tx >= 0:
                                for i in T.unroll(1):
                                    src_frag_simtvf_r1[0] = lhs[bx, simtvf_tx % 32 // 8, simtvf_tx % 8]
                            for i in T.unroll(1):
                                reduced_frag_simtvf_r1[0] = T.float32(0.0)
                                for rv in T.unroll(1):
                                    reduced_frag_simtvf_r1[0] = reduced_frag_simtvf_r1[0] + src_frag_simtvf_r1[0]
                                reduced_frag_simtvf_r1[0] = T.call_extern("float32", "tl::AscendAllReduce<tl::SumOp, 8, 1, 0>::run", reduced_frag_simtvf_r1[0])
                            if simtvf_tx % 8 * 4 + simtvf_tx // 32 == 0:
                                for i in T.unroll(1):
                                    out[bx, simtvf_tx % 32 // 8] = reduced_frag_simtvf_r1[0]
                            if simtvf_tx // 32 == 0 and (simtvf_tx < 128 and simtvf_tx >= 0):
                                for i in T.unroll(1):
                                    src_frag_simtvf_state[simtvf_tx % 32 // 8, simtvf_tx % 8] = src_frag_simtvf_r1[0]
                            if simtvf_tx % 8 * 4 + simtvf_tx // 32 == 0 and (simtvf_tx < 128 and simtvf_tx >= 0):
                                for i in T.unroll(1):
                                    reduced_frag_simtvf_state[simtvf_tx % 32 // 8] = reduced_frag_simtvf_r1[0]
                    if not __cond_0:
                        with T.sblock("SIMT_VF", no_realize=True):
                            T.reads()
                            T.writes()
                            T.sblock_attr({"layout_map": {src_frag_simtvf_r1: metadata["tl.Fragment"][0], reduced_frag_simtvf_r1: metadata["tl.Fragment"][1], src_frag_simtvf_r0: metadata["tl.Fragment"][2], reduced_frag_simtvf_r0: metadata["tl.Fragment"][3]}, "tl.vf_source_index": T.int64(1)})
                            src_frag_simtvf_r0 = T.sblock_alloc_buffer((1,), data=src_frag_simtvf_r0.data, scope="local")
                            reduced_frag_simtvf_r0 = T.sblock_alloc_buffer((1,), data=reduced_frag_simtvf_r0.data, scope="local")
                            simtvf_tx = T.launch_thread("threadIdx.x", 128)
                            simtvf_ty = T.launch_thread("threadIdx.y", 1)
                            simtvf_tz = T.launch_thread("threadIdx.z", 1)
                            T.attr("simtvf", "tl.simtvf_scope", 1)
                            if simtvf_tx < 128 and simtvf_tx >= 0:
                                for i in T.unroll(1):
                                    src_frag_simtvf_r0[0] = rhs[bx, simtvf_tx % 32 // 8, simtvf_tx % 8]
                            for i in T.unroll(1):
                                reduced_frag_simtvf_r0[0] = T.float32("-inf")
                                for rv in T.unroll(1):
                                    reduced_frag_simtvf_r0[0] = T.max(reduced_frag_simtvf_r0[0], src_frag_simtvf_r0[0])
                                reduced_frag_simtvf_r0[0] = T.call_extern("float32", "tl::AscendAllReduce<tl::MaxOp, 8, 1, 0>::run", reduced_frag_simtvf_r0[0])
                            if simtvf_tx % 8 * 4 + simtvf_tx // 32 == 0:
                                for i in T.unroll(1):
                                    out[bx, simtvf_tx % 32 // 8] = reduced_frag_simtvf_r0[0]
                            if simtvf_tx // 32 == 0 and (simtvf_tx < 128 and simtvf_tx >= 0):
                                for i in T.unroll(1):
                                    src_frag_simtvf_state[simtvf_tx % 32 // 8, simtvf_tx % 8] = src_frag_simtvf_r0[0]
                            if simtvf_tx % 8 * 4 + simtvf_tx // 32 == 0 and (simtvf_tx < 128 and simtvf_tx >= 0):
                                for i in T.unroll(1):
                                    reduced_frag_simtvf_state[simtvf_tx % 32 // 8] = reduced_frag_simtvf_r0[0]

# Metadata omitted. Use show_meta=True in script() method to show it.
---------------------42 After LegalizeVectorizedLoop---------------------
 # from tvm.script import ir as I
# from tvm.script import tirx as T

@I.ir_module
class Module:
    @T.prim_func
    def main(lhs_handle: T.handle, rhs_handle: T.handle, out_handle: T.handle):
        T.func_attr({"target": T.target({"host": {"keys": ["cpu"], "kind": "c", "tag": ""}, "keys": ["ascend"], "kind": "ascend", "tag": ""}), "tilelang_out_idx": [-1], "tl.has_tma": T.bool(False)})
        lhs = T.match_buffer(lhs_handle, (8, 4, 8), strides=(32, 8, 1))
        rhs = T.match_buffer(rhs_handle, (8, 4, 8), strides=(32, 8, 1))
        out = T.match_buffer(out_handle, (8, 4), strides=(4, 1))
        with T.sblock("root"):
            T.reads()
            T.writes()
            src_frag_simtvf_r1 = T.Buffer((1,), scope="local")
            reduced_frag_simtvf_r1 = T.Buffer((1,), scope="local")
            src_frag_simtvf_r0 = T.Buffer((1,), scope="local")
            reduced_frag_simtvf_r0 = T.Buffer((1,), scope="local")
            T.sblock_attr({"layout_map": {src_frag_simtvf_r1: metadata["tl.Fragment"][0], reduced_frag_simtvf_r1: metadata["tl.Fragment"][1], src_frag_simtvf_r0: metadata["tl.Fragment"][2], reduced_frag_simtvf_r0: metadata["tl.Fragment"][3]}})
            bx = T.launch_thread("blockIdx.x", 8)
            tx = T.launch_thread("threadIdx.x", 128)
            ty = T.launch_thread("threadIdx.y", 1)
            tz = T.launch_thread("threadIdx.z", 1)
            with T.sblock("tilelang_root"):
                T.reads()
                T.writes()
                T.sblock_attr({"layout_map": {src_frag_simtvf_r1: metadata["tl.Fragment"][0], reduced_frag_simtvf_r1: metadata["tl.Fragment"][1], src_frag_simtvf_r0: metadata["tl.Fragment"][2], reduced_frag_simtvf_r0: metadata["tl.Fragment"][3]}})
                src_frag_simtvf_state = T.sblock_alloc_buffer((4, 8), scope="shared.dyn")
                reduced_frag_simtvf_state = T.sblock_alloc_buffer((4,), scope="shared.dyn")
                with T.sblock("VECTOR", no_realize=True):
                    T.reads()
                    T.writes()
                    __cond_0: T.bool = bx % 2 == 0
                    if __cond_0:
                        with T.sblock("SIMT_VF", no_realize=True):
                            T.reads()
                            T.writes()
                            T.sblock_attr({"layout_map": {src_frag_simtvf_r1: metadata["tl.Fragment"][0], reduced_frag_simtvf_r1: metadata["tl.Fragment"][1], src_frag_simtvf_r0: metadata["tl.Fragment"][2], reduced_frag_simtvf_r0: metadata["tl.Fragment"][3]}, "tl.vf_source_index": T.int64(0)})
                            src_frag_simtvf_r1 = T.sblock_alloc_buffer((1,), data=src_frag_simtvf_r1.data, scope="local")
                            reduced_frag_simtvf_r1 = T.sblock_alloc_buffer((1,), data=reduced_frag_simtvf_r1.data, scope="local")
                            simtvf_tx = T.launch_thread("threadIdx.x", 128)
                            simtvf_ty = T.launch_thread("threadIdx.y", 1)
                            simtvf_tz = T.launch_thread("threadIdx.z", 1)
                            T.attr("simtvf", "tl.simtvf_scope", 1)
                            if simtvf_tx < 128 and simtvf_tx >= 0:
                                for i in T.unroll(1):
                                    src_frag_simtvf_r1[0] = lhs[bx, simtvf_tx % 32 // 8, simtvf_tx % 8]
                            for i in T.unroll(1):
                                reduced_frag_simtvf_r1[0] = T.float32(0.0)
                                for rv in T.unroll(1):
                                    reduced_frag_simtvf_r1[0] = reduced_frag_simtvf_r1[0] + src_frag_simtvf_r1[0]
                                reduced_frag_simtvf_r1[0] = T.call_extern("float32", "tl::AscendAllReduce<tl::SumOp, 8, 1, 0>::run", reduced_frag_simtvf_r1[0])
                            if simtvf_tx % 8 * 4 + simtvf_tx // 32 == 0:
                                for i in T.unroll(1):
                                    out[bx, simtvf_tx % 32 // 8] = reduced_frag_simtvf_r1[0]
                            if simtvf_tx // 32 == 0 and (simtvf_tx < 128 and simtvf_tx >= 0):
                                for i in T.unroll(1):
                                    src_frag_simtvf_state[simtvf_tx % 32 // 8, simtvf_tx % 8] = src_frag_simtvf_r1[0]
                            if simtvf_tx % 8 * 4 + simtvf_tx // 32 == 0 and (simtvf_tx < 128 and simtvf_tx >= 0):
                                for i in T.unroll(1):
                                    reduced_frag_simtvf_state[simtvf_tx % 32 // 8] = reduced_frag_simtvf_r1[0]
                    if not __cond_0:
                        with T.sblock("SIMT_VF", no_realize=True):
                            T.reads()
                            T.writes()
                            T.sblock_attr({"layout_map": {src_frag_simtvf_r1: metadata["tl.Fragment"][0], reduced_frag_simtvf_r1: metadata["tl.Fragment"][1], src_frag_simtvf_r0: metadata["tl.Fragment"][2], reduced_frag_simtvf_r0: metadata["tl.Fragment"][3]}, "tl.vf_source_index": T.int64(1)})
                            src_frag_simtvf_r0 = T.sblock_alloc_buffer((1,), data=src_frag_simtvf_r0.data, scope="local")
                            reduced_frag_simtvf_r0 = T.sblock_alloc_buffer((1,), data=reduced_frag_simtvf_r0.data, scope="local")
                            simtvf_tx = T.launch_thread("threadIdx.x", 128)
                            simtvf_ty = T.launch_thread("threadIdx.y", 1)
                            simtvf_tz = T.launch_thread("threadIdx.z", 1)
                            T.attr("simtvf", "tl.simtvf_scope", 1)
                            if simtvf_tx < 128 and simtvf_tx >= 0:
                                for i in T.unroll(1):
                                    src_frag_simtvf_r0[0] = rhs[bx, simtvf_tx % 32 // 8, simtvf_tx % 8]
                            for i in T.unroll(1):
                                reduced_frag_simtvf_r0[0] = T.float32("-inf")
                                for rv in T.unroll(1):
                                    reduced_frag_simtvf_r0[0] = T.max(reduced_frag_simtvf_r0[0], src_frag_simtvf_r0[0])
                                reduced_frag_simtvf_r0[0] = T.call_extern("float32", "tl::AscendAllReduce<tl::MaxOp, 8, 1, 0>::run", reduced_frag_simtvf_r0[0])
                            if simtvf_tx % 8 * 4 + simtvf_tx // 32 == 0:
                                for i in T.unroll(1):
                                    out[bx, simtvf_tx % 32 // 8] = reduced_frag_simtvf_r0[0]
                            if simtvf_tx // 32 == 0 and (simtvf_tx < 128 and simtvf_tx >= 0):
                                for i in T.unroll(1):
                                    src_frag_simtvf_state[simtvf_tx % 32 // 8, simtvf_tx % 8] = src_frag_simtvf_r0[0]
                            if simtvf_tx % 8 * 4 + simtvf_tx // 32 == 0 and (simtvf_tx < 128 and simtvf_tx >= 0):
                                for i in T.unroll(1):
                                    reduced_frag_simtvf_state[simtvf_tx % 32 // 8] = reduced_frag_simtvf_r0[0]

# Metadata omitted. Use show_meta=True in script() method to show it.
---------------------43 After LegalizeSafeMemoryAccess---------------------
 # from tvm.script import ir as I
# from tvm.script import tirx as T

@I.ir_module
class Module:
    @T.prim_func
    def main(lhs_handle: T.handle, rhs_handle: T.handle, out_handle: T.handle):
        T.func_attr({"target": T.target({"host": {"keys": ["cpu"], "kind": "c", "tag": ""}, "keys": ["ascend"], "kind": "ascend", "tag": ""}), "tilelang_out_idx": [-1], "tl.has_tma": T.bool(False)})
        lhs = T.match_buffer(lhs_handle, (8, 4, 8), strides=(32, 8, 1))
        rhs = T.match_buffer(rhs_handle, (8, 4, 8), strides=(32, 8, 1))
        out = T.match_buffer(out_handle, (8, 4), strides=(4, 1))
        with T.sblock("root"):
            T.reads()
            T.writes()
            src_frag_simtvf_r1 = T.Buffer((1,), scope="local")
            reduced_frag_simtvf_r1 = T.Buffer((1,), scope="local")
            src_frag_simtvf_r0 = T.Buffer((1,), scope="local")
            reduced_frag_simtvf_r0 = T.Buffer((1,), scope="local")
            T.sblock_attr({"layout_map": {src_frag_simtvf_r1: metadata["tl.Fragment"][0], reduced_frag_simtvf_r1: metadata["tl.Fragment"][1], src_frag_simtvf_r0: metadata["tl.Fragment"][2], reduced_frag_simtvf_r0: metadata["tl.Fragment"][3]}})
            bx = T.launch_thread("blockIdx.x", 8)
            tx = T.launch_thread("threadIdx.x", 128)
            ty = T.launch_thread("threadIdx.y", 1)
            tz = T.launch_thread("threadIdx.z", 1)
            with T.sblock("tilelang_root"):
                T.reads()
                T.writes()
                T.sblock_attr({"layout_map": {src_frag_simtvf_r1: metadata["tl.Fragment"][0], reduced_frag_simtvf_r1: metadata["tl.Fragment"][1], src_frag_simtvf_r0: metadata["tl.Fragment"][2], reduced_frag_simtvf_r0: metadata["tl.Fragment"][3]}})
                src_frag_simtvf_state = T.sblock_alloc_buffer((4, 8), scope="shared.dyn")
                reduced_frag_simtvf_state = T.sblock_alloc_buffer((4,), scope="shared.dyn")
                with T.sblock("VECTOR", no_realize=True):
                    T.reads()
                    T.writes()
                    __cond_0: T.bool = bx % 2 == 0
                    if __cond_0:
                        with T.sblock("SIMT_VF", no_realize=True):
                            T.reads()
                            T.writes()
                            T.sblock_attr({"layout_map": {src_frag_simtvf_r1: metadata["tl.Fragment"][0], reduced_frag_simtvf_r1: metadata["tl.Fragment"][1], src_frag_simtvf_r0: metadata["tl.Fragment"][2], reduced_frag_simtvf_r0: metadata["tl.Fragment"][3]}, "tl.vf_source_index": T.int64(0)})
                            src_frag_simtvf_r1 = T.sblock_alloc_buffer((1,), data=src_frag_simtvf_r1.data, scope="local")
                            reduced_frag_simtvf_r1 = T.sblock_alloc_buffer((1,), data=reduced_frag_simtvf_r1.data, scope="local")
                            simtvf_tx = T.launch_thread("threadIdx.x", 128)
                            simtvf_ty = T.launch_thread("threadIdx.y", 1)
                            simtvf_tz = T.launch_thread("threadIdx.z", 1)
                            T.attr("simtvf", "tl.simtvf_scope", 1)
                            if simtvf_tx < 128 and simtvf_tx >= 0:
                                for i in T.unroll(1):
                                    src_frag_simtvf_r1[0] = lhs[bx, simtvf_tx % 32 // 8, simtvf_tx % 8]
                            for i in T.unroll(1):
                                reduced_frag_simtvf_r1[0] = T.float32(0.0)
                                for rv in T.unroll(1):
                                    reduced_frag_simtvf_r1[0] = reduced_frag_simtvf_r1[0] + src_frag_simtvf_r1[0]
                                reduced_frag_simtvf_r1[0] = T.call_extern("float32", "tl::AscendAllReduce<tl::SumOp, 8, 1, 0>::run", reduced_frag_simtvf_r1[0])
                            if simtvf_tx % 8 * 4 + simtvf_tx // 32 == 0:
                                for i in T.unroll(1):
                                    out[bx, simtvf_tx % 32 // 8] = reduced_frag_simtvf_r1[0]
                            if simtvf_tx // 32 == 0 and (simtvf_tx < 128 and simtvf_tx >= 0):
                                for i in T.unroll(1):
                                    src_frag_simtvf_state[simtvf_tx % 32 // 8, simtvf_tx % 8] = src_frag_simtvf_r1[0]
                            if simtvf_tx % 8 * 4 + simtvf_tx // 32 == 0 and (simtvf_tx < 128 and simtvf_tx >= 0):
                                for i in T.unroll(1):
                                    reduced_frag_simtvf_state[simtvf_tx % 32 // 8] = reduced_frag_simtvf_r1[0]
                    if not __cond_0:
                        with T.sblock("SIMT_VF", no_realize=True):
                            T.reads()
                            T.writes()
                            T.sblock_attr({"layout_map": {src_frag_simtvf_r1: metadata["tl.Fragment"][0], reduced_frag_simtvf_r1: metadata["tl.Fragment"][1], src_frag_simtvf_r0: metadata["tl.Fragment"][2], reduced_frag_simtvf_r0: metadata["tl.Fragment"][3]}, "tl.vf_source_index": T.int64(1)})
                            src_frag_simtvf_r0 = T.sblock_alloc_buffer((1,), data=src_frag_simtvf_r0.data, scope="local")
                            reduced_frag_simtvf_r0 = T.sblock_alloc_buffer((1,), data=reduced_frag_simtvf_r0.data, scope="local")
                            simtvf_tx = T.launch_thread("threadIdx.x", 128)
                            simtvf_ty = T.launch_thread("threadIdx.y", 1)
                            simtvf_tz = T.launch_thread("threadIdx.z", 1)
                            T.attr("simtvf", "tl.simtvf_scope", 1)
                            if simtvf_tx < 128 and simtvf_tx >= 0:
                                for i in T.unroll(1):
                                    src_frag_simtvf_r0[0] = rhs[bx, simtvf_tx % 32 // 8, simtvf_tx % 8]
                            for i in T.unroll(1):
                                reduced_frag_simtvf_r0[0] = T.float32("-inf")
                                for rv in T.unroll(1):
                                    reduced_frag_simtvf_r0[0] = T.max(reduced_frag_simtvf_r0[0], src_frag_simtvf_r0[0])
                                reduced_frag_simtvf_r0[0] = T.call_extern("float32", "tl::AscendAllReduce<tl::MaxOp, 8, 1, 0>::run", reduced_frag_simtvf_r0[0])
                            if simtvf_tx % 8 * 4 + simtvf_tx // 32 == 0:
                                for i in T.unroll(1):
                                    out[bx, simtvf_tx % 32 // 8] = reduced_frag_simtvf_r0[0]
                            if simtvf_tx // 32 == 0 and (simtvf_tx < 128 and simtvf_tx >= 0):
                                for i in T.unroll(1):
                                    src_frag_simtvf_state[simtvf_tx % 32 // 8, simtvf_tx % 8] = src_frag_simtvf_r0[0]
                            if simtvf_tx % 8 * 4 + simtvf_tx // 32 == 0 and (simtvf_tx < 128 and simtvf_tx >= 0):
                                for i in T.unroll(1):
                                    reduced_frag_simtvf_state[simtvf_tx % 32 // 8] = reduced_frag_simtvf_r0[0]

# Metadata omitted. Use show_meta=True in script() method to show it.
---------------------44 After LowerAccessPtr---------------------
 # from tvm.script import ir as I
# from tvm.script import tirx as T

@I.ir_module
class Module:
    @T.prim_func
    def main(lhs_handle: T.handle, rhs_handle: T.handle, out_handle: T.handle):
        T.func_attr({"target": T.target({"host": {"keys": ["cpu"], "kind": "c", "tag": ""}, "keys": ["ascend"], "kind": "ascend", "tag": ""}), "tilelang_out_idx": [-1], "tl.has_tma": T.bool(False)})
        lhs = T.match_buffer(lhs_handle, (8, 4, 8), strides=(32, 8, 1))
        rhs = T.match_buffer(rhs_handle, (8, 4, 8), strides=(32, 8, 1))
        out = T.match_buffer(out_handle, (8, 4), strides=(4, 1))
        with T.sblock("root"):
            T.reads()
            T.writes()
            src_frag_simtvf_r1 = T.Buffer((1,), scope="local")
            reduced_frag_simtvf_r1 = T.Buffer((1,), scope="local")
            src_frag_simtvf_r0 = T.Buffer((1,), scope="local")
            reduced_frag_simtvf_r0 = T.Buffer((1,), scope="local")
            T.sblock_attr({"layout_map": {src_frag_simtvf_r1: metadata["tl.Fragment"][0], reduced_frag_simtvf_r1: metadata["tl.Fragment"][1], src_frag_simtvf_r0: metadata["tl.Fragment"][2], reduced_frag_simtvf_r0: metadata["tl.Fragment"][3]}})
            bx = T.launch_thread("blockIdx.x", 8)
            tx = T.launch_thread("threadIdx.x", 128)
            ty = T.launch_thread("threadIdx.y", 1)
            tz = T.launch_thread("threadIdx.z", 1)
            with T.sblock("tilelang_root"):
                T.reads()
                T.writes()
                T.sblock_attr({"layout_map": {src_frag_simtvf_r1: metadata["tl.Fragment"][0], reduced_frag_simtvf_r1: metadata["tl.Fragment"][1], src_frag_simtvf_r0: metadata["tl.Fragment"][2], reduced_frag_simtvf_r0: metadata["tl.Fragment"][3]}})
                src_frag_simtvf_state = T.sblock_alloc_buffer((4, 8), scope="shared.dyn")
                reduced_frag_simtvf_state = T.sblock_alloc_buffer((4,), scope="shared.dyn")
                with T.sblock("VECTOR", no_realize=True):
                    T.reads()
                    T.writes()
                    __cond_0: T.bool = bx % 2 == 0
                    if __cond_0:
                        with T.sblock("SIMT_VF", no_realize=True):
                            T.reads()
                            T.writes()
                            T.sblock_attr({"layout_map": {src_frag_simtvf_r1: metadata["tl.Fragment"][0], reduced_frag_simtvf_r1: metadata["tl.Fragment"][1], src_frag_simtvf_r0: metadata["tl.Fragment"][2], reduced_frag_simtvf_r0: metadata["tl.Fragment"][3]}, "tl.vf_source_index": T.int64(0)})
                            src_frag_simtvf_r1 = T.sblock_alloc_buffer((1,), data=src_frag_simtvf_r1.data, scope="local")
                            reduced_frag_simtvf_r1 = T.sblock_alloc_buffer((1,), data=reduced_frag_simtvf_r1.data, scope="local")
                            simtvf_tx = T.launch_thread("threadIdx.x", 128)
                            simtvf_ty = T.launch_thread("threadIdx.y", 1)
                            simtvf_tz = T.launch_thread("threadIdx.z", 1)
                            T.attr("simtvf", "tl.simtvf_scope", 1)
                            if simtvf_tx < 128 and simtvf_tx >= 0:
                                for i in T.unroll(1):
                                    src_frag_simtvf_r1[0] = lhs[bx, simtvf_tx % 32 // 8, simtvf_tx % 8]
                            for i in T.unroll(1):
                                reduced_frag_simtvf_r1[0] = T.float32(0.0)
                                for rv in T.unroll(1):
                                    reduced_frag_simtvf_r1[0] = reduced_frag_simtvf_r1[0] + src_frag_simtvf_r1[0]
                                reduced_frag_simtvf_r1[0] = T.call_extern("float32", "tl::AscendAllReduce<tl::SumOp, 8, 1, 0>::run", reduced_frag_simtvf_r1[0])
                            if simtvf_tx % 8 * 4 + simtvf_tx // 32 == 0:
                                for i in T.unroll(1):
                                    out[bx, simtvf_tx % 32 // 8] = reduced_frag_simtvf_r1[0]
                            if simtvf_tx // 32 == 0 and (simtvf_tx < 128 and simtvf_tx >= 0):
                                for i in T.unroll(1):
                                    src_frag_simtvf_state[simtvf_tx % 32 // 8, simtvf_tx % 8] = src_frag_simtvf_r1[0]
                            if simtvf_tx % 8 * 4 + simtvf_tx // 32 == 0 and (simtvf_tx < 128 and simtvf_tx >= 0):
                                for i in T.unroll(1):
                                    reduced_frag_simtvf_state[simtvf_tx % 32 // 8] = reduced_frag_simtvf_r1[0]
                    if not __cond_0:
                        with T.sblock("SIMT_VF", no_realize=True):
                            T.reads()
                            T.writes()
                            T.sblock_attr({"layout_map": {src_frag_simtvf_r1: metadata["tl.Fragment"][0], reduced_frag_simtvf_r1: metadata["tl.Fragment"][1], src_frag_simtvf_r0: metadata["tl.Fragment"][2], reduced_frag_simtvf_r0: metadata["tl.Fragment"][3]}, "tl.vf_source_index": T.int64(1)})
                            src_frag_simtvf_r0 = T.sblock_alloc_buffer((1,), data=src_frag_simtvf_r0.data, scope="local")
                            reduced_frag_simtvf_r0 = T.sblock_alloc_buffer((1,), data=reduced_frag_simtvf_r0.data, scope="local")
                            simtvf_tx = T.launch_thread("threadIdx.x", 128)
                            simtvf_ty = T.launch_thread("threadIdx.y", 1)
                            simtvf_tz = T.launch_thread("threadIdx.z", 1)
                            T.attr("simtvf", "tl.simtvf_scope", 1)
                            if simtvf_tx < 128 and simtvf_tx >= 0:
                                for i in T.unroll(1):
                                    src_frag_simtvf_r0[0] = rhs[bx, simtvf_tx % 32 // 8, simtvf_tx % 8]
                            for i in T.unroll(1):
                                reduced_frag_simtvf_r0[0] = T.float32("-inf")
                                for rv in T.unroll(1):
                                    reduced_frag_simtvf_r0[0] = T.max(reduced_frag_simtvf_r0[0], src_frag_simtvf_r0[0])
                                reduced_frag_simtvf_r0[0] = T.call_extern("float32", "tl::AscendAllReduce<tl::MaxOp, 8, 1, 0>::run", reduced_frag_simtvf_r0[0])
                            if simtvf_tx % 8 * 4 + simtvf_tx // 32 == 0:
                                for i in T.unroll(1):
                                    out[bx, simtvf_tx % 32 // 8] = reduced_frag_simtvf_r0[0]
                            if simtvf_tx // 32 == 0 and (simtvf_tx < 128 and simtvf_tx >= 0):
                                for i in T.unroll(1):
                                    src_frag_simtvf_state[simtvf_tx % 32 // 8, simtvf_tx % 8] = src_frag_simtvf_r0[0]
                            if simtvf_tx % 8 * 4 + simtvf_tx // 32 == 0 and (simtvf_tx < 128 and simtvf_tx >= 0):
                                for i in T.unroll(1):
                                    reduced_frag_simtvf_state[simtvf_tx % 32 // 8] = reduced_frag_simtvf_r0[0]

# Metadata omitted. Use show_meta=True in script() method to show it.
---------------------45 After Simplify---------------------
 # from tvm.script import ir as I
# from tvm.script import tirx as T

@I.ir_module
class Module:
    @T.prim_func
    def main(lhs_handle: T.handle, rhs_handle: T.handle, out_handle: T.handle):
        T.func_attr({"target": T.target({"host": {"keys": ["cpu"], "kind": "c", "tag": ""}, "keys": ["ascend"], "kind": "ascend", "tag": ""}), "tilelang_out_idx": [-1], "tl.has_tma": T.bool(False)})
        lhs = T.match_buffer(lhs_handle, (8, 4, 8), strides=(32, 8, 1))
        rhs = T.match_buffer(rhs_handle, (8, 4, 8), strides=(32, 8, 1))
        out = T.match_buffer(out_handle, (8, 4), strides=(4, 1))
        with T.sblock("root"):
            T.reads()
            T.writes()
            src_frag_simtvf_r1 = T.Buffer((1,), scope="local")
            reduced_frag_simtvf_r1 = T.Buffer((1,), scope="local")
            src_frag_simtvf_r0 = T.Buffer((1,), scope="local")
            reduced_frag_simtvf_r0 = T.Buffer((1,), scope="local")
            T.sblock_attr({"layout_map": {src_frag_simtvf_r1: metadata["tl.Fragment"][0], reduced_frag_simtvf_r1: metadata["tl.Fragment"][1], src_frag_simtvf_r0: metadata["tl.Fragment"][2], reduced_frag_simtvf_r0: metadata["tl.Fragment"][3]}})
            bx = T.launch_thread("blockIdx.x", 8)
            tx = T.launch_thread("threadIdx.x", 128)
            ty = T.launch_thread("threadIdx.y", 1)
            tz = T.launch_thread("threadIdx.z", 1)
            with T.sblock("tilelang_root"):
                T.reads()
                T.writes()
                T.sblock_attr({"layout_map": {src_frag_simtvf_r1: metadata["tl.Fragment"][0], reduced_frag_simtvf_r1: metadata["tl.Fragment"][1], src_frag_simtvf_r0: metadata["tl.Fragment"][2], reduced_frag_simtvf_r0: metadata["tl.Fragment"][3]}})
                src_frag_simtvf_state = T.sblock_alloc_buffer((4, 8), scope="shared.dyn")
                reduced_frag_simtvf_state = T.sblock_alloc_buffer((4,), scope="shared.dyn")
                with T.sblock("VECTOR", no_realize=True):
                    T.reads()
                    T.writes()
                    __cond_0: T.bool = bx % 2 == 0
                    if __cond_0:
                        with T.sblock("SIMT_VF", no_realize=True):
                            T.reads()
                            T.writes()
                            T.sblock_attr({"layout_map": {src_frag_simtvf_r1: metadata["tl.Fragment"][0], reduced_frag_simtvf_r1: metadata["tl.Fragment"][1], src_frag_simtvf_r0: metadata["tl.Fragment"][2], reduced_frag_simtvf_r0: metadata["tl.Fragment"][3]}, "tl.vf_source_index": T.int64(0)})
                            src_frag_simtvf_r1 = T.sblock_alloc_buffer((1,), data=src_frag_simtvf_r1.data, scope="local")
                            reduced_frag_simtvf_r1 = T.sblock_alloc_buffer((1,), data=reduced_frag_simtvf_r1.data, scope="local")
                            simtvf_tx = T.launch_thread("threadIdx.x", 128)
                            simtvf_ty = T.launch_thread("threadIdx.y", 1)
                            simtvf_tz = T.launch_thread("threadIdx.z", 1)
                            T.attr("simtvf", "tl.simtvf_scope", 1)
                            for i in T.unroll(1):
                                src_frag_simtvf_r1[0] = lhs[bx, simtvf_tx % 32 // 8, simtvf_tx % 8]
                            for i in T.unroll(1):
                                reduced_frag_simtvf_r1[0] = T.float32(0.0)
                                for rv in T.unroll(1):
                                    reduced_frag_simtvf_r1[0] = reduced_frag_simtvf_r1[0] + src_frag_simtvf_r1[0]
                                reduced_frag_simtvf_r1[0] = T.call_extern("float32", "tl::AscendAllReduce<tl::SumOp, 8, 1, 0>::run", reduced_frag_simtvf_r1[0])
                            if simtvf_tx % 8 * 4 + simtvf_tx // 32 == 0:
                                for i in T.unroll(1):
                                    out[bx, simtvf_tx % 32 // 8] = reduced_frag_simtvf_r1[0]
                            if simtvf_tx // 32 == 0:
                                for i in T.unroll(1):
                                    src_frag_simtvf_state[simtvf_tx % 32 // 8, simtvf_tx % 8] = src_frag_simtvf_r1[0]
                            if simtvf_tx % 8 * 4 + simtvf_tx // 32 == 0:
                                for i in T.unroll(1):
                                    reduced_frag_simtvf_state[simtvf_tx % 32 // 8] = reduced_frag_simtvf_r1[0]
                    if not __cond_0:
                        with T.sblock("SIMT_VF", no_realize=True):
                            T.reads()
                            T.writes()
                            T.sblock_attr({"layout_map": {src_frag_simtvf_r1: metadata["tl.Fragment"][0], reduced_frag_simtvf_r1: metadata["tl.Fragment"][1], src_frag_simtvf_r0: metadata["tl.Fragment"][2], reduced_frag_simtvf_r0: metadata["tl.Fragment"][3]}, "tl.vf_source_index": T.int64(1)})
                            src_frag_simtvf_r0 = T.sblock_alloc_buffer((1,), data=src_frag_simtvf_r0.data, scope="local")
                            reduced_frag_simtvf_r0 = T.sblock_alloc_buffer((1,), data=reduced_frag_simtvf_r0.data, scope="local")
                            simtvf_tx = T.launch_thread("threadIdx.x", 128)
                            simtvf_ty = T.launch_thread("threadIdx.y", 1)
                            simtvf_tz = T.launch_thread("threadIdx.z", 1)
                            T.attr("simtvf", "tl.simtvf_scope", 1)
                            for i in T.unroll(1):
                                src_frag_simtvf_r0[0] = rhs[bx, simtvf_tx % 32 // 8, simtvf_tx % 8]
                            for i in T.unroll(1):
                                reduced_frag_simtvf_r0[0] = T.float32("-inf")
                                for rv in T.unroll(1):
                                    reduced_frag_simtvf_r0[0] = T.max(reduced_frag_simtvf_r0[0], src_frag_simtvf_r0[0])
                                reduced_frag_simtvf_r0[0] = T.call_extern("float32", "tl::AscendAllReduce<tl::MaxOp, 8, 1, 0>::run", reduced_frag_simtvf_r0[0])
                            if simtvf_tx % 8 * 4 + simtvf_tx // 32 == 0:
                                for i in T.unroll(1):
                                    out[bx, simtvf_tx % 32 // 8] = reduced_frag_simtvf_r0[0]
                            if simtvf_tx // 32 == 0:
                                for i in T.unroll(1):
                                    src_frag_simtvf_state[simtvf_tx % 32 // 8, simtvf_tx % 8] = src_frag_simtvf_r0[0]
                            if simtvf_tx % 8 * 4 + simtvf_tx // 32 == 0:
                                for i in T.unroll(1):
                                    reduced_frag_simtvf_state[simtvf_tx % 32 // 8] = reduced_frag_simtvf_r0[0]

# Metadata omitted. Use show_meta=True in script() method to show it.
---------------------46 After HoistNonRestrictParams---------------------
 # from tvm.script import ir as I
# from tvm.script import tirx as T

@I.ir_module
class Module:
    @T.prim_func
    def main(lhs_handle: T.handle, rhs_handle: T.handle, out_handle: T.handle):
        T.func_attr({"target": T.target({"host": {"keys": ["cpu"], "kind": "c", "tag": ""}, "keys": ["ascend"], "kind": "ascend", "tag": ""}), "tilelang_out_idx": [-1], "tl.has_tma": T.bool(False)})
        lhs = T.match_buffer(lhs_handle, (8, 4, 8), strides=(32, 8, 1))
        rhs = T.match_buffer(rhs_handle, (8, 4, 8), strides=(32, 8, 1))
        out = T.match_buffer(out_handle, (8, 4), strides=(4, 1))
        with T.sblock("root"):
            T.reads()
            T.writes()
            src_frag_simtvf_r1 = T.Buffer((1,), scope="local")
            reduced_frag_simtvf_r1 = T.Buffer((1,), scope="local")
            src_frag_simtvf_r0 = T.Buffer((1,), scope="local")
            reduced_frag_simtvf_r0 = T.Buffer((1,), scope="local")
            T.sblock_attr({"layout_map": {src_frag_simtvf_r1: metadata["tl.Fragment"][0], reduced_frag_simtvf_r1: metadata["tl.Fragment"][1], src_frag_simtvf_r0: metadata["tl.Fragment"][2], reduced_frag_simtvf_r0: metadata["tl.Fragment"][3]}})
            bx = T.launch_thread("blockIdx.x", 8)
            tx = T.launch_thread("threadIdx.x", 128)
            ty = T.launch_thread("threadIdx.y", 1)
            tz = T.launch_thread("threadIdx.z", 1)
            with T.sblock("tilelang_root"):
                T.reads()
                T.writes()
                T.sblock_attr({"layout_map": {src_frag_simtvf_r1: metadata["tl.Fragment"][0], reduced_frag_simtvf_r1: metadata["tl.Fragment"][1], src_frag_simtvf_r0: metadata["tl.Fragment"][2], reduced_frag_simtvf_r0: metadata["tl.Fragment"][3]}})
                src_frag_simtvf_state = T.sblock_alloc_buffer((4, 8), scope="shared.dyn")
                reduced_frag_simtvf_state = T.sblock_alloc_buffer((4,), scope="shared.dyn")
                with T.sblock("VECTOR", no_realize=True):
                    T.reads()
                    T.writes()
                    __cond_0: T.bool = bx % 2 == 0
                    if __cond_0:
                        with T.sblock("SIMT_VF", no_realize=True):
                            T.reads()
                            T.writes()
                            T.sblock_attr({"layout_map": {src_frag_simtvf_r1: metadata["tl.Fragment"][0], reduced_frag_simtvf_r1: metadata["tl.Fragment"][1], src_frag_simtvf_r0: metadata["tl.Fragment"][2], reduced_frag_simtvf_r0: metadata["tl.Fragment"][3]}, "tl.vf_source_index": T.int64(0)})
                            src_frag_simtvf_r1 = T.sblock_alloc_buffer((1,), data=src_frag_simtvf_r1.data, scope="local")
                            reduced_frag_simtvf_r1 = T.sblock_alloc_buffer((1,), data=reduced_frag_simtvf_r1.data, scope="local")
                            simtvf_tx = T.launch_thread("threadIdx.x", 128)
                            simtvf_ty = T.launch_thread("threadIdx.y", 1)
                            simtvf_tz = T.launch_thread("threadIdx.z", 1)
                            T.attr("simtvf", "tl.simtvf_scope", 1)
                            for i in T.unroll(1):
                                src_frag_simtvf_r1[0] = lhs[bx, simtvf_tx % 32 // 8, simtvf_tx % 8]
                            for i in T.unroll(1):
                                reduced_frag_simtvf_r1[0] = T.float32(0.0)
                                for rv in T.unroll(1):
                                    reduced_frag_simtvf_r1[0] = reduced_frag_simtvf_r1[0] + src_frag_simtvf_r1[0]
                                reduced_frag_simtvf_r1[0] = T.call_extern("float32", "tl::AscendAllReduce<tl::SumOp, 8, 1, 0>::run", reduced_frag_simtvf_r1[0])
                            if simtvf_tx % 8 * 4 + simtvf_tx // 32 == 0:
                                for i in T.unroll(1):
                                    out[bx, simtvf_tx % 32 // 8] = reduced_frag_simtvf_r1[0]
                            if simtvf_tx // 32 == 0:
                                for i in T.unroll(1):
                                    src_frag_simtvf_state[simtvf_tx % 32 // 8, simtvf_tx % 8] = src_frag_simtvf_r1[0]
                            if simtvf_tx % 8 * 4 + simtvf_tx // 32 == 0:
                                for i in T.unroll(1):
                                    reduced_frag_simtvf_state[simtvf_tx % 32 // 8] = reduced_frag_simtvf_r1[0]
                    if not __cond_0:
                        with T.sblock("SIMT_VF", no_realize=True):
                            T.reads()
                            T.writes()
                            T.sblock_attr({"layout_map": {src_frag_simtvf_r1: metadata["tl.Fragment"][0], reduced_frag_simtvf_r1: metadata["tl.Fragment"][1], src_frag_simtvf_r0: metadata["tl.Fragment"][2], reduced_frag_simtvf_r0: metadata["tl.Fragment"][3]}, "tl.vf_source_index": T.int64(1)})
                            src_frag_simtvf_r0 = T.sblock_alloc_buffer((1,), data=src_frag_simtvf_r0.data, scope="local")
                            reduced_frag_simtvf_r0 = T.sblock_alloc_buffer((1,), data=reduced_frag_simtvf_r0.data, scope="local")
                            simtvf_tx = T.launch_thread("threadIdx.x", 128)
                            simtvf_ty = T.launch_thread("threadIdx.y", 1)
                            simtvf_tz = T.launch_thread("threadIdx.z", 1)
                            T.attr("simtvf", "tl.simtvf_scope", 1)
                            for i in T.unroll(1):
                                src_frag_simtvf_r0[0] = rhs[bx, simtvf_tx % 32 // 8, simtvf_tx % 8]
                            for i in T.unroll(1):
                                reduced_frag_simtvf_r0[0] = T.float32("-inf")
                                for rv in T.unroll(1):
                                    reduced_frag_simtvf_r0[0] = T.max(reduced_frag_simtvf_r0[0], src_frag_simtvf_r0[0])
                                reduced_frag_simtvf_r0[0] = T.call_extern("float32", "tl::AscendAllReduce<tl::MaxOp, 8, 1, 0>::run", reduced_frag_simtvf_r0[0])
                            if simtvf_tx % 8 * 4 + simtvf_tx // 32 == 0:
                                for i in T.unroll(1):
                                    out[bx, simtvf_tx % 32 // 8] = reduced_frag_simtvf_r0[0]
                            if simtvf_tx // 32 == 0:
                                for i in T.unroll(1):
                                    src_frag_simtvf_state[simtvf_tx % 32 // 8, simtvf_tx % 8] = src_frag_simtvf_r0[0]
                            if simtvf_tx % 8 * 4 + simtvf_tx // 32 == 0:
                                for i in T.unroll(1):
                                    reduced_frag_simtvf_state[simtvf_tx % 32 // 8] = reduced_frag_simtvf_r0[0]

# Metadata omitted. Use show_meta=True in script() method to show it.
---------------------47 After HoistGlobalBufferAllocations---------------------
 # from tvm.script import ir as I
# from tvm.script import tirx as T

@I.ir_module
class Module:
    @T.prim_func
    def main(lhs_handle: T.handle, rhs_handle: T.handle, out_handle: T.handle):
        T.func_attr({"target": T.target({"host": {"keys": ["cpu"], "kind": "c", "tag": ""}, "keys": ["ascend"], "kind": "ascend", "tag": ""}), "tilelang_out_idx": [-1], "tl.has_tma": T.bool(False)})
        lhs = T.match_buffer(lhs_handle, (8, 4, 8), strides=(32, 8, 1))
        rhs = T.match_buffer(rhs_handle, (8, 4, 8), strides=(32, 8, 1))
        out = T.match_buffer(out_handle, (8, 4), strides=(4, 1))
        with T.sblock("root"):
            T.reads()
            T.writes()
            src_frag_simtvf_r1 = T.Buffer((1,), scope="local")
            reduced_frag_simtvf_r1 = T.Buffer((1,), scope="local")
            src_frag_simtvf_r0 = T.Buffer((1,), scope="local")
            reduced_frag_simtvf_r0 = T.Buffer((1,), scope="local")
            T.sblock_attr({"layout_map": {src_frag_simtvf_r1: metadata["tl.Fragment"][0], reduced_frag_simtvf_r1: metadata["tl.Fragment"][1], src_frag_simtvf_r0: metadata["tl.Fragment"][2], reduced_frag_simtvf_r0: metadata["tl.Fragment"][3]}})
            bx = T.launch_thread("blockIdx.x", 8)
            tx = T.launch_thread("threadIdx.x", 128)
            ty = T.launch_thread("threadIdx.y", 1)
            tz = T.launch_thread("threadIdx.z", 1)
            with T.sblock("tilelang_root"):
                T.reads()
                T.writes()
                T.sblock_attr({"layout_map": {src_frag_simtvf_r1: metadata["tl.Fragment"][0], reduced_frag_simtvf_r1: metadata["tl.Fragment"][1], src_frag_simtvf_r0: metadata["tl.Fragment"][2], reduced_frag_simtvf_r0: metadata["tl.Fragment"][3]}})
                src_frag_simtvf_state = T.sblock_alloc_buffer((4, 8), scope="shared.dyn")
                reduced_frag_simtvf_state = T.sblock_alloc_buffer((4,), scope="shared.dyn")
                with T.sblock("VECTOR", no_realize=True):
                    T.reads()
                    T.writes()
                    __cond_0: T.bool = bx % 2 == 0
                    if __cond_0:
                        with T.sblock("SIMT_VF", no_realize=True):
                            T.reads()
                            T.writes()
                            T.sblock_attr({"layout_map": {src_frag_simtvf_r1: metadata["tl.Fragment"][0], reduced_frag_simtvf_r1: metadata["tl.Fragment"][1], src_frag_simtvf_r0: metadata["tl.Fragment"][2], reduced_frag_simtvf_r0: metadata["tl.Fragment"][3]}, "tl.vf_source_index": T.int64(0)})
                            src_frag_simtvf_r1 = T.sblock_alloc_buffer((1,), data=src_frag_simtvf_r1.data, scope="local")
                            reduced_frag_simtvf_r1 = T.sblock_alloc_buffer((1,), data=reduced_frag_simtvf_r1.data, scope="local")
                            simtvf_tx = T.launch_thread("threadIdx.x", 128)
                            simtvf_ty = T.launch_thread("threadIdx.y", 1)
                            simtvf_tz = T.launch_thread("threadIdx.z", 1)
                            T.attr("simtvf", "tl.simtvf_scope", 1)
                            for i in T.unroll(1):
                                src_frag_simtvf_r1[0] = lhs[bx, simtvf_tx % 32 // 8, simtvf_tx % 8]
                            for i in T.unroll(1):
                                reduced_frag_simtvf_r1[0] = T.float32(0.0)
                                for rv in T.unroll(1):
                                    reduced_frag_simtvf_r1[0] = reduced_frag_simtvf_r1[0] + src_frag_simtvf_r1[0]
                                reduced_frag_simtvf_r1[0] = T.call_extern("float32", "tl::AscendAllReduce<tl::SumOp, 8, 1, 0>::run", reduced_frag_simtvf_r1[0])
                            if simtvf_tx % 8 * 4 + simtvf_tx // 32 == 0:
                                for i in T.unroll(1):
                                    out[bx, simtvf_tx % 32 // 8] = reduced_frag_simtvf_r1[0]
                            if simtvf_tx // 32 == 0:
                                for i in T.unroll(1):
                                    src_frag_simtvf_state[simtvf_tx % 32 // 8, simtvf_tx % 8] = src_frag_simtvf_r1[0]
                            if simtvf_tx % 8 * 4 + simtvf_tx // 32 == 0:
                                for i in T.unroll(1):
                                    reduced_frag_simtvf_state[simtvf_tx % 32 // 8] = reduced_frag_simtvf_r1[0]
                    if not __cond_0:
                        with T.sblock("SIMT_VF", no_realize=True):
                            T.reads()
                            T.writes()
                            T.sblock_attr({"layout_map": {src_frag_simtvf_r1: metadata["tl.Fragment"][0], reduced_frag_simtvf_r1: metadata["tl.Fragment"][1], src_frag_simtvf_r0: metadata["tl.Fragment"][2], reduced_frag_simtvf_r0: metadata["tl.Fragment"][3]}, "tl.vf_source_index": T.int64(1)})
                            src_frag_simtvf_r0 = T.sblock_alloc_buffer((1,), data=src_frag_simtvf_r0.data, scope="local")
                            reduced_frag_simtvf_r0 = T.sblock_alloc_buffer((1,), data=reduced_frag_simtvf_r0.data, scope="local")
                            simtvf_tx = T.launch_thread("threadIdx.x", 128)
                            simtvf_ty = T.launch_thread("threadIdx.y", 1)
                            simtvf_tz = T.launch_thread("threadIdx.z", 1)
                            T.attr("simtvf", "tl.simtvf_scope", 1)
                            for i in T.unroll(1):
                                src_frag_simtvf_r0[0] = rhs[bx, simtvf_tx % 32 // 8, simtvf_tx % 8]
                            for i in T.unroll(1):
                                reduced_frag_simtvf_r0[0] = T.float32("-inf")
                                for rv in T.unroll(1):
                                    reduced_frag_simtvf_r0[0] = T.max(reduced_frag_simtvf_r0[0], src_frag_simtvf_r0[0])
                                reduced_frag_simtvf_r0[0] = T.call_extern("float32", "tl::AscendAllReduce<tl::MaxOp, 8, 1, 0>::run", reduced_frag_simtvf_r0[0])
                            if simtvf_tx % 8 * 4 + simtvf_tx // 32 == 0:
                                for i in T.unroll(1):
                                    out[bx, simtvf_tx % 32 // 8] = reduced_frag_simtvf_r0[0]
                            if simtvf_tx // 32 == 0:
                                for i in T.unroll(1):
                                    src_frag_simtvf_state[simtvf_tx % 32 // 8, simtvf_tx % 8] = src_frag_simtvf_r0[0]
                            if simtvf_tx % 8 * 4 + simtvf_tx // 32 == 0:
                                for i in T.unroll(1):
                                    reduced_frag_simtvf_state[simtvf_tx % 32 // 8] = reduced_frag_simtvf_r0[0]

# Metadata omitted. Use show_meta=True in script() method to show it.
---------------------48 After LowerOpaqueBlock---------------------
 # from tvm.script import ir as I
# from tvm.script import tirx as T

@I.ir_module
class Module:
    @T.prim_func
    def main(lhs_handle: T.handle, rhs_handle: T.handle, out_handle: T.handle):
        T.func_attr({"target": T.target({"host": {"keys": ["cpu"], "kind": "c", "tag": ""}, "keys": ["ascend"], "kind": "ascend", "tag": ""}), "tilelang_out_idx": [-1], "tl.has_tma": T.bool(False)})
        lhs = T.match_buffer(lhs_handle, (8, 4, 8), strides=(32, 8, 1))
        rhs = T.match_buffer(rhs_handle, (8, 4, 8), strides=(32, 8, 1))
        out = T.match_buffer(out_handle, (8, 4), strides=(4, 1))
        bx = T.launch_thread("blockIdx.x", 8)
        tx = T.launch_thread("threadIdx.x", 128)
        ty = T.launch_thread("threadIdx.y", 1)
        tz = T.launch_thread("threadIdx.z", 1)
        src_frag_simtvf_state = T.alloc_buffer((4, 8), scope="shared.dyn")
        src_frag_simtvf_state_1 = T.decl_buffer((4, 8), data=src_frag_simtvf_state.data, scope="shared.dyn")
        reduced_frag_simtvf_state = T.alloc_buffer((4,), scope="shared.dyn")
        reduced_frag_simtvf_state_1 = T.decl_buffer((4,), data=reduced_frag_simtvf_state.data, scope="shared.dyn")
        with T.sblock("VECTOR", no_realize=True):
            T.reads()
            T.writes()
            __cond_0: T.bool = bx % 2 == 0
            src_frag_simtvf_r0 = T.Buffer((1,), scope="local")
            reduced_frag_simtvf_r0 = T.Buffer((1,), scope="local")
            if __cond_0:
                src_frag_simtvf_r1 = T.Buffer((1,), scope="local")
                reduced_frag_simtvf_r1 = T.Buffer((1,), scope="local")
                with T.sblock("SIMT_VF", no_realize=True):
                    T.reads()
                    T.writes()
                    T.sblock_attr({"layout_map": {src_frag_simtvf_r1: metadata["tl.Fragment"][0], reduced_frag_simtvf_r1: metadata["tl.Fragment"][1], src_frag_simtvf_r0: metadata["tl.Fragment"][2], reduced_frag_simtvf_r0: metadata["tl.Fragment"][3]}, "tl.vf_source_index": T.int64(0)})
                    src_frag_simtvf_r1_1 = T.alloc_buffer((1,), scope="local")
                    src_frag_simtvf_r1 = T.decl_buffer((1,), data=src_frag_simtvf_r1.data, scope="local")
                    reduced_frag_simtvf_r1_1 = T.alloc_buffer((1,), scope="local")
                    reduced_frag_simtvf_r1 = T.decl_buffer((1,), data=reduced_frag_simtvf_r1.data, scope="local")
                    simtvf_tx = T.launch_thread("threadIdx.x", 128)
                    simtvf_ty = T.launch_thread("threadIdx.y", 1)
                    simtvf_tz = T.launch_thread("threadIdx.z", 1)
                    T.attr("simtvf", "tl.simtvf_scope", 1)
                    src_frag_simtvf_r1[0] = lhs[bx, simtvf_tx % 32 // 8, simtvf_tx % 8]
                    reduced_frag_simtvf_r1[0] = T.float32(0.0)
                    reduced_frag_simtvf_r1[0] = reduced_frag_simtvf_r1[0] + src_frag_simtvf_r1[0]
                    reduced_frag_simtvf_r1[0] = T.call_extern("float32", "tl::AscendAllReduce<tl::SumOp, 8, 1, 0>::run", reduced_frag_simtvf_r1[0])
                    if simtvf_tx % 8 * 4 + simtvf_tx // 32 == 0:
                        out[bx, simtvf_tx % 32 // 8] = reduced_frag_simtvf_r1[0]
                    if simtvf_tx // 32 == 0:
                        src_frag_simtvf_state_1[simtvf_tx % 32 // 8, simtvf_tx % 8] = src_frag_simtvf_r1[0]
                    if simtvf_tx % 8 * 4 + simtvf_tx // 32 == 0:
                        reduced_frag_simtvf_state_1[simtvf_tx % 32 // 8] = reduced_frag_simtvf_r1[0]
            src_frag_simtvf_r1 = T.Buffer((1,), scope="local")
            reduced_frag_simtvf_r1 = T.Buffer((1,), scope="local")
            if not __cond_0:
                with T.sblock("SIMT_VF", no_realize=True):
                    T.reads()
                    T.writes()
                    T.sblock_attr({"layout_map": {src_frag_simtvf_r1: metadata["tl.Fragment"][0], reduced_frag_simtvf_r1: metadata["tl.Fragment"][1], src_frag_simtvf_r0: metadata["tl.Fragment"][2], reduced_frag_simtvf_r0: metadata["tl.Fragment"][3]}, "tl.vf_source_index": T.int64(1)})
                    src_frag_simtvf_r0_1 = T.alloc_buffer((1,), scope="local")
                    src_frag_simtvf_r0 = T.decl_buffer((1,), data=src_frag_simtvf_r0.data, scope="local")
                    reduced_frag_simtvf_r0_1 = T.alloc_buffer((1,), scope="local")
                    reduced_frag_simtvf_r0 = T.decl_buffer((1,), data=reduced_frag_simtvf_r0.data, scope="local")
                    simtvf_tx = T.launch_thread("threadIdx.x", 128)
                    simtvf_ty = T.launch_thread("threadIdx.y", 1)
                    simtvf_tz = T.launch_thread("threadIdx.z", 1)
                    T.attr("simtvf", "tl.simtvf_scope", 1)
                    src_frag_simtvf_r0[0] = rhs[bx, simtvf_tx % 32 // 8, simtvf_tx % 8]
                    reduced_frag_simtvf_r0[0] = T.float32("-inf")
                    reduced_frag_simtvf_r0[0] = T.max(reduced_frag_simtvf_r0[0], src_frag_simtvf_r0[0])
                    reduced_frag_simtvf_r0[0] = T.call_extern("float32", "tl::AscendAllReduce<tl::MaxOp, 8, 1, 0>::run", reduced_frag_simtvf_r0[0])
                    if simtvf_tx % 8 * 4 + simtvf_tx // 32 == 0:
                        out[bx, simtvf_tx % 32 // 8] = reduced_frag_simtvf_r0[0]
                    if simtvf_tx // 32 == 0:
                        src_frag_simtvf_state_1[simtvf_tx % 32 // 8, simtvf_tx % 8] = src_frag_simtvf_r0[0]
                    if simtvf_tx % 8 * 4 + simtvf_tx // 32 == 0:
                        reduced_frag_simtvf_state_1[simtvf_tx % 32 // 8] = reduced_frag_simtvf_r0[0]

# Metadata omitted. Use show_meta=True in script() method to show it.
---------------------49 After Simplify---------------------
 # from tvm.script import ir as I
# from tvm.script import tirx as T

@I.ir_module
class Module:
    @T.prim_func
    def main(lhs_handle: T.handle, rhs_handle: T.handle, out_handle: T.handle):
        T.func_attr({"target": T.target({"host": {"keys": ["cpu"], "kind": "c", "tag": ""}, "keys": ["ascend"], "kind": "ascend", "tag": ""}), "tilelang_out_idx": [-1], "tl.has_tma": T.bool(False)})
        lhs = T.match_buffer(lhs_handle, (8, 4, 8), strides=(32, 8, 1))
        rhs = T.match_buffer(rhs_handle, (8, 4, 8), strides=(32, 8, 1))
        out = T.match_buffer(out_handle, (8, 4), strides=(4, 1))
        bx = T.launch_thread("blockIdx.x", 8)
        tx = T.launch_thread("threadIdx.x", 128)
        ty = T.launch_thread("threadIdx.y", 1)
        tz = T.launch_thread("threadIdx.z", 1)
        src_frag_simtvf_state = T.alloc_buffer((4, 8), scope="shared.dyn")
        src_frag_simtvf_state_1 = T.decl_buffer((4, 8), data=src_frag_simtvf_state.data, scope="shared.dyn")
        reduced_frag_simtvf_state = T.alloc_buffer((4,), scope="shared.dyn")
        reduced_frag_simtvf_state_1 = T.decl_buffer((4,), data=reduced_frag_simtvf_state.data, scope="shared.dyn")
        with T.sblock("VECTOR", no_realize=True):
            T.reads()
            T.writes()
            __cond_0: T.bool = bx % 2 == 0
            src_frag_simtvf_r0 = T.Buffer((1,), scope="local")
            reduced_frag_simtvf_r0 = T.Buffer((1,), scope="local")
            if __cond_0:
                src_frag_simtvf_r1 = T.Buffer((1,), scope="local")
                reduced_frag_simtvf_r1 = T.Buffer((1,), scope="local")
                with T.sblock("SIMT_VF", no_realize=True):
                    T.reads()
                    T.writes()
                    T.sblock_attr({"layout_map": {src_frag_simtvf_r1: metadata["tl.Fragment"][0], reduced_frag_simtvf_r1: metadata["tl.Fragment"][1], src_frag_simtvf_r0: metadata["tl.Fragment"][2], reduced_frag_simtvf_r0: metadata["tl.Fragment"][3]}, "tl.vf_source_index": T.int64(0)})
                    src_frag_simtvf_r1_1 = T.alloc_buffer((1,), scope="local")
                    src_frag_simtvf_r1 = T.decl_buffer((1,), data=src_frag_simtvf_r1.data, scope="local")
                    reduced_frag_simtvf_r1_1 = T.alloc_buffer((1,), scope="local")
                    reduced_frag_simtvf_r1 = T.decl_buffer((1,), data=reduced_frag_simtvf_r1.data, scope="local")
                    simtvf_tx = T.launch_thread("threadIdx.x", 128)
                    simtvf_ty = T.launch_thread("threadIdx.y", 1)
                    simtvf_tz = T.launch_thread("threadIdx.z", 1)
                    T.attr("simtvf", "tl.simtvf_scope", 1)
                    src_frag_simtvf_r1[0] = lhs[bx, simtvf_tx % 32 // 8, simtvf_tx % 8]
                    reduced_frag_simtvf_r1[0] = T.float32(0.0)
                    reduced_frag_simtvf_r1[0] = reduced_frag_simtvf_r1[0] + src_frag_simtvf_r1[0]
                    reduced_frag_simtvf_r1[0] = T.call_extern("float32", "tl::AscendAllReduce<tl::SumOp, 8, 1, 0>::run", reduced_frag_simtvf_r1[0])
                    if simtvf_tx % 8 * 4 + simtvf_tx // 32 == 0:
                        out[bx, simtvf_tx % 32 // 8] = reduced_frag_simtvf_r1[0]
                    if simtvf_tx // 32 == 0:
                        src_frag_simtvf_state_1[simtvf_tx % 32 // 8, simtvf_tx % 8] = src_frag_simtvf_r1[0]
                    if simtvf_tx % 8 * 4 + simtvf_tx // 32 == 0:
                        reduced_frag_simtvf_state_1[simtvf_tx % 32 // 8] = reduced_frag_simtvf_r1[0]
            src_frag_simtvf_r1 = T.Buffer((1,), scope="local")
            reduced_frag_simtvf_r1 = T.Buffer((1,), scope="local")
            if not __cond_0:
                with T.sblock("SIMT_VF", no_realize=True):
                    T.reads()
                    T.writes()
                    T.sblock_attr({"layout_map": {src_frag_simtvf_r1: metadata["tl.Fragment"][0], reduced_frag_simtvf_r1: metadata["tl.Fragment"][1], src_frag_simtvf_r0: metadata["tl.Fragment"][2], reduced_frag_simtvf_r0: metadata["tl.Fragment"][3]}, "tl.vf_source_index": T.int64(1)})
                    src_frag_simtvf_r0_1 = T.alloc_buffer((1,), scope="local")
                    src_frag_simtvf_r0 = T.decl_buffer((1,), data=src_frag_simtvf_r0.data, scope="local")
                    reduced_frag_simtvf_r0_1 = T.alloc_buffer((1,), scope="local")
                    reduced_frag_simtvf_r0 = T.decl_buffer((1,), data=reduced_frag_simtvf_r0.data, scope="local")
                    simtvf_tx = T.launch_thread("threadIdx.x", 128)
                    simtvf_ty = T.launch_thread("threadIdx.y", 1)
                    simtvf_tz = T.launch_thread("threadIdx.z", 1)
                    T.attr("simtvf", "tl.simtvf_scope", 1)
                    src_frag_simtvf_r0[0] = rhs[bx, simtvf_tx % 32 // 8, simtvf_tx % 8]
                    reduced_frag_simtvf_r0[0] = T.float32("-inf")
                    reduced_frag_simtvf_r0[0] = T.max(reduced_frag_simtvf_r0[0], src_frag_simtvf_r0[0])
                    reduced_frag_simtvf_r0[0] = T.call_extern("float32", "tl::AscendAllReduce<tl::MaxOp, 8, 1, 0>::run", reduced_frag_simtvf_r0[0])
                    if simtvf_tx % 8 * 4 + simtvf_tx // 32 == 0:
                        out[bx, simtvf_tx % 32 // 8] = reduced_frag_simtvf_r0[0]
                    if simtvf_tx // 32 == 0:
                        src_frag_simtvf_state_1[simtvf_tx % 32 // 8, simtvf_tx % 8] = src_frag_simtvf_r0[0]
                    if simtvf_tx % 8 * 4 + simtvf_tx // 32 == 0:
                        reduced_frag_simtvf_state_1[simtvf_tx % 32 // 8] = reduced_frag_simtvf_r0[0]

# Metadata omitted. Use show_meta=True in script() method to show it.
---------------------50 After RewriteAscendBufferVersionLayout---------------------
 # from tvm.script import ir as I
# from tvm.script import tirx as T

@I.ir_module
class Module:
    @T.prim_func
    def main(lhs_handle: T.handle, rhs_handle: T.handle, out_handle: T.handle):
        T.func_attr({"target": T.target({"host": {"keys": ["cpu"], "kind": "c", "tag": ""}, "keys": ["ascend"], "kind": "ascend", "tag": ""}), "tilelang_out_idx": [-1], "tl.has_tma": T.bool(False)})
        lhs = T.match_buffer(lhs_handle, (8, 4, 8), strides=(32, 8, 1))
        rhs = T.match_buffer(rhs_handle, (8, 4, 8), strides=(32, 8, 1))
        out = T.match_buffer(out_handle, (8, 4), strides=(4, 1))
        bx = T.launch_thread("blockIdx.x", 8)
        tx = T.launch_thread("threadIdx.x", 128)
        ty = T.launch_thread("threadIdx.y", 1)
        tz = T.launch_thread("threadIdx.z", 1)
        src_frag_simtvf_state = T.alloc_buffer((4, 8), scope="shared.dyn")
        src_frag_simtvf_state_1 = T.decl_buffer((4, 8), data=src_frag_simtvf_state.data, scope="shared.dyn")
        reduced_frag_simtvf_state = T.alloc_buffer((4,), scope="shared.dyn")
        reduced_frag_simtvf_state_1 = T.decl_buffer((4,), data=reduced_frag_simtvf_state.data, scope="shared.dyn")
        with T.sblock("VECTOR", no_realize=True):
            T.reads()
            T.writes()
            __cond_0: T.bool = bx % 2 == 0
            src_frag_simtvf_r0 = T.Buffer((1,), scope="local")
            reduced_frag_simtvf_r0 = T.Buffer((1,), scope="local")
            if __cond_0:
                src_frag_simtvf_r1 = T.Buffer((1,), scope="local")
                reduced_frag_simtvf_r1 = T.Buffer((1,), scope="local")
                with T.sblock("SIMT_VF", no_realize=True):
                    T.reads()
                    T.writes()
                    T.sblock_attr({"layout_map": {src_frag_simtvf_r1: metadata["tl.Fragment"][0], reduced_frag_simtvf_r1: metadata["tl.Fragment"][1], src_frag_simtvf_r0: metadata["tl.Fragment"][2], reduced_frag_simtvf_r0: metadata["tl.Fragment"][3]}, "tl.vf_source_index": T.int64(0)})
                    src_frag_simtvf_r1_1 = T.alloc_buffer((1,), scope="local")
                    src_frag_simtvf_r1 = T.decl_buffer((1,), data=src_frag_simtvf_r1.data, scope="local")
                    reduced_frag_simtvf_r1_1 = T.alloc_buffer((1,), scope="local")
                    reduced_frag_simtvf_r1 = T.decl_buffer((1,), data=reduced_frag_simtvf_r1.data, scope="local")
                    simtvf_tx = T.launch_thread("threadIdx.x", 128)
                    simtvf_ty = T.launch_thread("threadIdx.y", 1)
                    simtvf_tz = T.launch_thread("threadIdx.z", 1)
                    T.attr("simtvf", "tl.simtvf_scope", 1)
                    src_frag_simtvf_r1[0] = lhs[bx, simtvf_tx % 32 // 8, simtvf_tx % 8]
                    reduced_frag_simtvf_r1[0] = T.float32(0.0)
                    reduced_frag_simtvf_r1[0] = reduced_frag_simtvf_r1[0] + src_frag_simtvf_r1[0]
                    reduced_frag_simtvf_r1[0] = T.call_extern("float32", "tl::AscendAllReduce<tl::SumOp, 8, 1, 0>::run", reduced_frag_simtvf_r1[0])
                    if simtvf_tx % 8 * 4 + simtvf_tx // 32 == 0:
                        out[bx, simtvf_tx % 32 // 8] = reduced_frag_simtvf_r1[0]
                    if simtvf_tx // 32 == 0:
                        src_frag_simtvf_state_1[simtvf_tx % 32 // 8, simtvf_tx % 8] = src_frag_simtvf_r1[0]
                    if simtvf_tx % 8 * 4 + simtvf_tx // 32 == 0:
                        reduced_frag_simtvf_state_1[simtvf_tx % 32 // 8] = reduced_frag_simtvf_r1[0]
            src_frag_simtvf_r1 = T.Buffer((1,), scope="local")
            reduced_frag_simtvf_r1 = T.Buffer((1,), scope="local")
            if not __cond_0:
                with T.sblock("SIMT_VF", no_realize=True):
                    T.reads()
                    T.writes()
                    T.sblock_attr({"layout_map": {src_frag_simtvf_r1: metadata["tl.Fragment"][0], reduced_frag_simtvf_r1: metadata["tl.Fragment"][1], src_frag_simtvf_r0: metadata["tl.Fragment"][2], reduced_frag_simtvf_r0: metadata["tl.Fragment"][3]}, "tl.vf_source_index": T.int64(1)})
                    src_frag_simtvf_r0_1 = T.alloc_buffer((1,), scope="local")
                    src_frag_simtvf_r0 = T.decl_buffer((1,), data=src_frag_simtvf_r0.data, scope="local")
                    reduced_frag_simtvf_r0_1 = T.alloc_buffer((1,), scope="local")
                    reduced_frag_simtvf_r0 = T.decl_buffer((1,), data=reduced_frag_simtvf_r0.data, scope="local")
                    simtvf_tx = T.launch_thread("threadIdx.x", 128)
                    simtvf_ty = T.launch_thread("threadIdx.y", 1)
                    simtvf_tz = T.launch_thread("threadIdx.z", 1)
                    T.attr("simtvf", "tl.simtvf_scope", 1)
                    src_frag_simtvf_r0[0] = rhs[bx, simtvf_tx % 32 // 8, simtvf_tx % 8]
                    reduced_frag_simtvf_r0[0] = T.float32("-inf")
                    reduced_frag_simtvf_r0[0] = T.max(reduced_frag_simtvf_r0[0], src_frag_simtvf_r0[0])
                    reduced_frag_simtvf_r0[0] = T.call_extern("float32", "tl::AscendAllReduce<tl::MaxOp, 8, 1, 0>::run", reduced_frag_simtvf_r0[0])
                    if simtvf_tx % 8 * 4 + simtvf_tx // 32 == 0:
                        out[bx, simtvf_tx % 32 // 8] = reduced_frag_simtvf_r0[0]
                    if simtvf_tx // 32 == 0:
                        src_frag_simtvf_state_1[simtvf_tx % 32 // 8, simtvf_tx % 8] = src_frag_simtvf_r0[0]
                    if simtvf_tx % 8 * 4 + simtvf_tx // 32 == 0:
                        reduced_frag_simtvf_state_1[simtvf_tx % 32 // 8] = reduced_frag_simtvf_r0[0]

# Metadata omitted. Use show_meta=True in script() method to show it.
---------------------51 After NarrowDataType---------------------
 # from tvm.script import ir as I
# from tvm.script import tirx as T

@I.ir_module
class Module:
    @T.prim_func
    def main(lhs_handle: T.handle, rhs_handle: T.handle, out_handle: T.handle):
        T.func_attr({"target": T.target({"host": {"keys": ["cpu"], "kind": "c", "tag": ""}, "keys": ["ascend"], "kind": "ascend", "tag": ""}), "tilelang_out_idx": [-1], "tl.has_tma": T.bool(False)})
        lhs = T.match_buffer(lhs_handle, (8, 4, 8), strides=(32, 8, 1))
        rhs = T.match_buffer(rhs_handle, (8, 4, 8), strides=(32, 8, 1))
        out = T.match_buffer(out_handle, (8, 4), strides=(4, 1))
        bx = T.launch_thread("blockIdx.x", 8)
        tx = T.launch_thread("threadIdx.x", 128)
        ty = T.launch_thread("threadIdx.y", 1)
        tz = T.launch_thread("threadIdx.z", 1)
        src_frag_simtvf_state = T.alloc_buffer((4, 8), scope="shared.dyn")
        src_frag_simtvf_state_1 = T.decl_buffer((4, 8), data=src_frag_simtvf_state.data, scope="shared.dyn")
        reduced_frag_simtvf_state = T.alloc_buffer((4,), scope="shared.dyn")
        reduced_frag_simtvf_state_1 = T.decl_buffer((4,), data=reduced_frag_simtvf_state.data, scope="shared.dyn")
        with T.sblock("VECTOR", no_realize=True):
            T.reads()
            T.writes()
            __cond_0: T.bool = bx % 2 == 0
            src_frag_simtvf_r0 = T.Buffer((1,), scope="local")
            reduced_frag_simtvf_r0 = T.Buffer((1,), scope="local")
            if __cond_0:
                src_frag_simtvf_r1 = T.Buffer((1,), scope="local")
                reduced_frag_simtvf_r1 = T.Buffer((1,), scope="local")
                with T.sblock("SIMT_VF", no_realize=True):
                    T.reads()
                    T.writes()
                    T.sblock_attr({"layout_map": {src_frag_simtvf_r1: metadata["tl.Fragment"][0], reduced_frag_simtvf_r1: metadata["tl.Fragment"][1], src_frag_simtvf_r0: metadata["tl.Fragment"][2], reduced_frag_simtvf_r0: metadata["tl.Fragment"][3]}, "tl.vf_source_index": T.int64(0)})
                    src_frag_simtvf_r1_1 = T.alloc_buffer((1,), scope="local")
                    src_frag_simtvf_r1 = T.decl_buffer((1,), data=src_frag_simtvf_r1.data, scope="local")
                    reduced_frag_simtvf_r1_1 = T.alloc_buffer((1,), scope="local")
                    reduced_frag_simtvf_r1 = T.decl_buffer((1,), data=reduced_frag_simtvf_r1.data, scope="local")
                    simtvf_tx = T.launch_thread("threadIdx.x", 128)
                    simtvf_ty = T.launch_thread("threadIdx.y", 1)
                    simtvf_tz = T.launch_thread("threadIdx.z", 1)
                    T.attr("simtvf", "tl.simtvf_scope", 1)
                    src_frag_simtvf_r1[0] = lhs[bx, simtvf_tx % 32 // 8, simtvf_tx % 8]
                    reduced_frag_simtvf_r1[0] = T.float32(0.0)
                    reduced_frag_simtvf_r1[0] = reduced_frag_simtvf_r1[0] + src_frag_simtvf_r1[0]
                    reduced_frag_simtvf_r1[0] = T.call_extern("float32", "tl::AscendAllReduce<tl::SumOp, 8, 1, 0>::run", reduced_frag_simtvf_r1[0])
                    if simtvf_tx % 8 * 4 + simtvf_tx // 32 == 0:
                        out[bx, simtvf_tx % 32 // 8] = reduced_frag_simtvf_r1[0]
                    if simtvf_tx // 32 == 0:
                        src_frag_simtvf_state_1[simtvf_tx % 32 // 8, simtvf_tx % 8] = src_frag_simtvf_r1[0]
                    if simtvf_tx % 8 * 4 + simtvf_tx // 32 == 0:
                        reduced_frag_simtvf_state_1[simtvf_tx % 32 // 8] = reduced_frag_simtvf_r1[0]
            src_frag_simtvf_r1 = T.Buffer((1,), scope="local")
            reduced_frag_simtvf_r1 = T.Buffer((1,), scope="local")
            if not __cond_0:
                with T.sblock("SIMT_VF", no_realize=True):
                    T.reads()
                    T.writes()
                    T.sblock_attr({"layout_map": {src_frag_simtvf_r1: metadata["tl.Fragment"][0], reduced_frag_simtvf_r1: metadata["tl.Fragment"][1], src_frag_simtvf_r0: metadata["tl.Fragment"][2], reduced_frag_simtvf_r0: metadata["tl.Fragment"][3]}, "tl.vf_source_index": T.int64(1)})
                    src_frag_simtvf_r0_1 = T.alloc_buffer((1,), scope="local")
                    src_frag_simtvf_r0 = T.decl_buffer((1,), data=src_frag_simtvf_r0.data, scope="local")
                    reduced_frag_simtvf_r0_1 = T.alloc_buffer((1,), scope="local")
                    reduced_frag_simtvf_r0 = T.decl_buffer((1,), data=reduced_frag_simtvf_r0.data, scope="local")
                    simtvf_tx = T.launch_thread("threadIdx.x", 128)
                    simtvf_ty = T.launch_thread("threadIdx.y", 1)
                    simtvf_tz = T.launch_thread("threadIdx.z", 1)
                    T.attr("simtvf", "tl.simtvf_scope", 1)
                    src_frag_simtvf_r0[0] = rhs[bx, simtvf_tx % 32 // 8, simtvf_tx % 8]
                    reduced_frag_simtvf_r0[0] = T.float32("-inf")
                    reduced_frag_simtvf_r0[0] = T.max(reduced_frag_simtvf_r0[0], src_frag_simtvf_r0[0])
                    reduced_frag_simtvf_r0[0] = T.call_extern("float32", "tl::AscendAllReduce<tl::MaxOp, 8, 1, 0>::run", reduced_frag_simtvf_r0[0])
                    if simtvf_tx % 8 * 4 + simtvf_tx // 32 == 0:
                        out[bx, simtvf_tx % 32 // 8] = reduced_frag_simtvf_r0[0]
                    if simtvf_tx // 32 == 0:
                        src_frag_simtvf_state_1[simtvf_tx % 32 // 8, simtvf_tx % 8] = src_frag_simtvf_r0[0]
                    if simtvf_tx % 8 * 4 + simtvf_tx // 32 == 0:
                        reduced_frag_simtvf_state_1[simtvf_tx % 32 // 8] = reduced_frag_simtvf_r0[0]

# Metadata omitted. Use show_meta=True in script() method to show it.
---------------------52 After FlattenBuffer---------------------
 # from tvm.script import ir as I
# from tvm.script import tirx as T

@I.ir_module
class Module:
    @T.prim_func
    def main(lhs_handle: T.handle, rhs_handle: T.handle, out_handle: T.handle):
        T.func_attr({"target": T.target({"host": {"keys": ["cpu"], "kind": "c", "tag": ""}, "keys": ["ascend"], "kind": "ascend", "tag": ""}), "tilelang_out_idx": [-1], "tl.has_tma": T.bool(False)})
        lhs = T.match_buffer(lhs_handle, (8, 4, 8), strides=(32, 8, 1))
        rhs = T.match_buffer(rhs_handle, (8, 4, 8), strides=(32, 8, 1))
        out = T.match_buffer(out_handle, (8, 4), strides=(4, 1))
        bx = T.launch_thread("blockIdx.x", 8)
        tx = T.launch_thread("threadIdx.x", 128)
        ty = T.launch_thread("threadIdx.y", 1)
        tz = T.launch_thread("threadIdx.z", 1)
        src_frag_simtvf_state = T.alloc_buffer((32,), scope="shared.dyn")
        src_frag_simtvf_state_1 = T.decl_buffer((32,), data=src_frag_simtvf_state.data, scope="shared.dyn")
        reduced_frag_simtvf_state = T.alloc_buffer((4,), scope="shared.dyn")
        reduced_frag_simtvf_state_1 = T.decl_buffer((4,), data=reduced_frag_simtvf_state.data, scope="shared.dyn")
        with T.sblock("VECTOR", no_realize=True):
            T.reads()
            T.writes()
            __cond_0: T.bool = bx % 2 == 0
            out_1 = T.Buffer((32,), data=out.data)
            if __cond_0:
                src_frag_simtvf_r1 = T.Buffer((1,), scope="local")
                reduced_frag_simtvf_r1 = T.Buffer((1,), scope="local")
                src_frag_simtvf_r0 = T.Buffer((1,), scope="local")
                reduced_frag_simtvf_r0 = T.Buffer((1,), scope="local")
                with T.sblock("SIMT_VF", no_realize=True):
                    T.reads()
                    T.writes()
                    T.sblock_attr({"layout_map": {src_frag_simtvf_r1: metadata["tl.Fragment"][0], reduced_frag_simtvf_r1: metadata["tl.Fragment"][1], src_frag_simtvf_r0: metadata["tl.Fragment"][2], reduced_frag_simtvf_r0: metadata["tl.Fragment"][3]}, "tl.vf_source_index": T.int64(0)})
                    src_frag_simtvf_r1_1 = T.alloc_buffer((1,), scope="local")
                    src_frag_simtvf_r1_2 = T.decl_buffer((1,), data=src_frag_simtvf_r1.data, scope="local")
                    reduced_frag_simtvf_r1_1 = T.alloc_buffer((1,), scope="local")
                    reduced_frag_simtvf_r1_2 = T.decl_buffer((1,), data=reduced_frag_simtvf_r1.data, scope="local")
                    simtvf_tx = T.launch_thread("threadIdx.x", 128)
                    simtvf_ty = T.launch_thread("threadIdx.y", 1)
                    simtvf_tz = T.launch_thread("threadIdx.z", 1)
                    T.attr("simtvf", "tl.simtvf_scope", 1)
                    lhs_1 = T.Buffer((256,), data=lhs.data)
                    src_frag_simtvf_r1_2[0] = lhs_1[bx * 32 + simtvf_tx % 32]
                    reduced_frag_simtvf_r1_2[0] = T.float32(0.0)
                    reduced_frag_simtvf_r1_2[0] = reduced_frag_simtvf_r1_2[0] + src_frag_simtvf_r1_2[0]
                    reduced_frag_simtvf_r1_2[0] = T.call_extern("float32", "tl::AscendAllReduce<tl::SumOp, 8, 1, 0>::run", reduced_frag_simtvf_r1_2[0])
                    if simtvf_tx % 8 * 4 + simtvf_tx // 32 == 0:
                        out_1[bx * 4 + simtvf_tx % 32 // 8] = reduced_frag_simtvf_r1_2[0]
                    if simtvf_tx // 32 == 0:
                        src_frag_simtvf_state_1[simtvf_tx % 32] = src_frag_simtvf_r1_2[0]
                    if simtvf_tx % 8 * 4 + simtvf_tx // 32 == 0:
                        reduced_frag_simtvf_state_1[simtvf_tx % 32 // 8] = reduced_frag_simtvf_r1_2[0]
            src_frag_simtvf_r1 = T.Buffer((1,), scope="local")
            reduced_frag_simtvf_r1 = T.Buffer((1,), scope="local")
            src_frag_simtvf_r0 = T.Buffer((1,), scope="local")
            reduced_frag_simtvf_r0 = T.Buffer((1,), scope="local")
            if not __cond_0:
                with T.sblock("SIMT_VF", no_realize=True):
                    T.reads()
                    T.writes()
                    T.sblock_attr({"layout_map": {src_frag_simtvf_r1: metadata["tl.Fragment"][0], reduced_frag_simtvf_r1: metadata["tl.Fragment"][1], src_frag_simtvf_r0: metadata["tl.Fragment"][2], reduced_frag_simtvf_r0: metadata["tl.Fragment"][3]}, "tl.vf_source_index": T.int64(1)})
                    src_frag_simtvf_r0_1 = T.alloc_buffer((1,), scope="local")
                    src_frag_simtvf_r0_2 = T.decl_buffer((1,), data=src_frag_simtvf_r0.data, scope="local")
                    reduced_frag_simtvf_r0_1 = T.alloc_buffer((1,), scope="local")
                    reduced_frag_simtvf_r0_2 = T.decl_buffer((1,), data=reduced_frag_simtvf_r0.data, scope="local")
                    simtvf_tx = T.launch_thread("threadIdx.x", 128)
                    simtvf_ty = T.launch_thread("threadIdx.y", 1)
                    simtvf_tz = T.launch_thread("threadIdx.z", 1)
                    T.attr("simtvf", "tl.simtvf_scope", 1)
                    rhs_1 = T.Buffer((256,), data=rhs.data)
                    src_frag_simtvf_r0_2[0] = rhs_1[bx * 32 + simtvf_tx % 32]
                    reduced_frag_simtvf_r0_2[0] = T.float32("-inf")
                    reduced_frag_simtvf_r0_2[0] = T.max(reduced_frag_simtvf_r0_2[0], src_frag_simtvf_r0_2[0])
                    reduced_frag_simtvf_r0_2[0] = T.call_extern("float32", "tl::AscendAllReduce<tl::MaxOp, 8, 1, 0>::run", reduced_frag_simtvf_r0_2[0])
                    if simtvf_tx % 8 * 4 + simtvf_tx // 32 == 0:
                        out_1[bx * 4 + simtvf_tx % 32 // 8] = reduced_frag_simtvf_r0_2[0]
                    if simtvf_tx // 32 == 0:
                        src_frag_simtvf_state_1[simtvf_tx % 32] = src_frag_simtvf_r0_2[0]
                    if simtvf_tx % 8 * 4 + simtvf_tx // 32 == 0:
                        reduced_frag_simtvf_state_1[simtvf_tx % 32 // 8] = reduced_frag_simtvf_r0_2[0]

# Metadata omitted. Use show_meta=True in script() method to show it.
---------------------53 After ConfigIndexBitwidth---------------------
 # from tvm.script import ir as I
# from tvm.script import tirx as T

@I.ir_module
class Module:
    @T.prim_func
    def main(lhs_handle: T.handle, rhs_handle: T.handle, out_handle: T.handle):
        T.func_attr({"target": T.target({"host": {"keys": ["cpu"], "kind": "c", "tag": ""}, "keys": ["ascend"], "kind": "ascend", "tag": ""}), "tilelang_out_idx": [-1], "tl.has_tma": T.bool(False)})
        lhs = T.match_buffer(lhs_handle, (8, 4, 8), strides=(32, 8, 1))
        rhs = T.match_buffer(rhs_handle, (8, 4, 8), strides=(32, 8, 1))
        out = T.match_buffer(out_handle, (8, 4), strides=(4, 1))
        bx = T.launch_thread("blockIdx.x", 8)
        tx = T.launch_thread("threadIdx.x", 128)
        ty = T.launch_thread("threadIdx.y", 1)
        tz = T.launch_thread("threadIdx.z", 1)
        src_frag_simtvf_state = T.alloc_buffer((32,), scope="shared.dyn")
        src_frag_simtvf_state_1 = T.decl_buffer((32,), data=src_frag_simtvf_state.data, scope="shared.dyn")
        reduced_frag_simtvf_state = T.alloc_buffer((4,), scope="shared.dyn")
        reduced_frag_simtvf_state_1 = T.decl_buffer((4,), data=reduced_frag_simtvf_state.data, scope="shared.dyn")
        with T.sblock("VECTOR", no_realize=True):
            T.reads()
            T.writes()
            __cond_0: T.bool = bx % 2 == 0
            out_1 = T.Buffer((32,), data=out.data)
            if __cond_0:
                src_frag_simtvf_r1 = T.Buffer((1,), scope="local")
                reduced_frag_simtvf_r1 = T.Buffer((1,), scope="local")
                src_frag_simtvf_r0 = T.Buffer((1,), scope="local")
                reduced_frag_simtvf_r0 = T.Buffer((1,), scope="local")
                with T.sblock("SIMT_VF", no_realize=True):
                    T.reads()
                    T.writes()
                    T.sblock_attr({"layout_map": {src_frag_simtvf_r1: metadata["tl.Fragment"][0], reduced_frag_simtvf_r1: metadata["tl.Fragment"][1], src_frag_simtvf_r0: metadata["tl.Fragment"][2], reduced_frag_simtvf_r0: metadata["tl.Fragment"][3]}, "tl.vf_source_index": T.int64(0)})
                    src_frag_simtvf_r1_1 = T.alloc_buffer((1,), scope="local")
                    src_frag_simtvf_r1_2 = T.decl_buffer((1,), data=src_frag_simtvf_r1.data, scope="local")
                    reduced_frag_simtvf_r1_1 = T.alloc_buffer((1,), scope="local")
                    reduced_frag_simtvf_r1_2 = T.decl_buffer((1,), data=reduced_frag_simtvf_r1.data, scope="local")
                    simtvf_tx = T.launch_thread("threadIdx.x", 128)
                    simtvf_ty = T.launch_thread("threadIdx.y", 1)
                    simtvf_tz = T.launch_thread("threadIdx.z", 1)
                    T.attr("simtvf", "tl.simtvf_scope", 1)
                    lhs_1 = T.Buffer((256,), data=lhs.data)
                    src_frag_simtvf_r1_2[0] = lhs_1[bx * 32 + simtvf_tx % 32]
                    reduced_frag_simtvf_r1_2[0] = T.float32(0.0)
                    reduced_frag_simtvf_r1_2[0] = reduced_frag_simtvf_r1_2[0] + src_frag_simtvf_r1_2[0]
                    reduced_frag_simtvf_r1_2[0] = T.call_extern("float32", "tl::AscendAllReduce<tl::SumOp, 8, 1, 0>::run", reduced_frag_simtvf_r1_2[0])
                    if simtvf_tx % 8 * 4 + simtvf_tx // 32 == 0:
                        out_1[bx * 4 + simtvf_tx % 32 // 8] = reduced_frag_simtvf_r1_2[0]
                    if simtvf_tx // 32 == 0:
                        src_frag_simtvf_state_1[simtvf_tx % 32] = src_frag_simtvf_r1_2[0]
                    if simtvf_tx % 8 * 4 + simtvf_tx // 32 == 0:
                        reduced_frag_simtvf_state_1[simtvf_tx % 32 // 8] = reduced_frag_simtvf_r1_2[0]
            src_frag_simtvf_r1 = T.Buffer((1,), scope="local")
            reduced_frag_simtvf_r1 = T.Buffer((1,), scope="local")
            src_frag_simtvf_r0 = T.Buffer((1,), scope="local")
            reduced_frag_simtvf_r0 = T.Buffer((1,), scope="local")
            if not __cond_0:
                with T.sblock("SIMT_VF", no_realize=True):
                    T.reads()
                    T.writes()
                    T.sblock_attr({"layout_map": {src_frag_simtvf_r1: metadata["tl.Fragment"][0], reduced_frag_simtvf_r1: metadata["tl.Fragment"][1], src_frag_simtvf_r0: metadata["tl.Fragment"][2], reduced_frag_simtvf_r0: metadata["tl.Fragment"][3]}, "tl.vf_source_index": T.int64(1)})
                    src_frag_simtvf_r0_1 = T.alloc_buffer((1,), scope="local")
                    src_frag_simtvf_r0_2 = T.decl_buffer((1,), data=src_frag_simtvf_r0.data, scope="local")
                    reduced_frag_simtvf_r0_1 = T.alloc_buffer((1,), scope="local")
                    reduced_frag_simtvf_r0_2 = T.decl_buffer((1,), data=reduced_frag_simtvf_r0.data, scope="local")
                    simtvf_tx = T.launch_thread("threadIdx.x", 128)
                    simtvf_ty = T.launch_thread("threadIdx.y", 1)
                    simtvf_tz = T.launch_thread("threadIdx.z", 1)
                    T.attr("simtvf", "tl.simtvf_scope", 1)
                    rhs_1 = T.Buffer((256,), data=rhs.data)
                    src_frag_simtvf_r0_2[0] = rhs_1[bx * 32 + simtvf_tx % 32]
                    reduced_frag_simtvf_r0_2[0] = T.float32("-inf")
                    reduced_frag_simtvf_r0_2[0] = T.max(reduced_frag_simtvf_r0_2[0], src_frag_simtvf_r0_2[0])
                    reduced_frag_simtvf_r0_2[0] = T.call_extern("float32", "tl::AscendAllReduce<tl::MaxOp, 8, 1, 0>::run", reduced_frag_simtvf_r0_2[0])
                    if simtvf_tx % 8 * 4 + simtvf_tx // 32 == 0:
                        out_1[bx * 4 + simtvf_tx % 32 // 8] = reduced_frag_simtvf_r0_2[0]
                    if simtvf_tx // 32 == 0:
                        src_frag_simtvf_state_1[simtvf_tx % 32] = src_frag_simtvf_r0_2[0]
                    if simtvf_tx % 8 * 4 + simtvf_tx // 32 == 0:
                        reduced_frag_simtvf_state_1[simtvf_tx % 32 // 8] = reduced_frag_simtvf_r0_2[0]

# Metadata omitted. Use show_meta=True in script() method to show it.
---------------------54 After Simplify---------------------
 # from tvm.script import ir as I
# from tvm.script import tirx as T

@I.ir_module
class Module:
    @T.prim_func
    def main(lhs_handle: T.handle, rhs_handle: T.handle, out_handle: T.handle):
        T.func_attr({"target": T.target({"host": {"keys": ["cpu"], "kind": "c", "tag": ""}, "keys": ["ascend"], "kind": "ascend", "tag": ""}), "tilelang_out_idx": [-1], "tl.has_tma": T.bool(False)})
        lhs = T.match_buffer(lhs_handle, (8, 4, 8), strides=(32, 8, 1))
        rhs = T.match_buffer(rhs_handle, (8, 4, 8), strides=(32, 8, 1))
        out = T.match_buffer(out_handle, (8, 4), strides=(4, 1))
        bx = T.launch_thread("blockIdx.x", 8)
        tx = T.launch_thread("threadIdx.x", 128)
        ty = T.launch_thread("threadIdx.y", 1)
        tz = T.launch_thread("threadIdx.z", 1)
        src_frag_simtvf_state = T.alloc_buffer((32,), scope="shared.dyn")
        src_frag_simtvf_state_1 = T.decl_buffer((32,), data=src_frag_simtvf_state.data, scope="shared.dyn")
        reduced_frag_simtvf_state = T.alloc_buffer((4,), scope="shared.dyn")
        reduced_frag_simtvf_state_1 = T.decl_buffer((4,), data=reduced_frag_simtvf_state.data, scope="shared.dyn")
        with T.sblock("VECTOR", no_realize=True):
            T.reads()
            T.writes()
            __cond_0: T.bool = bx % 2 == 0
            out_1 = T.Buffer((32,), data=out.data)
            if bx % 2 == 0:
                src_frag_simtvf_r1 = T.Buffer((1,), scope="local")
                reduced_frag_simtvf_r1 = T.Buffer((1,), scope="local")
                src_frag_simtvf_r0 = T.Buffer((1,), scope="local")
                reduced_frag_simtvf_r0 = T.Buffer((1,), scope="local")
                with T.sblock("SIMT_VF", no_realize=True):
                    T.reads()
                    T.writes()
                    T.sblock_attr({"layout_map": {src_frag_simtvf_r1: metadata["tl.Fragment"][0], reduced_frag_simtvf_r1: metadata["tl.Fragment"][1], src_frag_simtvf_r0: metadata["tl.Fragment"][2], reduced_frag_simtvf_r0: metadata["tl.Fragment"][3]}, "tl.vf_source_index": T.int64(0)})
                    src_frag_simtvf_r1_1 = T.alloc_buffer((1,), scope="local")
                    src_frag_simtvf_r1_2 = T.decl_buffer((1,), data=src_frag_simtvf_r1.data, scope="local")
                    reduced_frag_simtvf_r1_1 = T.alloc_buffer((1,), scope="local")
                    reduced_frag_simtvf_r1_2 = T.decl_buffer((1,), data=reduced_frag_simtvf_r1.data, scope="local")
                    simtvf_tx = T.launch_thread("threadIdx.x", 128)
                    simtvf_ty = T.launch_thread("threadIdx.y", 1)
                    simtvf_tz = T.launch_thread("threadIdx.z", 1)
                    T.attr("simtvf", "tl.simtvf_scope", 1)
                    lhs_1 = T.Buffer((256,), data=lhs.data)
                    src_frag_simtvf_r1_2[0] = lhs_1[bx * 32 + simtvf_tx % 32]
                    reduced_frag_simtvf_r1_2[0] = T.float32(0.0)
                    reduced_frag_simtvf_r1_2[0] = reduced_frag_simtvf_r1_2[0] + src_frag_simtvf_r1_2[0]
                    reduced_frag_simtvf_r1_2[0] = T.call_extern("float32", "tl::AscendAllReduce<tl::SumOp, 8, 1, 0>::run", reduced_frag_simtvf_r1_2[0])
                    if simtvf_tx % 8 * 4 + simtvf_tx // 32 == 0:
                        out_1[bx * 4 + simtvf_tx % 32 // 8] = reduced_frag_simtvf_r1_2[0]
                    if simtvf_tx // 32 == 0:
                        src_frag_simtvf_state_1[simtvf_tx % 32] = src_frag_simtvf_r1_2[0]
                    if simtvf_tx % 8 * 4 + simtvf_tx // 32 == 0:
                        reduced_frag_simtvf_state_1[simtvf_tx % 32 // 8] = reduced_frag_simtvf_r1_2[0]
            src_frag_simtvf_r1 = T.Buffer((1,), scope="local")
            reduced_frag_simtvf_r1 = T.Buffer((1,), scope="local")
            src_frag_simtvf_r0 = T.Buffer((1,), scope="local")
            reduced_frag_simtvf_r0 = T.Buffer((1,), scope="local")
            if 0 < bx % 2:
                with T.sblock("SIMT_VF", no_realize=True):
                    T.reads()
                    T.writes()
                    T.sblock_attr({"layout_map": {src_frag_simtvf_r1: metadata["tl.Fragment"][0], reduced_frag_simtvf_r1: metadata["tl.Fragment"][1], src_frag_simtvf_r0: metadata["tl.Fragment"][2], reduced_frag_simtvf_r0: metadata["tl.Fragment"][3]}, "tl.vf_source_index": T.int64(1)})
                    src_frag_simtvf_r0_1 = T.alloc_buffer((1,), scope="local")
                    src_frag_simtvf_r0_2 = T.decl_buffer((1,), data=src_frag_simtvf_r0.data, scope="local")
                    reduced_frag_simtvf_r0_1 = T.alloc_buffer((1,), scope="local")
                    reduced_frag_simtvf_r0_2 = T.decl_buffer((1,), data=reduced_frag_simtvf_r0.data, scope="local")
                    simtvf_tx = T.launch_thread("threadIdx.x", 128)
                    simtvf_ty = T.launch_thread("threadIdx.y", 1)
                    simtvf_tz = T.launch_thread("threadIdx.z", 1)
                    T.attr("simtvf", "tl.simtvf_scope", 1)
                    rhs_1 = T.Buffer((256,), data=rhs.data)
                    src_frag_simtvf_r0_2[0] = rhs_1[bx * 32 + simtvf_tx % 32]
                    reduced_frag_simtvf_r0_2[0] = T.float32("-inf")
                    reduced_frag_simtvf_r0_2[0] = T.max(reduced_frag_simtvf_r0_2[0], src_frag_simtvf_r0_2[0])
                    reduced_frag_simtvf_r0_2[0] = T.call_extern("float32", "tl::AscendAllReduce<tl::MaxOp, 8, 1, 0>::run", reduced_frag_simtvf_r0_2[0])
                    if simtvf_tx % 8 * 4 + simtvf_tx // 32 == 0:
                        out_1[bx * 4 + simtvf_tx % 32 // 8] = reduced_frag_simtvf_r0_2[0]
                    if simtvf_tx // 32 == 0:
                        src_frag_simtvf_state_1[simtvf_tx % 32] = src_frag_simtvf_r0_2[0]
                    if simtvf_tx % 8 * 4 + simtvf_tx // 32 == 0:
                        reduced_frag_simtvf_state_1[simtvf_tx % 32 // 8] = reduced_frag_simtvf_r0_2[0]

# Metadata omitted. Use show_meta=True in script() method to show it.
---------------------55 After VectorizeLoop---------------------
 # from tvm.script import ir as I
# from tvm.script import tirx as T

@I.ir_module
class Module:
    @T.prim_func
    def main(lhs_handle: T.handle, rhs_handle: T.handle, out_handle: T.handle):
        T.func_attr({"target": T.target({"host": {"keys": ["cpu"], "kind": "c", "tag": ""}, "keys": ["ascend"], "kind": "ascend", "tag": ""}), "tilelang_out_idx": [-1], "tl.has_tma": T.bool(False)})
        lhs = T.match_buffer(lhs_handle, (8, 4, 8), strides=(32, 8, 1))
        rhs = T.match_buffer(rhs_handle, (8, 4, 8), strides=(32, 8, 1))
        out = T.match_buffer(out_handle, (8, 4), strides=(4, 1))
        bx = T.launch_thread("blockIdx.x", 8)
        tx = T.launch_thread("threadIdx.x", 128)
        ty = T.launch_thread("threadIdx.y", 1)
        tz = T.launch_thread("threadIdx.z", 1)
        src_frag_simtvf_state = T.alloc_buffer((32,), scope="shared.dyn")
        src_frag_simtvf_state_1 = T.decl_buffer((32,), data=src_frag_simtvf_state.data, scope="shared.dyn")
        reduced_frag_simtvf_state = T.alloc_buffer((4,), scope="shared.dyn")
        reduced_frag_simtvf_state_1 = T.decl_buffer((4,), data=reduced_frag_simtvf_state.data, scope="shared.dyn")
        with T.sblock("VECTOR", no_realize=True):
            T.reads()
            T.writes()
            __cond_0: T.bool = bx % 2 == 0
            out_1 = T.Buffer((32,), data=out.data)
            if bx % 2 == 0:
                src_frag_simtvf_r1 = T.Buffer((1,), scope="local")
                reduced_frag_simtvf_r1 = T.Buffer((1,), scope="local")
                src_frag_simtvf_r0 = T.Buffer((1,), scope="local")
                reduced_frag_simtvf_r0 = T.Buffer((1,), scope="local")
                with T.sblock("SIMT_VF", no_realize=True):
                    T.reads()
                    T.writes()
                    T.sblock_attr({"layout_map": {src_frag_simtvf_r1: metadata["tl.Fragment"][0], reduced_frag_simtvf_r1: metadata["tl.Fragment"][1], src_frag_simtvf_r0: metadata["tl.Fragment"][2], reduced_frag_simtvf_r0: metadata["tl.Fragment"][3]}, "tl.vf_source_index": T.int64(0)})
                    src_frag_simtvf_r1_1 = T.alloc_buffer((1,), scope="local")
                    src_frag_simtvf_r1_2 = T.decl_buffer((1,), data=src_frag_simtvf_r1.data, scope="local")
                    reduced_frag_simtvf_r1_1 = T.alloc_buffer((1,), scope="local")
                    reduced_frag_simtvf_r1_2 = T.decl_buffer((1,), data=reduced_frag_simtvf_r1.data, scope="local")
                    simtvf_tx = T.launch_thread("threadIdx.x", 128)
                    simtvf_ty = T.launch_thread("threadIdx.y", 1)
                    simtvf_tz = T.launch_thread("threadIdx.z", 1)
                    T.attr("simtvf", "tl.simtvf_scope", 1)
                    lhs_1 = T.Buffer((256,), data=lhs.data)
                    src_frag_simtvf_r1_2[0] = lhs_1[bx * 32 + simtvf_tx % 32]
                    reduced_frag_simtvf_r1_2[0] = T.float32(0.0)
                    reduced_frag_simtvf_r1_2[0] = reduced_frag_simtvf_r1_2[0] + src_frag_simtvf_r1_2[0]
                    reduced_frag_simtvf_r1_2[0] = T.call_extern("float32", "tl::AscendAllReduce<tl::SumOp, 8, 1, 0>::run", reduced_frag_simtvf_r1_2[0])
                    if simtvf_tx % 8 * 4 + simtvf_tx // 32 == 0:
                        out_1[bx * 4 + simtvf_tx % 32 // 8] = reduced_frag_simtvf_r1_2[0]
                    if simtvf_tx // 32 == 0:
                        src_frag_simtvf_state_1[simtvf_tx % 32] = src_frag_simtvf_r1_2[0]
                    if simtvf_tx % 8 * 4 + simtvf_tx // 32 == 0:
                        reduced_frag_simtvf_state_1[simtvf_tx % 32 // 8] = reduced_frag_simtvf_r1_2[0]
            src_frag_simtvf_r1 = T.Buffer((1,), scope="local")
            reduced_frag_simtvf_r1 = T.Buffer((1,), scope="local")
            src_frag_simtvf_r0 = T.Buffer((1,), scope="local")
            reduced_frag_simtvf_r0 = T.Buffer((1,), scope="local")
            if 0 < bx % 2:
                with T.sblock("SIMT_VF", no_realize=True):
                    T.reads()
                    T.writes()
                    T.sblock_attr({"layout_map": {src_frag_simtvf_r1: metadata["tl.Fragment"][0], reduced_frag_simtvf_r1: metadata["tl.Fragment"][1], src_frag_simtvf_r0: metadata["tl.Fragment"][2], reduced_frag_simtvf_r0: metadata["tl.Fragment"][3]}, "tl.vf_source_index": T.int64(1)})
                    src_frag_simtvf_r0_1 = T.alloc_buffer((1,), scope="local")
                    src_frag_simtvf_r0_2 = T.decl_buffer((1,), data=src_frag_simtvf_r0.data, scope="local")
                    reduced_frag_simtvf_r0_1 = T.alloc_buffer((1,), scope="local")
                    reduced_frag_simtvf_r0_2 = T.decl_buffer((1,), data=reduced_frag_simtvf_r0.data, scope="local")
                    simtvf_tx = T.launch_thread("threadIdx.x", 128)
                    simtvf_ty = T.launch_thread("threadIdx.y", 1)
                    simtvf_tz = T.launch_thread("threadIdx.z", 1)
                    T.attr("simtvf", "tl.simtvf_scope", 1)
                    rhs_1 = T.Buffer((256,), data=rhs.data)
                    src_frag_simtvf_r0_2[0] = rhs_1[bx * 32 + simtvf_tx % 32]
                    reduced_frag_simtvf_r0_2[0] = T.float32("-inf")
                    reduced_frag_simtvf_r0_2[0] = T.max(reduced_frag_simtvf_r0_2[0], src_frag_simtvf_r0_2[0])
                    reduced_frag_simtvf_r0_2[0] = T.call_extern("float32", "tl::AscendAllReduce<tl::MaxOp, 8, 1, 0>::run", reduced_frag_simtvf_r0_2[0])
                    if simtvf_tx % 8 * 4 + simtvf_tx // 32 == 0:
                        out_1[bx * 4 + simtvf_tx % 32 // 8] = reduced_frag_simtvf_r0_2[0]
                    if simtvf_tx // 32 == 0:
                        src_frag_simtvf_state_1[simtvf_tx % 32] = src_frag_simtvf_r0_2[0]
                    if simtvf_tx % 8 * 4 + simtvf_tx // 32 == 0:
                        reduced_frag_simtvf_state_1[simtvf_tx % 32 // 8] = reduced_frag_simtvf_r0_2[0]

# Metadata omitted. Use show_meta=True in script() method to show it.
---------------------56 After RewriteFp4ToFp4x2---------------------
 # from tvm.script import ir as I
# from tvm.script import tirx as T

@I.ir_module
class Module:
    @T.prim_func
    def main(lhs_handle: T.handle, rhs_handle: T.handle, out_handle: T.handle):
        T.func_attr({"target": T.target({"host": {"keys": ["cpu"], "kind": "c", "tag": ""}, "keys": ["ascend"], "kind": "ascend", "tag": ""}), "tilelang_out_idx": [-1], "tl.has_tma": T.bool(False)})
        lhs = T.match_buffer(lhs_handle, (8, 4, 8), strides=(32, 8, 1))
        rhs = T.match_buffer(rhs_handle, (8, 4, 8), strides=(32, 8, 1))
        out = T.match_buffer(out_handle, (8, 4), strides=(4, 1))
        bx = T.launch_thread("blockIdx.x", 8)
        tx = T.launch_thread("threadIdx.x", 128)
        ty = T.launch_thread("threadIdx.y", 1)
        tz = T.launch_thread("threadIdx.z", 1)
        src_frag_simtvf_state = T.alloc_buffer((32,), scope="shared.dyn")
        src_frag_simtvf_state_1 = T.decl_buffer((32,), data=src_frag_simtvf_state.data, scope="shared.dyn")
        reduced_frag_simtvf_state = T.alloc_buffer((4,), scope="shared.dyn")
        reduced_frag_simtvf_state_1 = T.decl_buffer((4,), data=reduced_frag_simtvf_state.data, scope="shared.dyn")
        with T.sblock("VECTOR", no_realize=True):
            T.reads()
            T.writes()
            __cond_0: T.bool = bx % 2 == 0
            out_1 = T.Buffer((32,), data=out.data)
            if bx % 2 == 0:
                src_frag_simtvf_r1 = T.Buffer((1,), scope="local")
                reduced_frag_simtvf_r1 = T.Buffer((1,), scope="local")
                src_frag_simtvf_r0 = T.Buffer((1,), scope="local")
                reduced_frag_simtvf_r0 = T.Buffer((1,), scope="local")
                with T.sblock("SIMT_VF", no_realize=True):
                    T.reads()
                    T.writes()
                    T.sblock_attr({"layout_map": {src_frag_simtvf_r1: metadata["tl.Fragment"][0], reduced_frag_simtvf_r1: metadata["tl.Fragment"][1], src_frag_simtvf_r0: metadata["tl.Fragment"][2], reduced_frag_simtvf_r0: metadata["tl.Fragment"][3]}, "tl.vf_source_index": T.int64(0)})
                    src_frag_simtvf_r1_1 = T.alloc_buffer((1,), scope="local")
                    src_frag_simtvf_r1_2 = T.decl_buffer((1,), data=src_frag_simtvf_r1.data, scope="local")
                    reduced_frag_simtvf_r1_1 = T.alloc_buffer((1,), scope="local")
                    reduced_frag_simtvf_r1_2 = T.decl_buffer((1,), data=reduced_frag_simtvf_r1.data, scope="local")
                    simtvf_tx = T.launch_thread("threadIdx.x", 128)
                    simtvf_ty = T.launch_thread("threadIdx.y", 1)
                    simtvf_tz = T.launch_thread("threadIdx.z", 1)
                    T.attr("simtvf", "tl.simtvf_scope", 1)
                    lhs_1 = T.Buffer((256,), data=lhs.data)
                    src_frag_simtvf_r1_2[0] = lhs_1[bx * 32 + simtvf_tx % 32]
                    reduced_frag_simtvf_r1_2[0] = T.float32(0.0)
                    reduced_frag_simtvf_r1_2[0] = reduced_frag_simtvf_r1_2[0] + src_frag_simtvf_r1_2[0]
                    reduced_frag_simtvf_r1_2[0] = T.call_extern("float32", "tl::AscendAllReduce<tl::SumOp, 8, 1, 0>::run", reduced_frag_simtvf_r1_2[0])
                    if simtvf_tx % 8 * 4 + simtvf_tx // 32 == 0:
                        out_1[bx * 4 + simtvf_tx % 32 // 8] = reduced_frag_simtvf_r1_2[0]
                    if simtvf_tx // 32 == 0:
                        src_frag_simtvf_state_1[simtvf_tx % 32] = src_frag_simtvf_r1_2[0]
                    if simtvf_tx % 8 * 4 + simtvf_tx // 32 == 0:
                        reduced_frag_simtvf_state_1[simtvf_tx % 32 // 8] = reduced_frag_simtvf_r1_2[0]
            src_frag_simtvf_r1 = T.Buffer((1,), scope="local")
            reduced_frag_simtvf_r1 = T.Buffer((1,), scope="local")
            src_frag_simtvf_r0 = T.Buffer((1,), scope="local")
            reduced_frag_simtvf_r0 = T.Buffer((1,), scope="local")
            if 0 < bx % 2:
                with T.sblock("SIMT_VF", no_realize=True):
                    T.reads()
                    T.writes()
                    T.sblock_attr({"layout_map": {src_frag_simtvf_r1: metadata["tl.Fragment"][0], reduced_frag_simtvf_r1: metadata["tl.Fragment"][1], src_frag_simtvf_r0: metadata["tl.Fragment"][2], reduced_frag_simtvf_r0: metadata["tl.Fragment"][3]}, "tl.vf_source_index": T.int64(1)})
                    src_frag_simtvf_r0_1 = T.alloc_buffer((1,), scope="local")
                    src_frag_simtvf_r0_2 = T.decl_buffer((1,), data=src_frag_simtvf_r0.data, scope="local")
                    reduced_frag_simtvf_r0_1 = T.alloc_buffer((1,), scope="local")
                    reduced_frag_simtvf_r0_2 = T.decl_buffer((1,), data=reduced_frag_simtvf_r0.data, scope="local")
                    simtvf_tx = T.launch_thread("threadIdx.x", 128)
                    simtvf_ty = T.launch_thread("threadIdx.y", 1)
                    simtvf_tz = T.launch_thread("threadIdx.z", 1)
                    T.attr("simtvf", "tl.simtvf_scope", 1)
                    rhs_1 = T.Buffer((256,), data=rhs.data)
                    src_frag_simtvf_r0_2[0] = rhs_1[bx * 32 + simtvf_tx % 32]
                    reduced_frag_simtvf_r0_2[0] = T.float32("-inf")
                    reduced_frag_simtvf_r0_2[0] = T.max(reduced_frag_simtvf_r0_2[0], src_frag_simtvf_r0_2[0])
                    reduced_frag_simtvf_r0_2[0] = T.call_extern("float32", "tl::AscendAllReduce<tl::MaxOp, 8, 1, 0>::run", reduced_frag_simtvf_r0_2[0])
                    if simtvf_tx % 8 * 4 + simtvf_tx // 32 == 0:
                        out_1[bx * 4 + simtvf_tx % 32 // 8] = reduced_frag_simtvf_r0_2[0]
                    if simtvf_tx // 32 == 0:
                        src_frag_simtvf_state_1[simtvf_tx % 32] = src_frag_simtvf_r0_2[0]
                    if simtvf_tx % 8 * 4 + simtvf_tx // 32 == 0:
                        reduced_frag_simtvf_state_1[simtvf_tx % 32 // 8] = reduced_frag_simtvf_r0_2[0]

# Metadata omitted. Use show_meta=True in script() method to show it.
---------------------57 After LoopUnswitching---------------------
 # from tvm.script import ir as I
# from tvm.script import tirx as T

@I.ir_module
class Module:
    @T.prim_func
    def main(lhs_handle: T.handle, rhs_handle: T.handle, out_handle: T.handle):
        T.func_attr({"target": T.target({"host": {"keys": ["cpu"], "kind": "c", "tag": ""}, "keys": ["ascend"], "kind": "ascend", "tag": ""}), "tilelang_out_idx": [-1], "tl.has_tma": T.bool(False)})
        lhs = T.match_buffer(lhs_handle, (8, 4, 8), strides=(32, 8, 1))
        rhs = T.match_buffer(rhs_handle, (8, 4, 8), strides=(32, 8, 1))
        out = T.match_buffer(out_handle, (8, 4), strides=(4, 1))
        bx = T.launch_thread("blockIdx.x", 8)
        tx = T.launch_thread("threadIdx.x", 128)
        ty = T.launch_thread("threadIdx.y", 1)
        tz = T.launch_thread("threadIdx.z", 1)
        src_frag_simtvf_state = T.alloc_buffer((32,), scope="shared.dyn")
        src_frag_simtvf_state_1 = T.decl_buffer((32,), data=src_frag_simtvf_state.data, scope="shared.dyn")
        reduced_frag_simtvf_state = T.alloc_buffer((4,), scope="shared.dyn")
        reduced_frag_simtvf_state_1 = T.decl_buffer((4,), data=reduced_frag_simtvf_state.data, scope="shared.dyn")
        with T.sblock("VECTOR", no_realize=True):
            T.reads()
            T.writes()
            __cond_0: T.bool = bx % 2 == 0
            out_1 = T.Buffer((32,), data=out.data)
            if bx % 2 == 0:
                src_frag_simtvf_r1 = T.Buffer((1,), scope="local")
                reduced_frag_simtvf_r1 = T.Buffer((1,), scope="local")
                src_frag_simtvf_r0 = T.Buffer((1,), scope="local")
                reduced_frag_simtvf_r0 = T.Buffer((1,), scope="local")
                with T.sblock("SIMT_VF", no_realize=True):
                    T.reads()
                    T.writes()
                    T.sblock_attr({"layout_map": {src_frag_simtvf_r1: metadata["tl.Fragment"][0], reduced_frag_simtvf_r1: metadata["tl.Fragment"][1], src_frag_simtvf_r0: metadata["tl.Fragment"][2], reduced_frag_simtvf_r0: metadata["tl.Fragment"][3]}, "tl.vf_source_index": T.int64(0)})
                    src_frag_simtvf_r1_1 = T.alloc_buffer((1,), scope="local")
                    src_frag_simtvf_r1_2 = T.decl_buffer((1,), data=src_frag_simtvf_r1.data, scope="local")
                    reduced_frag_simtvf_r1_1 = T.alloc_buffer((1,), scope="local")
                    reduced_frag_simtvf_r1_2 = T.decl_buffer((1,), data=reduced_frag_simtvf_r1.data, scope="local")
                    simtvf_tx = T.launch_thread("threadIdx.x", 128)
                    simtvf_ty = T.launch_thread("threadIdx.y", 1)
                    simtvf_tz = T.launch_thread("threadIdx.z", 1)
                    T.attr("simtvf", "tl.simtvf_scope", 1)
                    lhs_1 = T.Buffer((256,), data=lhs.data)
                    src_frag_simtvf_r1_2[0] = lhs_1[bx * 32 + simtvf_tx % 32]
                    reduced_frag_simtvf_r1_2[0] = T.float32(0.0)
                    reduced_frag_simtvf_r1_2[0] = reduced_frag_simtvf_r1_2[0] + src_frag_simtvf_r1_2[0]
                    reduced_frag_simtvf_r1_2[0] = T.call_extern("float32", "tl::AscendAllReduce<tl::SumOp, 8, 1, 0>::run", reduced_frag_simtvf_r1_2[0])
                    if simtvf_tx % 8 * 4 + simtvf_tx // 32 == 0:
                        out_1[bx * 4 + simtvf_tx % 32 // 8] = reduced_frag_simtvf_r1_2[0]
                    if simtvf_tx // 32 == 0:
                        src_frag_simtvf_state_1[simtvf_tx % 32] = src_frag_simtvf_r1_2[0]
                    if simtvf_tx % 8 * 4 + simtvf_tx // 32 == 0:
                        reduced_frag_simtvf_state_1[simtvf_tx % 32 // 8] = reduced_frag_simtvf_r1_2[0]
            src_frag_simtvf_r1 = T.Buffer((1,), scope="local")
            reduced_frag_simtvf_r1 = T.Buffer((1,), scope="local")
            src_frag_simtvf_r0 = T.Buffer((1,), scope="local")
            reduced_frag_simtvf_r0 = T.Buffer((1,), scope="local")
            if 0 < bx % 2:
                with T.sblock("SIMT_VF", no_realize=True):
                    T.reads()
                    T.writes()
                    T.sblock_attr({"layout_map": {src_frag_simtvf_r1: metadata["tl.Fragment"][0], reduced_frag_simtvf_r1: metadata["tl.Fragment"][1], src_frag_simtvf_r0: metadata["tl.Fragment"][2], reduced_frag_simtvf_r0: metadata["tl.Fragment"][3]}, "tl.vf_source_index": T.int64(1)})
                    src_frag_simtvf_r0_1 = T.alloc_buffer((1,), scope="local")
                    src_frag_simtvf_r0_2 = T.decl_buffer((1,), data=src_frag_simtvf_r0.data, scope="local")
                    reduced_frag_simtvf_r0_1 = T.alloc_buffer((1,), scope="local")
                    reduced_frag_simtvf_r0_2 = T.decl_buffer((1,), data=reduced_frag_simtvf_r0.data, scope="local")
                    simtvf_tx = T.launch_thread("threadIdx.x", 128)
                    simtvf_ty = T.launch_thread("threadIdx.y", 1)
                    simtvf_tz = T.launch_thread("threadIdx.z", 1)
                    T.attr("simtvf", "tl.simtvf_scope", 1)
                    rhs_1 = T.Buffer((256,), data=rhs.data)
                    src_frag_simtvf_r0_2[0] = rhs_1[bx * 32 + simtvf_tx % 32]
                    reduced_frag_simtvf_r0_2[0] = T.float32("-inf")
                    reduced_frag_simtvf_r0_2[0] = T.max(reduced_frag_simtvf_r0_2[0], src_frag_simtvf_r0_2[0])
                    reduced_frag_simtvf_r0_2[0] = T.call_extern("float32", "tl::AscendAllReduce<tl::MaxOp, 8, 1, 0>::run", reduced_frag_simtvf_r0_2[0])
                    if simtvf_tx % 8 * 4 + simtvf_tx // 32 == 0:
                        out_1[bx * 4 + simtvf_tx % 32 // 8] = reduced_frag_simtvf_r0_2[0]
                    if simtvf_tx // 32 == 0:
                        src_frag_simtvf_state_1[simtvf_tx % 32] = src_frag_simtvf_r0_2[0]
                    if simtvf_tx % 8 * 4 + simtvf_tx // 32 == 0:
                        reduced_frag_simtvf_state_1[simtvf_tx % 32 // 8] = reduced_frag_simtvf_r0_2[0]

# Metadata omitted. Use show_meta=True in script() method to show it.
---------------------58 After UnrollLoop---------------------
 # from tvm.script import ir as I
# from tvm.script import tirx as T

@I.ir_module
class Module:
    @T.prim_func
    def main(lhs_handle: T.handle, rhs_handle: T.handle, out_handle: T.handle):
        T.func_attr({"target": T.target({"host": {"keys": ["cpu"], "kind": "c", "tag": ""}, "keys": ["ascend"], "kind": "ascend", "tag": ""}), "tilelang_out_idx": [-1], "tl.has_tma": T.bool(False)})
        lhs = T.match_buffer(lhs_handle, (8, 4, 8), strides=(32, 8, 1))
        rhs = T.match_buffer(rhs_handle, (8, 4, 8), strides=(32, 8, 1))
        out = T.match_buffer(out_handle, (8, 4), strides=(4, 1))
        bx = T.launch_thread("blockIdx.x", 8)
        tx = T.launch_thread("threadIdx.x", 128)
        ty = T.launch_thread("threadIdx.y", 1)
        tz = T.launch_thread("threadIdx.z", 1)
        src_frag_simtvf_state = T.alloc_buffer((32,), scope="shared.dyn")
        src_frag_simtvf_state_1 = T.decl_buffer((32,), data=src_frag_simtvf_state.data, scope="shared.dyn")
        reduced_frag_simtvf_state = T.alloc_buffer((4,), scope="shared.dyn")
        reduced_frag_simtvf_state_1 = T.decl_buffer((4,), data=reduced_frag_simtvf_state.data, scope="shared.dyn")
        with T.sblock("VECTOR", no_realize=True):
            T.reads()
            T.writes()
            __cond_0: T.bool = bx % 2 == 0
            out_1 = T.Buffer((32,), data=out.data)
            if bx % 2 == 0:
                src_frag_simtvf_r1 = T.Buffer((1,), scope="local")
                reduced_frag_simtvf_r1 = T.Buffer((1,), scope="local")
                src_frag_simtvf_r0 = T.Buffer((1,), scope="local")
                reduced_frag_simtvf_r0 = T.Buffer((1,), scope="local")
                with T.sblock("SIMT_VF", no_realize=True):
                    T.reads()
                    T.writes()
                    T.sblock_attr({"layout_map": {src_frag_simtvf_r1: metadata["tl.Fragment"][0], reduced_frag_simtvf_r1: metadata["tl.Fragment"][1], src_frag_simtvf_r0: metadata["tl.Fragment"][2], reduced_frag_simtvf_r0: metadata["tl.Fragment"][3]}, "tl.vf_source_index": T.int64(0)})
                    src_frag_simtvf_r1_1 = T.alloc_buffer((1,), scope="local")
                    src_frag_simtvf_r1_2 = T.decl_buffer((1,), data=src_frag_simtvf_r1.data, scope="local")
                    reduced_frag_simtvf_r1_1 = T.alloc_buffer((1,), scope="local")
                    reduced_frag_simtvf_r1_2 = T.decl_buffer((1,), data=reduced_frag_simtvf_r1.data, scope="local")
                    simtvf_tx = T.launch_thread("threadIdx.x", 128)
                    simtvf_ty = T.launch_thread("threadIdx.y", 1)
                    simtvf_tz = T.launch_thread("threadIdx.z", 1)
                    T.attr("simtvf", "tl.simtvf_scope", 1)
                    lhs_1 = T.Buffer((256,), data=lhs.data)
                    src_frag_simtvf_r1_2[0] = lhs_1[bx * 32 + simtvf_tx % 32]
                    reduced_frag_simtvf_r1_2[0] = T.float32(0.0)
                    reduced_frag_simtvf_r1_2[0] = reduced_frag_simtvf_r1_2[0] + src_frag_simtvf_r1_2[0]
                    reduced_frag_simtvf_r1_2[0] = T.call_extern("float32", "tl::AscendAllReduce<tl::SumOp, 8, 1, 0>::run", reduced_frag_simtvf_r1_2[0])
                    if simtvf_tx % 8 * 4 + simtvf_tx // 32 == 0:
                        out_1[bx * 4 + simtvf_tx % 32 // 8] = reduced_frag_simtvf_r1_2[0]
                    if simtvf_tx // 32 == 0:
                        src_frag_simtvf_state_1[simtvf_tx % 32] = src_frag_simtvf_r1_2[0]
                    if simtvf_tx % 8 * 4 + simtvf_tx // 32 == 0:
                        reduced_frag_simtvf_state_1[simtvf_tx % 32 // 8] = reduced_frag_simtvf_r1_2[0]
            src_frag_simtvf_r1 = T.Buffer((1,), scope="local")
            reduced_frag_simtvf_r1 = T.Buffer((1,), scope="local")
            src_frag_simtvf_r0 = T.Buffer((1,), scope="local")
            reduced_frag_simtvf_r0 = T.Buffer((1,), scope="local")
            if 0 < bx % 2:
                with T.sblock("SIMT_VF", no_realize=True):
                    T.reads()
                    T.writes()
                    T.sblock_attr({"layout_map": {src_frag_simtvf_r1: metadata["tl.Fragment"][0], reduced_frag_simtvf_r1: metadata["tl.Fragment"][1], src_frag_simtvf_r0: metadata["tl.Fragment"][2], reduced_frag_simtvf_r0: metadata["tl.Fragment"][3]}, "tl.vf_source_index": T.int64(1)})
                    src_frag_simtvf_r0_1 = T.alloc_buffer((1,), scope="local")
                    src_frag_simtvf_r0_2 = T.decl_buffer((1,), data=src_frag_simtvf_r0.data, scope="local")
                    reduced_frag_simtvf_r0_1 = T.alloc_buffer((1,), scope="local")
                    reduced_frag_simtvf_r0_2 = T.decl_buffer((1,), data=reduced_frag_simtvf_r0.data, scope="local")
                    simtvf_tx = T.launch_thread("threadIdx.x", 128)
                    simtvf_ty = T.launch_thread("threadIdx.y", 1)
                    simtvf_tz = T.launch_thread("threadIdx.z", 1)
                    T.attr("simtvf", "tl.simtvf_scope", 1)
                    rhs_1 = T.Buffer((256,), data=rhs.data)
                    src_frag_simtvf_r0_2[0] = rhs_1[bx * 32 + simtvf_tx % 32]
                    reduced_frag_simtvf_r0_2[0] = T.float32("-inf")
                    reduced_frag_simtvf_r0_2[0] = T.max(reduced_frag_simtvf_r0_2[0], src_frag_simtvf_r0_2[0])
                    reduced_frag_simtvf_r0_2[0] = T.call_extern("float32", "tl::AscendAllReduce<tl::MaxOp, 8, 1, 0>::run", reduced_frag_simtvf_r0_2[0])
                    if simtvf_tx % 8 * 4 + simtvf_tx // 32 == 0:
                        out_1[bx * 4 + simtvf_tx % 32 // 8] = reduced_frag_simtvf_r0_2[0]
                    if simtvf_tx // 32 == 0:
                        src_frag_simtvf_state_1[simtvf_tx % 32] = src_frag_simtvf_r0_2[0]
                    if simtvf_tx % 8 * 4 + simtvf_tx // 32 == 0:
                        reduced_frag_simtvf_state_1[simtvf_tx % 32 // 8] = reduced_frag_simtvf_r0_2[0]

# Metadata omitted. Use show_meta=True in script() method to show it.
---------------------59 After RenormalizeSplitPattern---------------------
 # from tvm.script import ir as I
# from tvm.script import tirx as T

@I.ir_module
class Module:
    @T.prim_func
    def main(lhs_handle: T.handle, rhs_handle: T.handle, out_handle: T.handle):
        T.func_attr({"target": T.target({"host": {"keys": ["cpu"], "kind": "c", "tag": ""}, "keys": ["ascend"], "kind": "ascend", "tag": ""}), "tilelang_out_idx": [-1], "tl.has_tma": T.bool(False)})
        lhs = T.match_buffer(lhs_handle, (8, 4, 8), strides=(32, 8, 1))
        rhs = T.match_buffer(rhs_handle, (8, 4, 8), strides=(32, 8, 1))
        out = T.match_buffer(out_handle, (8, 4), strides=(4, 1))
        bx = T.launch_thread("blockIdx.x", 8)
        tx = T.launch_thread("threadIdx.x", 128)
        ty = T.launch_thread("threadIdx.y", 1)
        tz = T.launch_thread("threadIdx.z", 1)
        src_frag_simtvf_state = T.alloc_buffer((32,), scope="shared.dyn")
        src_frag_simtvf_state_1 = T.decl_buffer((32,), data=src_frag_simtvf_state.data, scope="shared.dyn")
        reduced_frag_simtvf_state = T.alloc_buffer((4,), scope="shared.dyn")
        reduced_frag_simtvf_state_1 = T.decl_buffer((4,), data=reduced_frag_simtvf_state.data, scope="shared.dyn")
        with T.sblock("VECTOR", no_realize=True):
            T.reads()
            T.writes()
            __cond_0: T.bool = bx % 2 == 0
            out_1 = T.Buffer((32,), data=out.data)
            if bx % 2 == 0:
                src_frag_simtvf_r1 = T.Buffer((1,), scope="local")
                reduced_frag_simtvf_r1 = T.Buffer((1,), scope="local")
                src_frag_simtvf_r0 = T.Buffer((1,), scope="local")
                reduced_frag_simtvf_r0 = T.Buffer((1,), scope="local")
                with T.sblock("SIMT_VF", no_realize=True):
                    T.reads()
                    T.writes()
                    T.sblock_attr({"layout_map": {src_frag_simtvf_r1: metadata["tl.Fragment"][0], reduced_frag_simtvf_r1: metadata["tl.Fragment"][1], src_frag_simtvf_r0: metadata["tl.Fragment"][2], reduced_frag_simtvf_r0: metadata["tl.Fragment"][3]}, "tl.vf_source_index": T.int64(0)})
                    src_frag_simtvf_r1_1 = T.alloc_buffer((1,), scope="local")
                    src_frag_simtvf_r1_2 = T.decl_buffer((1,), data=src_frag_simtvf_r1.data, scope="local")
                    reduced_frag_simtvf_r1_1 = T.alloc_buffer((1,), scope="local")
                    reduced_frag_simtvf_r1_2 = T.decl_buffer((1,), data=reduced_frag_simtvf_r1.data, scope="local")
                    simtvf_tx = T.launch_thread("threadIdx.x", 128)
                    simtvf_ty = T.launch_thread("threadIdx.y", 1)
                    simtvf_tz = T.launch_thread("threadIdx.z", 1)
                    T.attr("simtvf", "tl.simtvf_scope", 1)
                    lhs_1 = T.Buffer((256,), data=lhs.data)
                    src_frag_simtvf_r1_2[0] = lhs_1[bx * 32 + simtvf_tx % 32]
                    reduced_frag_simtvf_r1_2[0] = T.float32(0.0)
                    reduced_frag_simtvf_r1_2[0] = reduced_frag_simtvf_r1_2[0] + src_frag_simtvf_r1_2[0]
                    reduced_frag_simtvf_r1_2[0] = T.call_extern("float32", "tl::AscendAllReduce<tl::SumOp, 8, 1, 0>::run", reduced_frag_simtvf_r1_2[0])
                    if simtvf_tx % 8 * 4 + simtvf_tx // 32 == 0:
                        out_1[bx * 4 + simtvf_tx // 8 % 4] = reduced_frag_simtvf_r1_2[0]
                    if simtvf_tx // 32 == 0:
                        src_frag_simtvf_state_1[simtvf_tx % 32] = src_frag_simtvf_r1_2[0]
                    if simtvf_tx % 8 * 4 + simtvf_tx // 32 == 0:
                        reduced_frag_simtvf_state_1[simtvf_tx // 8 % 4] = reduced_frag_simtvf_r1_2[0]
            src_frag_simtvf_r1 = T.Buffer((1,), scope="local")
            reduced_frag_simtvf_r1 = T.Buffer((1,), scope="local")
            src_frag_simtvf_r0 = T.Buffer((1,), scope="local")
            reduced_frag_simtvf_r0 = T.Buffer((1,), scope="local")
            if 0 < bx % 2:
                with T.sblock("SIMT_VF", no_realize=True):
                    T.reads()
                    T.writes()
                    T.sblock_attr({"layout_map": {src_frag_simtvf_r1: metadata["tl.Fragment"][0], reduced_frag_simtvf_r1: metadata["tl.Fragment"][1], src_frag_simtvf_r0: metadata["tl.Fragment"][2], reduced_frag_simtvf_r0: metadata["tl.Fragment"][3]}, "tl.vf_source_index": T.int64(1)})
                    src_frag_simtvf_r0_1 = T.alloc_buffer((1,), scope="local")
                    src_frag_simtvf_r0_2 = T.decl_buffer((1,), data=src_frag_simtvf_r0.data, scope="local")
                    reduced_frag_simtvf_r0_1 = T.alloc_buffer((1,), scope="local")
                    reduced_frag_simtvf_r0_2 = T.decl_buffer((1,), data=reduced_frag_simtvf_r0.data, scope="local")
                    simtvf_tx = T.launch_thread("threadIdx.x", 128)
                    simtvf_ty = T.launch_thread("threadIdx.y", 1)
                    simtvf_tz = T.launch_thread("threadIdx.z", 1)
                    T.attr("simtvf", "tl.simtvf_scope", 1)
                    rhs_1 = T.Buffer((256,), data=rhs.data)
                    src_frag_simtvf_r0_2[0] = rhs_1[bx * 32 + simtvf_tx % 32]
                    reduced_frag_simtvf_r0_2[0] = T.float32("-inf")
                    reduced_frag_simtvf_r0_2[0] = T.max(reduced_frag_simtvf_r0_2[0], src_frag_simtvf_r0_2[0])
                    reduced_frag_simtvf_r0_2[0] = T.call_extern("float32", "tl::AscendAllReduce<tl::MaxOp, 8, 1, 0>::run", reduced_frag_simtvf_r0_2[0])
                    if simtvf_tx % 8 * 4 + simtvf_tx // 32 == 0:
                        out_1[bx * 4 + simtvf_tx // 8 % 4] = reduced_frag_simtvf_r0_2[0]
                    if simtvf_tx // 32 == 0:
                        src_frag_simtvf_state_1[simtvf_tx % 32] = src_frag_simtvf_r0_2[0]
                    if simtvf_tx % 8 * 4 + simtvf_tx // 32 == 0:
                        reduced_frag_simtvf_state_1[simtvf_tx // 8 % 4] = reduced_frag_simtvf_r0_2[0]

# Metadata omitted. Use show_meta=True in script() method to show it.
---------------------60 After Simplify---------------------
 # from tvm.script import ir as I
# from tvm.script import tirx as T

@I.ir_module
class Module:
    @T.prim_func
    def main(lhs_handle: T.handle, rhs_handle: T.handle, out_handle: T.handle):
        T.func_attr({"target": T.target({"host": {"keys": ["cpu"], "kind": "c", "tag": ""}, "keys": ["ascend"], "kind": "ascend", "tag": ""}), "tilelang_out_idx": [-1], "tl.has_tma": T.bool(False)})
        lhs = T.match_buffer(lhs_handle, (8, 4, 8), strides=(32, 8, 1))
        rhs = T.match_buffer(rhs_handle, (8, 4, 8), strides=(32, 8, 1))
        out = T.match_buffer(out_handle, (8, 4), strides=(4, 1))
        bx = T.launch_thread("blockIdx.x", 8)
        tx = T.launch_thread("threadIdx.x", 128)
        ty = T.launch_thread("threadIdx.y", 1)
        tz = T.launch_thread("threadIdx.z", 1)
        src_frag_simtvf_state = T.alloc_buffer((32,), scope="shared.dyn")
        src_frag_simtvf_state_1 = T.decl_buffer((32,), data=src_frag_simtvf_state.data, scope="shared.dyn")
        reduced_frag_simtvf_state = T.alloc_buffer((4,), scope="shared.dyn")
        reduced_frag_simtvf_state_1 = T.decl_buffer((4,), data=reduced_frag_simtvf_state.data, scope="shared.dyn")
        with T.sblock("VECTOR", no_realize=True):
            T.reads()
            T.writes()
            __cond_0: T.bool = bx % 2 == 0
            out_1 = T.Buffer((32,), data=out.data)
            if bx % 2 == 0:
                src_frag_simtvf_r1 = T.Buffer((1,), scope="local")
                reduced_frag_simtvf_r1 = T.Buffer((1,), scope="local")
                src_frag_simtvf_r0 = T.Buffer((1,), scope="local")
                reduced_frag_simtvf_r0 = T.Buffer((1,), scope="local")
                with T.sblock("SIMT_VF", no_realize=True):
                    T.reads()
                    T.writes()
                    T.sblock_attr({"layout_map": {src_frag_simtvf_r1: metadata["tl.Fragment"][0], reduced_frag_simtvf_r1: metadata["tl.Fragment"][1], src_frag_simtvf_r0: metadata["tl.Fragment"][2], reduced_frag_simtvf_r0: metadata["tl.Fragment"][3]}, "tl.vf_source_index": T.int64(0)})
                    src_frag_simtvf_r1_1 = T.alloc_buffer((1,), scope="local")
                    src_frag_simtvf_r1_2 = T.decl_buffer((1,), data=src_frag_simtvf_r1.data, scope="local")
                    reduced_frag_simtvf_r1_1 = T.alloc_buffer((1,), scope="local")
                    reduced_frag_simtvf_r1_2 = T.decl_buffer((1,), data=reduced_frag_simtvf_r1.data, scope="local")
                    simtvf_tx = T.launch_thread("threadIdx.x", 128)
                    simtvf_ty = T.launch_thread("threadIdx.y", 1)
                    simtvf_tz = T.launch_thread("threadIdx.z", 1)
                    T.attr("simtvf", "tl.simtvf_scope", 1)
                    lhs_1 = T.Buffer((256,), data=lhs.data)
                    src_frag_simtvf_r1_2[0] = lhs_1[bx * 32 + simtvf_tx % 32]
                    reduced_frag_simtvf_r1_2[0] = T.float32(0.0)
                    reduced_frag_simtvf_r1_2[0] = reduced_frag_simtvf_r1_2[0] + src_frag_simtvf_r1_2[0]
                    reduced_frag_simtvf_r1_2[0] = T.call_extern("float32", "tl::AscendAllReduce<tl::SumOp, 8, 1, 0>::run", reduced_frag_simtvf_r1_2[0])
                    if simtvf_tx % 8 * 4 + simtvf_tx // 32 == 0:
                        out_1[bx * 4 + simtvf_tx % 32 // 8] = reduced_frag_simtvf_r1_2[0]
                    if simtvf_tx // 32 == 0:
                        src_frag_simtvf_state_1[simtvf_tx % 32] = src_frag_simtvf_r1_2[0]
                    if simtvf_tx % 8 * 4 + simtvf_tx // 32 == 0:
                        reduced_frag_simtvf_state_1[simtvf_tx % 32 // 8] = reduced_frag_simtvf_r1_2[0]
            src_frag_simtvf_r1 = T.Buffer((1,), scope="local")
            reduced_frag_simtvf_r1 = T.Buffer((1,), scope="local")
            src_frag_simtvf_r0 = T.Buffer((1,), scope="local")
            reduced_frag_simtvf_r0 = T.Buffer((1,), scope="local")
            if 0 < bx % 2:
                with T.sblock("SIMT_VF", no_realize=True):
                    T.reads()
                    T.writes()
                    T.sblock_attr({"layout_map": {src_frag_simtvf_r1: metadata["tl.Fragment"][0], reduced_frag_simtvf_r1: metadata["tl.Fragment"][1], src_frag_simtvf_r0: metadata["tl.Fragment"][2], reduced_frag_simtvf_r0: metadata["tl.Fragment"][3]}, "tl.vf_source_index": T.int64(1)})
                    src_frag_simtvf_r0_1 = T.alloc_buffer((1,), scope="local")
                    src_frag_simtvf_r0_2 = T.decl_buffer((1,), data=src_frag_simtvf_r0.data, scope="local")
                    reduced_frag_simtvf_r0_1 = T.alloc_buffer((1,), scope="local")
                    reduced_frag_simtvf_r0_2 = T.decl_buffer((1,), data=reduced_frag_simtvf_r0.data, scope="local")
                    simtvf_tx = T.launch_thread("threadIdx.x", 128)
                    simtvf_ty = T.launch_thread("threadIdx.y", 1)
                    simtvf_tz = T.launch_thread("threadIdx.z", 1)
                    T.attr("simtvf", "tl.simtvf_scope", 1)
                    rhs_1 = T.Buffer((256,), data=rhs.data)
                    src_frag_simtvf_r0_2[0] = rhs_1[bx * 32 + simtvf_tx % 32]
                    reduced_frag_simtvf_r0_2[0] = T.float32("-inf")
                    reduced_frag_simtvf_r0_2[0] = T.max(reduced_frag_simtvf_r0_2[0], src_frag_simtvf_r0_2[0])
                    reduced_frag_simtvf_r0_2[0] = T.call_extern("float32", "tl::AscendAllReduce<tl::MaxOp, 8, 1, 0>::run", reduced_frag_simtvf_r0_2[0])
                    if simtvf_tx % 8 * 4 + simtvf_tx // 32 == 0:
                        out_1[bx * 4 + simtvf_tx % 32 // 8] = reduced_frag_simtvf_r0_2[0]
                    if simtvf_tx // 32 == 0:
                        src_frag_simtvf_state_1[simtvf_tx % 32] = src_frag_simtvf_r0_2[0]
                    if simtvf_tx % 8 * 4 + simtvf_tx // 32 == 0:
                        reduced_frag_simtvf_state_1[simtvf_tx % 32 // 8] = reduced_frag_simtvf_r0_2[0]

# Metadata omitted. Use show_meta=True in script() method to show it.
---------------------61 After AscendRemoveNoOp---------------------
 # from tvm.script import ir as I
# from tvm.script import tirx as T

@I.ir_module
class Module:
    @T.prim_func
    def main(lhs_handle: T.handle, rhs_handle: T.handle, out_handle: T.handle):
        T.func_attr({"target": T.target({"host": {"keys": ["cpu"], "kind": "c", "tag": ""}, "keys": ["ascend"], "kind": "ascend", "tag": ""}), "tilelang_out_idx": [-1], "tl.has_tma": T.bool(False)})
        lhs = T.match_buffer(lhs_handle, (8, 4, 8), strides=(32, 8, 1))
        rhs = T.match_buffer(rhs_handle, (8, 4, 8), strides=(32, 8, 1))
        out = T.match_buffer(out_handle, (8, 4), strides=(4, 1))
        bx = T.launch_thread("blockIdx.x", 8)
        tx = T.launch_thread("threadIdx.x", 128)
        ty = T.launch_thread("threadIdx.y", 1)
        tz = T.launch_thread("threadIdx.z", 1)
        src_frag_simtvf_state = T.alloc_buffer((32,), scope="shared.dyn")
        src_frag_simtvf_state_1 = T.decl_buffer((32,), data=src_frag_simtvf_state.data, scope="shared.dyn")
        reduced_frag_simtvf_state = T.alloc_buffer((4,), scope="shared.dyn")
        reduced_frag_simtvf_state_1 = T.decl_buffer((4,), data=reduced_frag_simtvf_state.data, scope="shared.dyn")
        with T.sblock("VECTOR", no_realize=True):
            T.reads()
            T.writes()
            __cond_0: T.bool = bx % 2 == 0
            out_1 = T.Buffer((32,), data=out.data)
            if bx % 2 == 0:
                src_frag_simtvf_r1 = T.Buffer((1,), scope="local")
                reduced_frag_simtvf_r1 = T.Buffer((1,), scope="local")
                src_frag_simtvf_r0 = T.Buffer((1,), scope="local")
                reduced_frag_simtvf_r0 = T.Buffer((1,), scope="local")
                with T.sblock("SIMT_VF", no_realize=True):
                    T.reads()
                    T.writes()
                    T.sblock_attr({"layout_map": {src_frag_simtvf_r1: metadata["tl.Fragment"][0], reduced_frag_simtvf_r1: metadata["tl.Fragment"][1], src_frag_simtvf_r0: metadata["tl.Fragment"][2], reduced_frag_simtvf_r0: metadata["tl.Fragment"][3]}, "tl.vf_source_index": T.int64(0)})
                    src_frag_simtvf_r1_1 = T.alloc_buffer((1,), scope="local")
                    src_frag_simtvf_r1_2 = T.decl_buffer((1,), data=src_frag_simtvf_r1.data, scope="local")
                    reduced_frag_simtvf_r1_1 = T.alloc_buffer((1,), scope="local")
                    reduced_frag_simtvf_r1_2 = T.decl_buffer((1,), data=reduced_frag_simtvf_r1.data, scope="local")
                    simtvf_tx = T.launch_thread("threadIdx.x", 128)
                    simtvf_ty = T.launch_thread("threadIdx.y", 1)
                    simtvf_tz = T.launch_thread("threadIdx.z", 1)
                    T.attr("simtvf", "tl.simtvf_scope", 1)
                    lhs_1 = T.Buffer((256,), data=lhs.data)
                    src_frag_simtvf_r1_2[0] = lhs_1[bx * 32 + simtvf_tx % 32]
                    reduced_frag_simtvf_r1_2[0] = T.float32(0.0)
                    reduced_frag_simtvf_r1_2[0] = reduced_frag_simtvf_r1_2[0] + src_frag_simtvf_r1_2[0]
                    reduced_frag_simtvf_r1_2[0] = T.call_extern("float32", "tl::AscendAllReduce<tl::SumOp, 8, 1, 0>::run", reduced_frag_simtvf_r1_2[0])
                    if simtvf_tx % 8 * 4 + simtvf_tx // 32 == 0:
                        out_1[bx * 4 + simtvf_tx % 32 // 8] = reduced_frag_simtvf_r1_2[0]
                    if simtvf_tx // 32 == 0:
                        src_frag_simtvf_state_1[simtvf_tx % 32] = src_frag_simtvf_r1_2[0]
                    if simtvf_tx % 8 * 4 + simtvf_tx // 32 == 0:
                        reduced_frag_simtvf_state_1[simtvf_tx % 32 // 8] = reduced_frag_simtvf_r1_2[0]
            src_frag_simtvf_r1 = T.Buffer((1,), scope="local")
            reduced_frag_simtvf_r1 = T.Buffer((1,), scope="local")
            src_frag_simtvf_r0 = T.Buffer((1,), scope="local")
            reduced_frag_simtvf_r0 = T.Buffer((1,), scope="local")
            if 0 < bx % 2:
                with T.sblock("SIMT_VF", no_realize=True):
                    T.reads()
                    T.writes()
                    T.sblock_attr({"layout_map": {src_frag_simtvf_r1: metadata["tl.Fragment"][0], reduced_frag_simtvf_r1: metadata["tl.Fragment"][1], src_frag_simtvf_r0: metadata["tl.Fragment"][2], reduced_frag_simtvf_r0: metadata["tl.Fragment"][3]}, "tl.vf_source_index": T.int64(1)})
                    src_frag_simtvf_r0_1 = T.alloc_buffer((1,), scope="local")
                    src_frag_simtvf_r0_2 = T.decl_buffer((1,), data=src_frag_simtvf_r0.data, scope="local")
                    reduced_frag_simtvf_r0_1 = T.alloc_buffer((1,), scope="local")
                    reduced_frag_simtvf_r0_2 = T.decl_buffer((1,), data=reduced_frag_simtvf_r0.data, scope="local")
                    simtvf_tx = T.launch_thread("threadIdx.x", 128)
                    simtvf_ty = T.launch_thread("threadIdx.y", 1)
                    simtvf_tz = T.launch_thread("threadIdx.z", 1)
                    T.attr("simtvf", "tl.simtvf_scope", 1)
                    rhs_1 = T.Buffer((256,), data=rhs.data)
                    src_frag_simtvf_r0_2[0] = rhs_1[bx * 32 + simtvf_tx % 32]
                    reduced_frag_simtvf_r0_2[0] = T.float32("-inf")
                    reduced_frag_simtvf_r0_2[0] = T.max(reduced_frag_simtvf_r0_2[0], src_frag_simtvf_r0_2[0])
                    reduced_frag_simtvf_r0_2[0] = T.call_extern("float32", "tl::AscendAllReduce<tl::MaxOp, 8, 1, 0>::run", reduced_frag_simtvf_r0_2[0])
                    if simtvf_tx % 8 * 4 + simtvf_tx // 32 == 0:
                        out_1[bx * 4 + simtvf_tx % 32 // 8] = reduced_frag_simtvf_r0_2[0]
                    if simtvf_tx // 32 == 0:
                        src_frag_simtvf_state_1[simtvf_tx % 32] = src_frag_simtvf_r0_2[0]
                    if simtvf_tx % 8 * 4 + simtvf_tx // 32 == 0:
                        reduced_frag_simtvf_state_1[simtvf_tx % 32 // 8] = reduced_frag_simtvf_r0_2[0]

# Metadata omitted. Use show_meta=True in script() method to show it.
---------------------62 After HoistIfThenElse---------------------
 # from tvm.script import ir as I
# from tvm.script import tirx as T

@I.ir_module
class Module:
    @T.prim_func
    def main(lhs_handle: T.handle, rhs_handle: T.handle, out_handle: T.handle):
        T.func_attr({"target": T.target({"host": {"keys": ["cpu"], "kind": "c", "tag": ""}, "keys": ["ascend"], "kind": "ascend", "tag": ""}), "tilelang_out_idx": [-1], "tl.has_tma": T.bool(False)})
        lhs = T.match_buffer(lhs_handle, (8, 4, 8), strides=(32, 8, 1))
        rhs = T.match_buffer(rhs_handle, (8, 4, 8), strides=(32, 8, 1))
        out = T.match_buffer(out_handle, (8, 4), strides=(4, 1))
        bx = T.launch_thread("blockIdx.x", 8)
        tx = T.launch_thread("threadIdx.x", 128)
        ty = T.launch_thread("threadIdx.y", 1)
        tz = T.launch_thread("threadIdx.z", 1)
        src_frag_simtvf_state = T.alloc_buffer((32,), scope="shared.dyn")
        src_frag_simtvf_state_1 = T.decl_buffer((32,), data=src_frag_simtvf_state.data, scope="shared.dyn")
        reduced_frag_simtvf_state = T.alloc_buffer((4,), scope="shared.dyn")
        reduced_frag_simtvf_state_1 = T.decl_buffer((4,), data=reduced_frag_simtvf_state.data, scope="shared.dyn")
        with T.sblock("VECTOR", no_realize=True):
            T.reads()
            T.writes()
            __cond_0: T.bool = bx % 2 == 0
            out_1 = T.Buffer((32,), data=out.data)
            if bx % 2 == 0:
                src_frag_simtvf_r1 = T.Buffer((1,), scope="local")
                reduced_frag_simtvf_r1 = T.Buffer((1,), scope="local")
                src_frag_simtvf_r0 = T.Buffer((1,), scope="local")
                reduced_frag_simtvf_r0 = T.Buffer((1,), scope="local")
                with T.sblock("SIMT_VF", no_realize=True):
                    T.reads()
                    T.writes()
                    T.sblock_attr({"layout_map": {src_frag_simtvf_r1: metadata["tl.Fragment"][0], reduced_frag_simtvf_r1: metadata["tl.Fragment"][1], src_frag_simtvf_r0: metadata["tl.Fragment"][2], reduced_frag_simtvf_r0: metadata["tl.Fragment"][3]}, "tl.vf_source_index": T.int64(0)})
                    src_frag_simtvf_r1_1 = T.alloc_buffer((1,), scope="local")
                    src_frag_simtvf_r1_2 = T.decl_buffer((1,), data=src_frag_simtvf_r1.data, scope="local")
                    reduced_frag_simtvf_r1_1 = T.alloc_buffer((1,), scope="local")
                    reduced_frag_simtvf_r1_2 = T.decl_buffer((1,), data=reduced_frag_simtvf_r1.data, scope="local")
                    simtvf_tx = T.launch_thread("threadIdx.x", 128)
                    simtvf_ty = T.launch_thread("threadIdx.y", 1)
                    simtvf_tz = T.launch_thread("threadIdx.z", 1)
                    T.attr("simtvf", "tl.simtvf_scope", 1)
                    lhs_1 = T.Buffer((256,), data=lhs.data)
                    src_frag_simtvf_r1_2[0] = lhs_1[bx * 32 + simtvf_tx % 32]
                    reduced_frag_simtvf_r1_2[0] = T.float32(0.0)
                    reduced_frag_simtvf_r1_2[0] = reduced_frag_simtvf_r1_2[0] + src_frag_simtvf_r1_2[0]
                    reduced_frag_simtvf_r1_2[0] = T.call_extern("float32", "tl::AscendAllReduce<tl::SumOp, 8, 1, 0>::run", reduced_frag_simtvf_r1_2[0])
                    if simtvf_tx % 8 * 4 + simtvf_tx // 32 == 0:
                        out_1[bx * 4 + simtvf_tx % 32 // 8] = reduced_frag_simtvf_r1_2[0]
                    if simtvf_tx // 32 == 0:
                        src_frag_simtvf_state_1[simtvf_tx % 32] = src_frag_simtvf_r1_2[0]
                    if simtvf_tx % 8 * 4 + simtvf_tx // 32 == 0:
                        reduced_frag_simtvf_state_1[simtvf_tx % 32 // 8] = reduced_frag_simtvf_r1_2[0]
            src_frag_simtvf_r1 = T.Buffer((1,), scope="local")
            reduced_frag_simtvf_r1 = T.Buffer((1,), scope="local")
            src_frag_simtvf_r0 = T.Buffer((1,), scope="local")
            reduced_frag_simtvf_r0 = T.Buffer((1,), scope="local")
            if 0 < bx % 2:
                with T.sblock("SIMT_VF", no_realize=True):
                    T.reads()
                    T.writes()
                    T.sblock_attr({"layout_map": {src_frag_simtvf_r1: metadata["tl.Fragment"][0], reduced_frag_simtvf_r1: metadata["tl.Fragment"][1], src_frag_simtvf_r0: metadata["tl.Fragment"][2], reduced_frag_simtvf_r0: metadata["tl.Fragment"][3]}, "tl.vf_source_index": T.int64(1)})
                    src_frag_simtvf_r0_1 = T.alloc_buffer((1,), scope="local")
                    src_frag_simtvf_r0_2 = T.decl_buffer((1,), data=src_frag_simtvf_r0.data, scope="local")
                    reduced_frag_simtvf_r0_1 = T.alloc_buffer((1,), scope="local")
                    reduced_frag_simtvf_r0_2 = T.decl_buffer((1,), data=reduced_frag_simtvf_r0.data, scope="local")
                    simtvf_tx = T.launch_thread("threadIdx.x", 128)
                    simtvf_ty = T.launch_thread("threadIdx.y", 1)
                    simtvf_tz = T.launch_thread("threadIdx.z", 1)
                    T.attr("simtvf", "tl.simtvf_scope", 1)
                    rhs_1 = T.Buffer((256,), data=rhs.data)
                    src_frag_simtvf_r0_2[0] = rhs_1[bx * 32 + simtvf_tx % 32]
                    reduced_frag_simtvf_r0_2[0] = T.float32("-inf")
                    reduced_frag_simtvf_r0_2[0] = T.max(reduced_frag_simtvf_r0_2[0], src_frag_simtvf_r0_2[0])
                    reduced_frag_simtvf_r0_2[0] = T.call_extern("float32", "tl::AscendAllReduce<tl::MaxOp, 8, 1, 0>::run", reduced_frag_simtvf_r0_2[0])
                    if simtvf_tx % 8 * 4 + simtvf_tx // 32 == 0:
                        out_1[bx * 4 + simtvf_tx % 32 // 8] = reduced_frag_simtvf_r0_2[0]
                    if simtvf_tx // 32 == 0:
                        src_frag_simtvf_state_1[simtvf_tx % 32] = src_frag_simtvf_r0_2[0]
                    if simtvf_tx % 8 * 4 + simtvf_tx // 32 == 0:
                        reduced_frag_simtvf_state_1[simtvf_tx % 32 // 8] = reduced_frag_simtvf_r0_2[0]

# Metadata omitted. Use show_meta=True in script() method to show it.
---------------------63 After Simplify---------------------
 # from tvm.script import ir as I
# from tvm.script import tirx as T

@I.ir_module
class Module:
    @T.prim_func
    def main(lhs_handle: T.handle, rhs_handle: T.handle, out_handle: T.handle):
        T.func_attr({"target": T.target({"host": {"keys": ["cpu"], "kind": "c", "tag": ""}, "keys": ["ascend"], "kind": "ascend", "tag": ""}), "tilelang_out_idx": [-1], "tl.has_tma": T.bool(False)})
        lhs = T.match_buffer(lhs_handle, (8, 4, 8), strides=(32, 8, 1))
        rhs = T.match_buffer(rhs_handle, (8, 4, 8), strides=(32, 8, 1))
        out = T.match_buffer(out_handle, (8, 4), strides=(4, 1))
        bx = T.launch_thread("blockIdx.x", 8)
        tx = T.launch_thread("threadIdx.x", 128)
        ty = T.launch_thread("threadIdx.y", 1)
        tz = T.launch_thread("threadIdx.z", 1)
        src_frag_simtvf_state = T.alloc_buffer((32,), scope="shared.dyn")
        src_frag_simtvf_state_1 = T.decl_buffer((32,), data=src_frag_simtvf_state.data, scope="shared.dyn")
        reduced_frag_simtvf_state = T.alloc_buffer((4,), scope="shared.dyn")
        reduced_frag_simtvf_state_1 = T.decl_buffer((4,), data=reduced_frag_simtvf_state.data, scope="shared.dyn")
        with T.sblock("VECTOR", no_realize=True):
            T.reads()
            T.writes()
            __cond_0: T.bool = bx % 2 == 0
            out_1 = T.Buffer((32,), data=out.data)
            if bx % 2 == 0:
                src_frag_simtvf_r1 = T.Buffer((1,), scope="local")
                reduced_frag_simtvf_r1 = T.Buffer((1,), scope="local")
                src_frag_simtvf_r0 = T.Buffer((1,), scope="local")
                reduced_frag_simtvf_r0 = T.Buffer((1,), scope="local")
                with T.sblock("SIMT_VF", no_realize=True):
                    T.reads()
                    T.writes()
                    T.sblock_attr({"layout_map": {src_frag_simtvf_r1: metadata["tl.Fragment"][0], reduced_frag_simtvf_r1: metadata["tl.Fragment"][1], src_frag_simtvf_r0: metadata["tl.Fragment"][2], reduced_frag_simtvf_r0: metadata["tl.Fragment"][3]}, "tl.vf_source_index": T.int64(0)})
                    src_frag_simtvf_r1_1 = T.alloc_buffer((1,), scope="local")
                    src_frag_simtvf_r1_2 = T.decl_buffer((1,), data=src_frag_simtvf_r1.data, scope="local")
                    reduced_frag_simtvf_r1_1 = T.alloc_buffer((1,), scope="local")
                    reduced_frag_simtvf_r1_2 = T.decl_buffer((1,), data=reduced_frag_simtvf_r1.data, scope="local")
                    simtvf_tx = T.launch_thread("threadIdx.x", 128)
                    simtvf_ty = T.launch_thread("threadIdx.y", 1)
                    simtvf_tz = T.launch_thread("threadIdx.z", 1)
                    T.attr("simtvf", "tl.simtvf_scope", 1)
                    lhs_1 = T.Buffer((256,), data=lhs.data)
                    src_frag_simtvf_r1_2[0] = lhs_1[bx * 32 + simtvf_tx % 32]
                    reduced_frag_simtvf_r1_2[0] = T.float32(0.0)
                    reduced_frag_simtvf_r1_2[0] = reduced_frag_simtvf_r1_2[0] + src_frag_simtvf_r1_2[0]
                    reduced_frag_simtvf_r1_2[0] = T.call_extern("float32", "tl::AscendAllReduce<tl::SumOp, 8, 1, 0>::run", reduced_frag_simtvf_r1_2[0])
                    if simtvf_tx % 8 * 4 + simtvf_tx // 32 == 0:
                        out_1[bx * 4 + simtvf_tx % 32 // 8] = reduced_frag_simtvf_r1_2[0]
                    if simtvf_tx // 32 == 0:
                        src_frag_simtvf_state_1[simtvf_tx % 32] = src_frag_simtvf_r1_2[0]
                    if simtvf_tx % 8 * 4 + simtvf_tx // 32 == 0:
                        reduced_frag_simtvf_state_1[simtvf_tx % 32 // 8] = reduced_frag_simtvf_r1_2[0]
            src_frag_simtvf_r1 = T.Buffer((1,), scope="local")
            reduced_frag_simtvf_r1 = T.Buffer((1,), scope="local")
            src_frag_simtvf_r0 = T.Buffer((1,), scope="local")
            reduced_frag_simtvf_r0 = T.Buffer((1,), scope="local")
            if 0 < bx % 2:
                with T.sblock("SIMT_VF", no_realize=True):
                    T.reads()
                    T.writes()
                    T.sblock_attr({"layout_map": {src_frag_simtvf_r1: metadata["tl.Fragment"][0], reduced_frag_simtvf_r1: metadata["tl.Fragment"][1], src_frag_simtvf_r0: metadata["tl.Fragment"][2], reduced_frag_simtvf_r0: metadata["tl.Fragment"][3]}, "tl.vf_source_index": T.int64(1)})
                    src_frag_simtvf_r0_1 = T.alloc_buffer((1,), scope="local")
                    src_frag_simtvf_r0_2 = T.decl_buffer((1,), data=src_frag_simtvf_r0.data, scope="local")
                    reduced_frag_simtvf_r0_1 = T.alloc_buffer((1,), scope="local")
                    reduced_frag_simtvf_r0_2 = T.decl_buffer((1,), data=reduced_frag_simtvf_r0.data, scope="local")
                    simtvf_tx = T.launch_thread("threadIdx.x", 128)
                    simtvf_ty = T.launch_thread("threadIdx.y", 1)
                    simtvf_tz = T.launch_thread("threadIdx.z", 1)
                    T.attr("simtvf", "tl.simtvf_scope", 1)
                    rhs_1 = T.Buffer((256,), data=rhs.data)
                    src_frag_simtvf_r0_2[0] = rhs_1[bx * 32 + simtvf_tx % 32]
                    reduced_frag_simtvf_r0_2[0] = T.float32("-inf")
                    reduced_frag_simtvf_r0_2[0] = T.max(reduced_frag_simtvf_r0_2[0], src_frag_simtvf_r0_2[0])
                    reduced_frag_simtvf_r0_2[0] = T.call_extern("float32", "tl::AscendAllReduce<tl::MaxOp, 8, 1, 0>::run", reduced_frag_simtvf_r0_2[0])
                    if simtvf_tx % 8 * 4 + simtvf_tx // 32 == 0:
                        out_1[bx * 4 + simtvf_tx % 32 // 8] = reduced_frag_simtvf_r0_2[0]
                    if simtvf_tx // 32 == 0:
                        src_frag_simtvf_state_1[simtvf_tx % 32] = src_frag_simtvf_r0_2[0]
                    if simtvf_tx % 8 * 4 + simtvf_tx // 32 == 0:
                        reduced_frag_simtvf_state_1[simtvf_tx % 32 // 8] = reduced_frag_simtvf_r0_2[0]

# Metadata omitted. Use show_meta=True in script() method to show it.
---------------------64 After AscendRemoveNoOp---------------------
 # from tvm.script import ir as I
# from tvm.script import tirx as T

@I.ir_module
class Module:
    @T.prim_func
    def main(lhs_handle: T.handle, rhs_handle: T.handle, out_handle: T.handle):
        T.func_attr({"target": T.target({"host": {"keys": ["cpu"], "kind": "c", "tag": ""}, "keys": ["ascend"], "kind": "ascend", "tag": ""}), "tilelang_out_idx": [-1], "tl.has_tma": T.bool(False)})
        lhs = T.match_buffer(lhs_handle, (8, 4, 8), strides=(32, 8, 1))
        rhs = T.match_buffer(rhs_handle, (8, 4, 8), strides=(32, 8, 1))
        out = T.match_buffer(out_handle, (8, 4), strides=(4, 1))
        bx = T.launch_thread("blockIdx.x", 8)
        tx = T.launch_thread("threadIdx.x", 128)
        ty = T.launch_thread("threadIdx.y", 1)
        tz = T.launch_thread("threadIdx.z", 1)
        src_frag_simtvf_state = T.alloc_buffer((32,), scope="shared.dyn")
        src_frag_simtvf_state_1 = T.decl_buffer((32,), data=src_frag_simtvf_state.data, scope="shared.dyn")
        reduced_frag_simtvf_state = T.alloc_buffer((4,), scope="shared.dyn")
        reduced_frag_simtvf_state_1 = T.decl_buffer((4,), data=reduced_frag_simtvf_state.data, scope="shared.dyn")
        with T.sblock("VECTOR", no_realize=True):
            T.reads()
            T.writes()
            __cond_0: T.bool = bx % 2 == 0
            out_1 = T.Buffer((32,), data=out.data)
            if bx % 2 == 0:
                src_frag_simtvf_r1 = T.Buffer((1,), scope="local")
                reduced_frag_simtvf_r1 = T.Buffer((1,), scope="local")
                src_frag_simtvf_r0 = T.Buffer((1,), scope="local")
                reduced_frag_simtvf_r0 = T.Buffer((1,), scope="local")
                with T.sblock("SIMT_VF", no_realize=True):
                    T.reads()
                    T.writes()
                    T.sblock_attr({"layout_map": {src_frag_simtvf_r1: metadata["tl.Fragment"][0], reduced_frag_simtvf_r1: metadata["tl.Fragment"][1], src_frag_simtvf_r0: metadata["tl.Fragment"][2], reduced_frag_simtvf_r0: metadata["tl.Fragment"][3]}, "tl.vf_source_index": T.int64(0)})
                    src_frag_simtvf_r1_1 = T.alloc_buffer((1,), scope="local")
                    src_frag_simtvf_r1_2 = T.decl_buffer((1,), data=src_frag_simtvf_r1.data, scope="local")
                    reduced_frag_simtvf_r1_1 = T.alloc_buffer((1,), scope="local")
                    reduced_frag_simtvf_r1_2 = T.decl_buffer((1,), data=reduced_frag_simtvf_r1.data, scope="local")
                    simtvf_tx = T.launch_thread("threadIdx.x", 128)
                    simtvf_ty = T.launch_thread("threadIdx.y", 1)
                    simtvf_tz = T.launch_thread("threadIdx.z", 1)
                    T.attr("simtvf", "tl.simtvf_scope", 1)
                    lhs_1 = T.Buffer((256,), data=lhs.data)
                    src_frag_simtvf_r1_2[0] = lhs_1[bx * 32 + simtvf_tx % 32]
                    reduced_frag_simtvf_r1_2[0] = T.float32(0.0)
                    reduced_frag_simtvf_r1_2[0] = reduced_frag_simtvf_r1_2[0] + src_frag_simtvf_r1_2[0]
                    reduced_frag_simtvf_r1_2[0] = T.call_extern("float32", "tl::AscendAllReduce<tl::SumOp, 8, 1, 0>::run", reduced_frag_simtvf_r1_2[0])
                    if simtvf_tx % 8 * 4 + simtvf_tx // 32 == 0:
                        out_1[bx * 4 + simtvf_tx % 32 // 8] = reduced_frag_simtvf_r1_2[0]
                    if simtvf_tx // 32 == 0:
                        src_frag_simtvf_state_1[simtvf_tx % 32] = src_frag_simtvf_r1_2[0]
                    if simtvf_tx % 8 * 4 + simtvf_tx // 32 == 0:
                        reduced_frag_simtvf_state_1[simtvf_tx % 32 // 8] = reduced_frag_simtvf_r1_2[0]
            src_frag_simtvf_r1 = T.Buffer((1,), scope="local")
            reduced_frag_simtvf_r1 = T.Buffer((1,), scope="local")
            src_frag_simtvf_r0 = T.Buffer((1,), scope="local")
            reduced_frag_simtvf_r0 = T.Buffer((1,), scope="local")
            if 0 < bx % 2:
                with T.sblock("SIMT_VF", no_realize=True):
                    T.reads()
                    T.writes()
                    T.sblock_attr({"layout_map": {src_frag_simtvf_r1: metadata["tl.Fragment"][0], reduced_frag_simtvf_r1: metadata["tl.Fragment"][1], src_frag_simtvf_r0: metadata["tl.Fragment"][2], reduced_frag_simtvf_r0: metadata["tl.Fragment"][3]}, "tl.vf_source_index": T.int64(1)})
                    src_frag_simtvf_r0_1 = T.alloc_buffer((1,), scope="local")
                    src_frag_simtvf_r0_2 = T.decl_buffer((1,), data=src_frag_simtvf_r0.data, scope="local")
                    reduced_frag_simtvf_r0_1 = T.alloc_buffer((1,), scope="local")
                    reduced_frag_simtvf_r0_2 = T.decl_buffer((1,), data=reduced_frag_simtvf_r0.data, scope="local")
                    simtvf_tx = T.launch_thread("threadIdx.x", 128)
                    simtvf_ty = T.launch_thread("threadIdx.y", 1)
                    simtvf_tz = T.launch_thread("threadIdx.z", 1)
                    T.attr("simtvf", "tl.simtvf_scope", 1)
                    rhs_1 = T.Buffer((256,), data=rhs.data)
                    src_frag_simtvf_r0_2[0] = rhs_1[bx * 32 + simtvf_tx % 32]
                    reduced_frag_simtvf_r0_2[0] = T.float32("-inf")
                    reduced_frag_simtvf_r0_2[0] = T.max(reduced_frag_simtvf_r0_2[0], src_frag_simtvf_r0_2[0])
                    reduced_frag_simtvf_r0_2[0] = T.call_extern("float32", "tl::AscendAllReduce<tl::MaxOp, 8, 1, 0>::run", reduced_frag_simtvf_r0_2[0])
                    if simtvf_tx % 8 * 4 + simtvf_tx // 32 == 0:
                        out_1[bx * 4 + simtvf_tx % 32 // 8] = reduced_frag_simtvf_r0_2[0]
                    if simtvf_tx // 32 == 0:
                        src_frag_simtvf_state_1[simtvf_tx % 32] = src_frag_simtvf_r0_2[0]
                    if simtvf_tx % 8 * 4 + simtvf_tx // 32 == 0:
                        reduced_frag_simtvf_state_1[simtvf_tx % 32 // 8] = reduced_frag_simtvf_r0_2[0]

# Metadata omitted. Use show_meta=True in script() method to show it.
---------------------65 After VerifyMemory---------------------
 # from tvm.script import ir as I
# from tvm.script import tirx as T

@I.ir_module
class Module:
    @T.prim_func
    def main(lhs_handle: T.handle, rhs_handle: T.handle, out_handle: T.handle):
        T.func_attr({"target": T.target({"host": {"keys": ["cpu"], "kind": "c", "tag": ""}, "keys": ["ascend"], "kind": "ascend", "tag": ""}), "tilelang_out_idx": [-1], "tl.has_tma": T.bool(False)})
        lhs = T.match_buffer(lhs_handle, (8, 4, 8), strides=(32, 8, 1))
        rhs = T.match_buffer(rhs_handle, (8, 4, 8), strides=(32, 8, 1))
        out = T.match_buffer(out_handle, (8, 4), strides=(4, 1))
        bx = T.launch_thread("blockIdx.x", 8)
        tx = T.launch_thread("threadIdx.x", 128)
        ty = T.launch_thread("threadIdx.y", 1)
        tz = T.launch_thread("threadIdx.z", 1)
        src_frag_simtvf_state = T.alloc_buffer((32,), scope="shared.dyn")
        src_frag_simtvf_state_1 = T.decl_buffer((32,), data=src_frag_simtvf_state.data, scope="shared.dyn")
        reduced_frag_simtvf_state = T.alloc_buffer((4,), scope="shared.dyn")
        reduced_frag_simtvf_state_1 = T.decl_buffer((4,), data=reduced_frag_simtvf_state.data, scope="shared.dyn")
        with T.sblock("VECTOR", no_realize=True):
            T.reads()
            T.writes()
            __cond_0: T.bool = bx % 2 == 0
            out_1 = T.Buffer((32,), data=out.data)
            if bx % 2 == 0:
                src_frag_simtvf_r1 = T.Buffer((1,), scope="local")
                reduced_frag_simtvf_r1 = T.Buffer((1,), scope="local")
                src_frag_simtvf_r0 = T.Buffer((1,), scope="local")
                reduced_frag_simtvf_r0 = T.Buffer((1,), scope="local")
                with T.sblock("SIMT_VF", no_realize=True):
                    T.reads()
                    T.writes()
                    T.sblock_attr({"layout_map": {src_frag_simtvf_r1: metadata["tl.Fragment"][0], reduced_frag_simtvf_r1: metadata["tl.Fragment"][1], src_frag_simtvf_r0: metadata["tl.Fragment"][2], reduced_frag_simtvf_r0: metadata["tl.Fragment"][3]}, "tl.vf_source_index": T.int64(0)})
                    src_frag_simtvf_r1_1 = T.alloc_buffer((1,), scope="local")
                    src_frag_simtvf_r1_2 = T.decl_buffer((1,), data=src_frag_simtvf_r1.data, scope="local")
                    reduced_frag_simtvf_r1_1 = T.alloc_buffer((1,), scope="local")
                    reduced_frag_simtvf_r1_2 = T.decl_buffer((1,), data=reduced_frag_simtvf_r1.data, scope="local")
                    simtvf_tx = T.launch_thread("threadIdx.x", 128)
                    simtvf_ty = T.launch_thread("threadIdx.y", 1)
                    simtvf_tz = T.launch_thread("threadIdx.z", 1)
                    T.attr("simtvf", "tl.simtvf_scope", 1)
                    lhs_1 = T.Buffer((256,), data=lhs.data)
                    src_frag_simtvf_r1_2[0] = lhs_1[bx * 32 + simtvf_tx % 32]
                    reduced_frag_simtvf_r1_2[0] = T.float32(0.0)
                    reduced_frag_simtvf_r1_2[0] = reduced_frag_simtvf_r1_2[0] + src_frag_simtvf_r1_2[0]
                    reduced_frag_simtvf_r1_2[0] = T.call_extern("float32", "tl::AscendAllReduce<tl::SumOp, 8, 1, 0>::run", reduced_frag_simtvf_r1_2[0])
                    if simtvf_tx % 8 * 4 + simtvf_tx // 32 == 0:
                        out_1[bx * 4 + simtvf_tx % 32 // 8] = reduced_frag_simtvf_r1_2[0]
                    if simtvf_tx // 32 == 0:
                        src_frag_simtvf_state_1[simtvf_tx % 32] = src_frag_simtvf_r1_2[0]
                    if simtvf_tx % 8 * 4 + simtvf_tx // 32 == 0:
                        reduced_frag_simtvf_state_1[simtvf_tx % 32 // 8] = reduced_frag_simtvf_r1_2[0]
            src_frag_simtvf_r1 = T.Buffer((1,), scope="local")
            reduced_frag_simtvf_r1 = T.Buffer((1,), scope="local")
            src_frag_simtvf_r0 = T.Buffer((1,), scope="local")
            reduced_frag_simtvf_r0 = T.Buffer((1,), scope="local")
            if 0 < bx % 2:
                with T.sblock("SIMT_VF", no_realize=True):
                    T.reads()
                    T.writes()
                    T.sblock_attr({"layout_map": {src_frag_simtvf_r1: metadata["tl.Fragment"][0], reduced_frag_simtvf_r1: metadata["tl.Fragment"][1], src_frag_simtvf_r0: metadata["tl.Fragment"][2], reduced_frag_simtvf_r0: metadata["tl.Fragment"][3]}, "tl.vf_source_index": T.int64(1)})
                    src_frag_simtvf_r0_1 = T.alloc_buffer((1,), scope="local")
                    src_frag_simtvf_r0_2 = T.decl_buffer((1,), data=src_frag_simtvf_r0.data, scope="local")
                    reduced_frag_simtvf_r0_1 = T.alloc_buffer((1,), scope="local")
                    reduced_frag_simtvf_r0_2 = T.decl_buffer((1,), data=reduced_frag_simtvf_r0.data, scope="local")
                    simtvf_tx = T.launch_thread("threadIdx.x", 128)
                    simtvf_ty = T.launch_thread("threadIdx.y", 1)
                    simtvf_tz = T.launch_thread("threadIdx.z", 1)
                    T.attr("simtvf", "tl.simtvf_scope", 1)
                    rhs_1 = T.Buffer((256,), data=rhs.data)
                    src_frag_simtvf_r0_2[0] = rhs_1[bx * 32 + simtvf_tx % 32]
                    reduced_frag_simtvf_r0_2[0] = T.float32("-inf")
                    reduced_frag_simtvf_r0_2[0] = T.max(reduced_frag_simtvf_r0_2[0], src_frag_simtvf_r0_2[0])
                    reduced_frag_simtvf_r0_2[0] = T.call_extern("float32", "tl::AscendAllReduce<tl::MaxOp, 8, 1, 0>::run", reduced_frag_simtvf_r0_2[0])
                    if simtvf_tx % 8 * 4 + simtvf_tx // 32 == 0:
                        out_1[bx * 4 + simtvf_tx % 32 // 8] = reduced_frag_simtvf_r0_2[0]
                    if simtvf_tx // 32 == 0:
                        src_frag_simtvf_state_1[simtvf_tx % 32] = src_frag_simtvf_r0_2[0]
                    if simtvf_tx % 8 * 4 + simtvf_tx // 32 == 0:
                        reduced_frag_simtvf_state_1[simtvf_tx % 32 // 8] = reduced_frag_simtvf_r0_2[0]

# Metadata omitted. Use show_meta=True in script() method to show it.
---------------------66 After AnnotateEntryFunc---------------------
 # from tvm.script import ir as I
# from tvm.script import tirx as T

@I.ir_module
class Module:
    @T.prim_func
    def main(lhs_handle: T.handle, rhs_handle: T.handle, out_handle: T.handle):
        T.func_attr({"target": T.target({"host": {"keys": ["cpu"], "kind": "c", "tag": ""}, "keys": ["ascend"], "kind": "ascend", "tag": ""}), "tilelang_out_idx": [-1], "tirx.is_entry_func": True, "tl.has_tma": T.bool(False)})
        lhs = T.match_buffer(lhs_handle, (8, 4, 8), strides=(32, 8, 1))
        rhs = T.match_buffer(rhs_handle, (8, 4, 8), strides=(32, 8, 1))
        out = T.match_buffer(out_handle, (8, 4), strides=(4, 1))
        bx = T.launch_thread("blockIdx.x", 8)
        tx = T.launch_thread("threadIdx.x", 128)
        ty = T.launch_thread("threadIdx.y", 1)
        tz = T.launch_thread("threadIdx.z", 1)
        src_frag_simtvf_state = T.alloc_buffer((32,), scope="shared.dyn")
        src_frag_simtvf_state_1 = T.decl_buffer((32,), data=src_frag_simtvf_state.data, scope="shared.dyn")
        reduced_frag_simtvf_state = T.alloc_buffer((4,), scope="shared.dyn")
        reduced_frag_simtvf_state_1 = T.decl_buffer((4,), data=reduced_frag_simtvf_state.data, scope="shared.dyn")
        with T.sblock("VECTOR", no_realize=True):
            T.reads()
            T.writes()
            __cond_0: T.bool = bx % 2 == 0
            out_1 = T.Buffer((32,), data=out.data)
            if bx % 2 == 0:
                src_frag_simtvf_r1 = T.Buffer((1,), scope="local")
                reduced_frag_simtvf_r1 = T.Buffer((1,), scope="local")
                src_frag_simtvf_r0 = T.Buffer((1,), scope="local")
                reduced_frag_simtvf_r0 = T.Buffer((1,), scope="local")
                with T.sblock("SIMT_VF", no_realize=True):
                    T.reads()
                    T.writes()
                    T.sblock_attr({"layout_map": {src_frag_simtvf_r1: metadata["tl.Fragment"][0], reduced_frag_simtvf_r1: metadata["tl.Fragment"][1], src_frag_simtvf_r0: metadata["tl.Fragment"][2], reduced_frag_simtvf_r0: metadata["tl.Fragment"][3]}, "tl.vf_source_index": T.int64(0)})
                    src_frag_simtvf_r1_1 = T.alloc_buffer((1,), scope="local")
                    src_frag_simtvf_r1_2 = T.decl_buffer((1,), data=src_frag_simtvf_r1.data, scope="local")
                    reduced_frag_simtvf_r1_1 = T.alloc_buffer((1,), scope="local")
                    reduced_frag_simtvf_r1_2 = T.decl_buffer((1,), data=reduced_frag_simtvf_r1.data, scope="local")
                    simtvf_tx = T.launch_thread("threadIdx.x", 128)
                    simtvf_ty = T.launch_thread("threadIdx.y", 1)
                    simtvf_tz = T.launch_thread("threadIdx.z", 1)
                    T.attr("simtvf", "tl.simtvf_scope", 1)
                    lhs_1 = T.Buffer((256,), data=lhs.data)
                    src_frag_simtvf_r1_2[0] = lhs_1[bx * 32 + simtvf_tx % 32]
                    reduced_frag_simtvf_r1_2[0] = T.float32(0.0)
                    reduced_frag_simtvf_r1_2[0] = reduced_frag_simtvf_r1_2[0] + src_frag_simtvf_r1_2[0]
                    reduced_frag_simtvf_r1_2[0] = T.call_extern("float32", "tl::AscendAllReduce<tl::SumOp, 8, 1, 0>::run", reduced_frag_simtvf_r1_2[0])
                    if simtvf_tx % 8 * 4 + simtvf_tx // 32 == 0:
                        out_1[bx * 4 + simtvf_tx % 32 // 8] = reduced_frag_simtvf_r1_2[0]
                    if simtvf_tx // 32 == 0:
                        src_frag_simtvf_state_1[simtvf_tx % 32] = src_frag_simtvf_r1_2[0]
                    if simtvf_tx % 8 * 4 + simtvf_tx // 32 == 0:
                        reduced_frag_simtvf_state_1[simtvf_tx % 32 // 8] = reduced_frag_simtvf_r1_2[0]
            src_frag_simtvf_r1 = T.Buffer((1,), scope="local")
            reduced_frag_simtvf_r1 = T.Buffer((1,), scope="local")
            src_frag_simtvf_r0 = T.Buffer((1,), scope="local")
            reduced_frag_simtvf_r0 = T.Buffer((1,), scope="local")
            if 0 < bx % 2:
                with T.sblock("SIMT_VF", no_realize=True):
                    T.reads()
                    T.writes()
                    T.sblock_attr({"layout_map": {src_frag_simtvf_r1: metadata["tl.Fragment"][0], reduced_frag_simtvf_r1: metadata["tl.Fragment"][1], src_frag_simtvf_r0: metadata["tl.Fragment"][2], reduced_frag_simtvf_r0: metadata["tl.Fragment"][3]}, "tl.vf_source_index": T.int64(1)})
                    src_frag_simtvf_r0_1 = T.alloc_buffer((1,), scope="local")
                    src_frag_simtvf_r0_2 = T.decl_buffer((1,), data=src_frag_simtvf_r0.data, scope="local")
                    reduced_frag_simtvf_r0_1 = T.alloc_buffer((1,), scope="local")
                    reduced_frag_simtvf_r0_2 = T.decl_buffer((1,), data=reduced_frag_simtvf_r0.data, scope="local")
                    simtvf_tx = T.launch_thread("threadIdx.x", 128)
                    simtvf_ty = T.launch_thread("threadIdx.y", 1)
                    simtvf_tz = T.launch_thread("threadIdx.z", 1)
                    T.attr("simtvf", "tl.simtvf_scope", 1)
                    rhs_1 = T.Buffer((256,), data=rhs.data)
                    src_frag_simtvf_r0_2[0] = rhs_1[bx * 32 + simtvf_tx % 32]
                    reduced_frag_simtvf_r0_2[0] = T.float32("-inf")
                    reduced_frag_simtvf_r0_2[0] = T.max(reduced_frag_simtvf_r0_2[0], src_frag_simtvf_r0_2[0])
                    reduced_frag_simtvf_r0_2[0] = T.call_extern("float32", "tl::AscendAllReduce<tl::MaxOp, 8, 1, 0>::run", reduced_frag_simtvf_r0_2[0])
                    if simtvf_tx % 8 * 4 + simtvf_tx // 32 == 0:
                        out_1[bx * 4 + simtvf_tx % 32 // 8] = reduced_frag_simtvf_r0_2[0]
                    if simtvf_tx // 32 == 0:
                        src_frag_simtvf_state_1[simtvf_tx % 32] = src_frag_simtvf_r0_2[0]
                    if simtvf_tx % 8 * 4 + simtvf_tx // 32 == 0:
                        reduced_frag_simtvf_state_1[simtvf_tx % 32 // 8] = reduced_frag_simtvf_r0_2[0]

# Metadata omitted. Use show_meta=True in script() method to show it.
---------------------67 After InferFragment---------------------
 # from tvm.script import ir as I
# from tvm.script import tirx as T

@I.ir_module
class Module:
    @T.prim_func
    def main(lhs_handle: T.handle, rhs_handle: T.handle, out_handle: T.handle):
        T.func_attr({"target": T.target({"host": {"keys": ["cpu"], "kind": "c", "tag": ""}, "keys": ["ascend"], "kind": "ascend", "tag": ""}), "tilelang_out_idx": [-1], "tirx.is_entry_func": True, "tl.has_tma": T.bool(False)})
        lhs = T.match_buffer(lhs_handle, (8, 4, 8), strides=(32, 8, 1))
        rhs = T.match_buffer(rhs_handle, (8, 4, 8), strides=(32, 8, 1))
        out = T.match_buffer(out_handle, (8, 4), strides=(4, 1))
        bx = T.launch_thread("blockIdx.x", 8)
        tx = T.launch_thread("threadIdx.x", 128)
        ty = T.launch_thread("threadIdx.y", 1)
        tz = T.launch_thread("threadIdx.z", 1)
        src_frag_simtvf_state = T.alloc_buffer((32,), scope="shared.dyn")
        src_frag_simtvf_state_1 = T.decl_buffer((32,), data=src_frag_simtvf_state.data, scope="shared.dyn")
        reduced_frag_simtvf_state = T.alloc_buffer((4,), scope="shared.dyn")
        reduced_frag_simtvf_state_1 = T.decl_buffer((4,), data=reduced_frag_simtvf_state.data, scope="shared.dyn")
        with T.sblock("VECTOR", no_realize=True):
            T.reads()
            T.writes()
            __cond_0: T.bool = bx % 2 == 0
            out_1 = T.Buffer((32,), data=out.data)
            if bx % 2 == 0:
                src_frag_simtvf_r1 = T.Buffer((1,), scope="local")
                reduced_frag_simtvf_r1 = T.Buffer((1,), scope="local")
                src_frag_simtvf_r0 = T.Buffer((1,), scope="local")
                reduced_frag_simtvf_r0 = T.Buffer((1,), scope="local")
                with T.sblock("SIMT_VF", no_realize=True):
                    T.reads()
                    T.writes()
                    T.sblock_attr({"layout_map": {src_frag_simtvf_r1: metadata["tl.Fragment"][0], reduced_frag_simtvf_r1: metadata["tl.Fragment"][1], src_frag_simtvf_r0: metadata["tl.Fragment"][2], reduced_frag_simtvf_r0: metadata["tl.Fragment"][3]}, "tl.vf_source_index": T.int64(0)})
                    src_frag_simtvf_r1_1 = T.alloc_buffer((1,), scope="local")
                    src_frag_simtvf_r1_2 = T.decl_buffer((1,), data=src_frag_simtvf_r1.data, scope="local")
                    reduced_frag_simtvf_r1_1 = T.alloc_buffer((1,), scope="local")
                    reduced_frag_simtvf_r1_2 = T.decl_buffer((1,), data=reduced_frag_simtvf_r1.data, scope="local")
                    simtvf_tx = T.launch_thread("threadIdx.x", 128)
                    simtvf_ty = T.launch_thread("threadIdx.y", 1)
                    simtvf_tz = T.launch_thread("threadIdx.z", 1)
                    T.attr("simtvf", "tl.simtvf_scope", 1)
                    lhs_1 = T.Buffer((256,), data=lhs.data)
                    src_frag_simtvf_r1_2[0] = lhs_1[bx * 32 + simtvf_tx % 32]
                    reduced_frag_simtvf_r1_2[0] = T.float32(0.0)
                    reduced_frag_simtvf_r1_2[0] = reduced_frag_simtvf_r1_2[0] + src_frag_simtvf_r1_2[0]
                    reduced_frag_simtvf_r1_2[0] = T.call_extern("float32", "tl::AscendAllReduce<tl::SumOp, 8, 1, 0>::run", reduced_frag_simtvf_r1_2[0])
                    if simtvf_tx % 8 * 4 + simtvf_tx // 32 == 0:
                        out_1[bx * 4 + simtvf_tx % 32 // 8] = reduced_frag_simtvf_r1_2[0]
                    if simtvf_tx // 32 == 0:
                        src_frag_simtvf_state_1[simtvf_tx % 32] = src_frag_simtvf_r1_2[0]
                    if simtvf_tx % 8 * 4 + simtvf_tx // 32 == 0:
                        reduced_frag_simtvf_state_1[simtvf_tx % 32 // 8] = reduced_frag_simtvf_r1_2[0]
            src_frag_simtvf_r1 = T.Buffer((1,), scope="local")
            reduced_frag_simtvf_r1 = T.Buffer((1,), scope="local")
            src_frag_simtvf_r0 = T.Buffer((1,), scope="local")
            reduced_frag_simtvf_r0 = T.Buffer((1,), scope="local")
            if 0 < bx % 2:
                with T.sblock("SIMT_VF", no_realize=True):
                    T.reads()
                    T.writes()
                    T.sblock_attr({"layout_map": {src_frag_simtvf_r1: metadata["tl.Fragment"][0], reduced_frag_simtvf_r1: metadata["tl.Fragment"][1], src_frag_simtvf_r0: metadata["tl.Fragment"][2], reduced_frag_simtvf_r0: metadata["tl.Fragment"][3]}, "tl.vf_source_index": T.int64(1)})
                    src_frag_simtvf_r0_1 = T.alloc_buffer((1,), scope="local")
                    src_frag_simtvf_r0_2 = T.decl_buffer((1,), data=src_frag_simtvf_r0.data, scope="local")
                    reduced_frag_simtvf_r0_1 = T.alloc_buffer((1,), scope="local")
                    reduced_frag_simtvf_r0_2 = T.decl_buffer((1,), data=reduced_frag_simtvf_r0.data, scope="local")
                    simtvf_tx = T.launch_thread("threadIdx.x", 128)
                    simtvf_ty = T.launch_thread("threadIdx.y", 1)
                    simtvf_tz = T.launch_thread("threadIdx.z", 1)
                    T.attr("simtvf", "tl.simtvf_scope", 1)
                    rhs_1 = T.Buffer((256,), data=rhs.data)
                    src_frag_simtvf_r0_2[0] = rhs_1[bx * 32 + simtvf_tx % 32]
                    reduced_frag_simtvf_r0_2[0] = T.float32("-inf")
                    reduced_frag_simtvf_r0_2[0] = T.max(reduced_frag_simtvf_r0_2[0], src_frag_simtvf_r0_2[0])
                    reduced_frag_simtvf_r0_2[0] = T.call_extern("float32", "tl::AscendAllReduce<tl::MaxOp, 8, 1, 0>::run", reduced_frag_simtvf_r0_2[0])
                    if simtvf_tx % 8 * 4 + simtvf_tx // 32 == 0:
                        out_1[bx * 4 + simtvf_tx % 32 // 8] = reduced_frag_simtvf_r0_2[0]
                    if simtvf_tx // 32 == 0:
                        src_frag_simtvf_state_1[simtvf_tx % 32] = src_frag_simtvf_r0_2[0]
                    if simtvf_tx % 8 * 4 + simtvf_tx // 32 == 0:
                        reduced_frag_simtvf_state_1[simtvf_tx % 32 // 8] = reduced_frag_simtvf_r0_2[0]

# Metadata omitted. Use show_meta=True in script() method to show it.
---------------------68 After LowerThreadAllreduce---------------------
 # from tvm.script import ir as I
# from tvm.script import tirx as T

@I.ir_module
class Module:
    @T.prim_func
    def main(lhs_handle: T.handle, rhs_handle: T.handle, out_handle: T.handle):
        T.func_attr({"target": T.target({"host": {"keys": ["cpu"], "kind": "c", "tag": ""}, "keys": ["ascend"], "kind": "ascend", "tag": ""}), "tilelang_out_idx": [-1], "tirx.is_entry_func": True, "tl.has_tma": T.bool(False)})
        lhs = T.match_buffer(lhs_handle, (8, 4, 8), strides=(32, 8, 1))
        rhs = T.match_buffer(rhs_handle, (8, 4, 8), strides=(32, 8, 1))
        out = T.match_buffer(out_handle, (8, 4), strides=(4, 1))
        bx = T.launch_thread("blockIdx.x", 8)
        tx = T.launch_thread("threadIdx.x", 128)
        ty = T.launch_thread("threadIdx.y", 1)
        tz = T.launch_thread("threadIdx.z", 1)
        src_frag_simtvf_state = T.alloc_buffer((32,), scope="shared.dyn")
        src_frag_simtvf_state_1 = T.decl_buffer((32,), data=src_frag_simtvf_state.data, scope="shared.dyn")
        reduced_frag_simtvf_state = T.alloc_buffer((4,), scope="shared.dyn")
        reduced_frag_simtvf_state_1 = T.decl_buffer((4,), data=reduced_frag_simtvf_state.data, scope="shared.dyn")
        with T.sblock("VECTOR", no_realize=True):
            T.reads()
            T.writes()
            __cond_0: T.bool = bx % 2 == 0
            out_1 = T.Buffer((32,), data=out.data)
            if bx % 2 == 0:
                src_frag_simtvf_r1 = T.Buffer((1,), scope="local")
                reduced_frag_simtvf_r1 = T.Buffer((1,), scope="local")
                src_frag_simtvf_r0 = T.Buffer((1,), scope="local")
                reduced_frag_simtvf_r0 = T.Buffer((1,), scope="local")
                with T.sblock("SIMT_VF", no_realize=True):
                    T.reads()
                    T.writes()
                    T.sblock_attr({"layout_map": {src_frag_simtvf_r1: metadata["tl.Fragment"][0], reduced_frag_simtvf_r1: metadata["tl.Fragment"][1], src_frag_simtvf_r0: metadata["tl.Fragment"][2], reduced_frag_simtvf_r0: metadata["tl.Fragment"][3]}, "tl.vf_source_index": T.int64(0)})
                    src_frag_simtvf_r1_1 = T.alloc_buffer((1,), scope="local")
                    src_frag_simtvf_r1_2 = T.decl_buffer((1,), data=src_frag_simtvf_r1.data, scope="local")
                    reduced_frag_simtvf_r1_1 = T.alloc_buffer((1,), scope="local")
                    reduced_frag_simtvf_r1_2 = T.decl_buffer((1,), data=reduced_frag_simtvf_r1.data, scope="local")
                    simtvf_tx = T.launch_thread("threadIdx.x", 128)
                    simtvf_ty = T.launch_thread("threadIdx.y", 1)
                    simtvf_tz = T.launch_thread("threadIdx.z", 1)
                    T.attr("simtvf", "tl.simtvf_scope", 1)
                    lhs_1 = T.Buffer((256,), data=lhs.data)
                    src_frag_simtvf_r1_2[0] = lhs_1[bx * 32 + simtvf_tx % 32]
                    reduced_frag_simtvf_r1_2[0] = T.float32(0.0)
                    reduced_frag_simtvf_r1_2[0] = reduced_frag_simtvf_r1_2[0] + src_frag_simtvf_r1_2[0]
                    reduced_frag_simtvf_r1_2[0] = T.call_extern("float32", "tl::AscendAllReduce<tl::SumOp, 8, 1, 0>::run", reduced_frag_simtvf_r1_2[0])
                    if simtvf_tx % 8 * 4 + simtvf_tx // 32 == 0:
                        out_1[bx * 4 + simtvf_tx % 32 // 8] = reduced_frag_simtvf_r1_2[0]
                    if simtvf_tx // 32 == 0:
                        src_frag_simtvf_state_1[simtvf_tx % 32] = src_frag_simtvf_r1_2[0]
                    if simtvf_tx % 8 * 4 + simtvf_tx // 32 == 0:
                        reduced_frag_simtvf_state_1[simtvf_tx % 32 // 8] = reduced_frag_simtvf_r1_2[0]
            src_frag_simtvf_r1 = T.Buffer((1,), scope="local")
            reduced_frag_simtvf_r1 = T.Buffer((1,), scope="local")
            src_frag_simtvf_r0 = T.Buffer((1,), scope="local")
            reduced_frag_simtvf_r0 = T.Buffer((1,), scope="local")
            if 0 < bx % 2:
                with T.sblock("SIMT_VF", no_realize=True):
                    T.reads()
                    T.writes()
                    T.sblock_attr({"layout_map": {src_frag_simtvf_r1: metadata["tl.Fragment"][0], reduced_frag_simtvf_r1: metadata["tl.Fragment"][1], src_frag_simtvf_r0: metadata["tl.Fragment"][2], reduced_frag_simtvf_r0: metadata["tl.Fragment"][3]}, "tl.vf_source_index": T.int64(1)})
                    src_frag_simtvf_r0_1 = T.alloc_buffer((1,), scope="local")
                    src_frag_simtvf_r0_2 = T.decl_buffer((1,), data=src_frag_simtvf_r0.data, scope="local")
                    reduced_frag_simtvf_r0_1 = T.alloc_buffer((1,), scope="local")
                    reduced_frag_simtvf_r0_2 = T.decl_buffer((1,), data=reduced_frag_simtvf_r0.data, scope="local")
                    simtvf_tx = T.launch_thread("threadIdx.x", 128)
                    simtvf_ty = T.launch_thread("threadIdx.y", 1)
                    simtvf_tz = T.launch_thread("threadIdx.z", 1)
                    T.attr("simtvf", "tl.simtvf_scope", 1)
                    rhs_1 = T.Buffer((256,), data=rhs.data)
                    src_frag_simtvf_r0_2[0] = rhs_1[bx * 32 + simtvf_tx % 32]
                    reduced_frag_simtvf_r0_2[0] = T.float32("-inf")
                    reduced_frag_simtvf_r0_2[0] = T.max(reduced_frag_simtvf_r0_2[0], src_frag_simtvf_r0_2[0])
                    reduced_frag_simtvf_r0_2[0] = T.call_extern("float32", "tl::AscendAllReduce<tl::MaxOp, 8, 1, 0>::run", reduced_frag_simtvf_r0_2[0])
                    if simtvf_tx % 8 * 4 + simtvf_tx // 32 == 0:
                        out_1[bx * 4 + simtvf_tx % 32 // 8] = reduced_frag_simtvf_r0_2[0]
                    if simtvf_tx // 32 == 0:
                        src_frag_simtvf_state_1[simtvf_tx % 32] = src_frag_simtvf_r0_2[0]
                    if simtvf_tx % 8 * 4 + simtvf_tx // 32 == 0:
                        reduced_frag_simtvf_state_1[simtvf_tx % 32 // 8] = reduced_frag_simtvf_r0_2[0]

# Metadata omitted. Use show_meta=True in script() method to show it.
---------------------70 After AnnotateDeviceRegions---------------------
 # from tvm.script import ir as I
# from tvm.script import tirx as T

@I.ir_module
class Module:
    @T.prim_func
    def main(lhs_handle: T.handle, rhs_handle: T.handle, out_handle: T.handle):
        T.func_attr({"target": T.target({"host": {"keys": ["cpu"], "kind": "c", "tag": ""}, "keys": ["ascend"], "kind": "ascend", "tag": ""}), "tilelang_out_idx": [-1], "tirx.is_entry_func": True, "tl.has_tma": T.bool(False)})
        lhs = T.match_buffer(lhs_handle, (8, 4, 8), strides=(32, 8, 1))
        rhs = T.match_buffer(rhs_handle, (8, 4, 8), strides=(32, 8, 1))
        out = T.match_buffer(out_handle, (8, 4), strides=(4, 1))
        T.attr(T.target({"keys": ["ascend"], "kind": "ascend", "tag": ""}), "target", 0)
        bx = T.launch_thread("blockIdx.x", 8)
        tx = T.launch_thread("threadIdx.x", 128)
        ty = T.launch_thread("threadIdx.y", 1)
        tz = T.launch_thread("threadIdx.z", 1)
        src_frag_simtvf_state = T.alloc_buffer((32,), scope="shared.dyn")
        src_frag_simtvf_state_1 = T.decl_buffer((32,), data=src_frag_simtvf_state.data, scope="shared.dyn")
        reduced_frag_simtvf_state = T.alloc_buffer((4,), scope="shared.dyn")
        reduced_frag_simtvf_state_1 = T.decl_buffer((4,), data=reduced_frag_simtvf_state.data, scope="shared.dyn")
        with T.sblock("VECTOR", no_realize=True):
            T.reads()
            T.writes()
            __cond_0: T.bool = bx % 2 == 0
            out_1 = T.Buffer((32,), data=out.data)
            if bx % 2 == 0:
                src_frag_simtvf_r1 = T.Buffer((1,), scope="local")
                reduced_frag_simtvf_r1 = T.Buffer((1,), scope="local")
                src_frag_simtvf_r0 = T.Buffer((1,), scope="local")
                reduced_frag_simtvf_r0 = T.Buffer((1,), scope="local")
                with T.sblock("SIMT_VF", no_realize=True):
                    T.reads()
                    T.writes()
                    T.sblock_attr({"layout_map": {src_frag_simtvf_r1: metadata["tl.Fragment"][0], reduced_frag_simtvf_r1: metadata["tl.Fragment"][1], src_frag_simtvf_r0: metadata["tl.Fragment"][2], reduced_frag_simtvf_r0: metadata["tl.Fragment"][3]}, "tl.vf_source_index": T.int64(0)})
                    src_frag_simtvf_r1_1 = T.alloc_buffer((1,), scope="local")
                    src_frag_simtvf_r1_2 = T.decl_buffer((1,), data=src_frag_simtvf_r1.data, scope="local")
                    reduced_frag_simtvf_r1_1 = T.alloc_buffer((1,), scope="local")
                    reduced_frag_simtvf_r1_2 = T.decl_buffer((1,), data=reduced_frag_simtvf_r1.data, scope="local")
                    simtvf_tx = T.launch_thread("threadIdx.x", 128)
                    simtvf_ty = T.launch_thread("threadIdx.y", 1)
                    simtvf_tz = T.launch_thread("threadIdx.z", 1)
                    T.attr("simtvf", "tl.simtvf_scope", 1)
                    lhs_1 = T.Buffer((256,), data=lhs.data)
                    src_frag_simtvf_r1_2[0] = lhs_1[bx * 32 + simtvf_tx % 32]
                    reduced_frag_simtvf_r1_2[0] = T.float32(0.0)
                    reduced_frag_simtvf_r1_2[0] = reduced_frag_simtvf_r1_2[0] + src_frag_simtvf_r1_2[0]
                    reduced_frag_simtvf_r1_2[0] = T.call_extern("float32", "tl::AscendAllReduce<tl::SumOp, 8, 1, 0>::run", reduced_frag_simtvf_r1_2[0])
                    if simtvf_tx % 8 * 4 + simtvf_tx // 32 == 0:
                        out_1[bx * 4 + simtvf_tx % 32 // 8] = reduced_frag_simtvf_r1_2[0]
                    if simtvf_tx // 32 == 0:
                        src_frag_simtvf_state_1[simtvf_tx % 32] = src_frag_simtvf_r1_2[0]
                    if simtvf_tx % 8 * 4 + simtvf_tx // 32 == 0:
                        reduced_frag_simtvf_state_1[simtvf_tx % 32 // 8] = reduced_frag_simtvf_r1_2[0]
            src_frag_simtvf_r1 = T.Buffer((1,), scope="local")
            reduced_frag_simtvf_r1 = T.Buffer((1,), scope="local")
            src_frag_simtvf_r0 = T.Buffer((1,), scope="local")
            reduced_frag_simtvf_r0 = T.Buffer((1,), scope="local")
            if 0 < bx % 2:
                with T.sblock("SIMT_VF", no_realize=True):
                    T.reads()
                    T.writes()
                    T.sblock_attr({"layout_map": {src_frag_simtvf_r1: metadata["tl.Fragment"][0], reduced_frag_simtvf_r1: metadata["tl.Fragment"][1], src_frag_simtvf_r0: metadata["tl.Fragment"][2], reduced_frag_simtvf_r0: metadata["tl.Fragment"][3]}, "tl.vf_source_index": T.int64(1)})
                    src_frag_simtvf_r0_1 = T.alloc_buffer((1,), scope="local")
                    src_frag_simtvf_r0_2 = T.decl_buffer((1,), data=src_frag_simtvf_r0.data, scope="local")
                    reduced_frag_simtvf_r0_1 = T.alloc_buffer((1,), scope="local")
                    reduced_frag_simtvf_r0_2 = T.decl_buffer((1,), data=reduced_frag_simtvf_r0.data, scope="local")
                    simtvf_tx = T.launch_thread("threadIdx.x", 128)
                    simtvf_ty = T.launch_thread("threadIdx.y", 1)
                    simtvf_tz = T.launch_thread("threadIdx.z", 1)
                    T.attr("simtvf", "tl.simtvf_scope", 1)
                    rhs_1 = T.Buffer((256,), data=rhs.data)
                    src_frag_simtvf_r0_2[0] = rhs_1[bx * 32 + simtvf_tx % 32]
                    reduced_frag_simtvf_r0_2[0] = T.float32("-inf")
                    reduced_frag_simtvf_r0_2[0] = T.max(reduced_frag_simtvf_r0_2[0], src_frag_simtvf_r0_2[0])
                    reduced_frag_simtvf_r0_2[0] = T.call_extern("float32", "tl::AscendAllReduce<tl::MaxOp, 8, 1, 0>::run", reduced_frag_simtvf_r0_2[0])
                    if simtvf_tx % 8 * 4 + simtvf_tx // 32 == 0:
                        out_1[bx * 4 + simtvf_tx % 32 // 8] = reduced_frag_simtvf_r0_2[0]
                    if simtvf_tx // 32 == 0:
                        src_frag_simtvf_state_1[simtvf_tx % 32] = src_frag_simtvf_r0_2[0]
                    if simtvf_tx % 8 * 4 + simtvf_tx // 32 == 0:
                        reduced_frag_simtvf_state_1[simtvf_tx % 32 // 8] = reduced_frag_simtvf_r0_2[0]

# Metadata omitted. Use show_meta=True in script() method to show it.
---------------------71 After MarkScalarDcacheBypass---------------------
 # from tvm.script import ir as I
# from tvm.script import tirx as T

@I.ir_module
class Module:
    @T.prim_func
    def main(lhs_handle: T.handle, rhs_handle: T.handle, out_handle: T.handle):
        T.func_attr({"target": T.target({"host": {"keys": ["cpu"], "kind": "c", "tag": ""}, "keys": ["ascend"], "kind": "ascend", "tag": ""}), "tilelang_out_idx": [-1], "tirx.is_entry_func": True, "tl.has_tma": T.bool(False)})
        lhs = T.match_buffer(lhs_handle, (8, 4, 8), strides=(32, 8, 1))
        rhs = T.match_buffer(rhs_handle, (8, 4, 8), strides=(32, 8, 1))
        out = T.match_buffer(out_handle, (8, 4), strides=(4, 1))
        T.attr(T.target({"keys": ["ascend"], "kind": "ascend", "tag": ""}), "target", 0)
        bx = T.launch_thread("blockIdx.x", 8)
        tx = T.launch_thread("threadIdx.x", 128)
        ty = T.launch_thread("threadIdx.y", 1)
        tz = T.launch_thread("threadIdx.z", 1)
        src_frag_simtvf_state = T.alloc_buffer((32,), scope="shared.dyn")
        src_frag_simtvf_state_1 = T.decl_buffer((32,), data=src_frag_simtvf_state.data, scope="shared.dyn")
        reduced_frag_simtvf_state = T.alloc_buffer((4,), scope="shared.dyn")
        reduced_frag_simtvf_state_1 = T.decl_buffer((4,), data=reduced_frag_simtvf_state.data, scope="shared.dyn")
        with T.sblock("VECTOR", no_realize=True):
            T.reads()
            T.writes()
            __cond_0: T.bool = bx % 2 == 0
            out_1 = T.Buffer((32,), data=out.data)
            if bx % 2 == 0:
                src_frag_simtvf_r1 = T.Buffer((1,), scope="local")
                reduced_frag_simtvf_r1 = T.Buffer((1,), scope="local")
                src_frag_simtvf_r0 = T.Buffer((1,), scope="local")
                reduced_frag_simtvf_r0 = T.Buffer((1,), scope="local")
                with T.sblock("SIMT_VF", no_realize=True):
                    T.reads()
                    T.writes()
                    T.sblock_attr({"layout_map": {src_frag_simtvf_r1: metadata["tl.Fragment"][0], reduced_frag_simtvf_r1: metadata["tl.Fragment"][1], src_frag_simtvf_r0: metadata["tl.Fragment"][2], reduced_frag_simtvf_r0: metadata["tl.Fragment"][3]}, "tl.vf_source_index": T.int64(0)})
                    src_frag_simtvf_r1_1 = T.alloc_buffer((1,), scope="local")
                    src_frag_simtvf_r1_2 = T.decl_buffer((1,), data=src_frag_simtvf_r1.data, scope="local")
                    reduced_frag_simtvf_r1_1 = T.alloc_buffer((1,), scope="local")
                    reduced_frag_simtvf_r1_2 = T.decl_buffer((1,), data=reduced_frag_simtvf_r1.data, scope="local")
                    simtvf_tx = T.launch_thread("threadIdx.x", 128)
                    simtvf_ty = T.launch_thread("threadIdx.y", 1)
                    simtvf_tz = T.launch_thread("threadIdx.z", 1)
                    T.attr("simtvf", "tl.simtvf_scope", 1)
                    lhs_1 = T.Buffer((256,), data=lhs.data)
                    src_frag_simtvf_r1_2[0] = lhs_1[bx * 32 + simtvf_tx % 32]
                    reduced_frag_simtvf_r1_2[0] = T.float32(0.0)
                    reduced_frag_simtvf_r1_2[0] = reduced_frag_simtvf_r1_2[0] + src_frag_simtvf_r1_2[0]
                    reduced_frag_simtvf_r1_2[0] = T.call_extern("float32", "tl::AscendAllReduce<tl::SumOp, 8, 1, 0>::run", reduced_frag_simtvf_r1_2[0])
                    if simtvf_tx % 8 * 4 + simtvf_tx // 32 == 0:
                        out_1[bx * 4 + simtvf_tx % 32 // 8] = reduced_frag_simtvf_r1_2[0]
                    if simtvf_tx // 32 == 0:
                        src_frag_simtvf_state_1[simtvf_tx % 32] = src_frag_simtvf_r1_2[0]
                    if simtvf_tx % 8 * 4 + simtvf_tx // 32 == 0:
                        reduced_frag_simtvf_state_1[simtvf_tx % 32 // 8] = reduced_frag_simtvf_r1_2[0]
            src_frag_simtvf_r1 = T.Buffer((1,), scope="local")
            reduced_frag_simtvf_r1 = T.Buffer((1,), scope="local")
            src_frag_simtvf_r0 = T.Buffer((1,), scope="local")
            reduced_frag_simtvf_r0 = T.Buffer((1,), scope="local")
            if 0 < bx % 2:
                with T.sblock("SIMT_VF", no_realize=True):
                    T.reads()
                    T.writes()
                    T.sblock_attr({"layout_map": {src_frag_simtvf_r1: metadata["tl.Fragment"][0], reduced_frag_simtvf_r1: metadata["tl.Fragment"][1], src_frag_simtvf_r0: metadata["tl.Fragment"][2], reduced_frag_simtvf_r0: metadata["tl.Fragment"][3]}, "tl.vf_source_index": T.int64(1)})
                    src_frag_simtvf_r0_1 = T.alloc_buffer((1,), scope="local")
                    src_frag_simtvf_r0_2 = T.decl_buffer((1,), data=src_frag_simtvf_r0.data, scope="local")
                    reduced_frag_simtvf_r0_1 = T.alloc_buffer((1,), scope="local")
                    reduced_frag_simtvf_r0_2 = T.decl_buffer((1,), data=reduced_frag_simtvf_r0.data, scope="local")
                    simtvf_tx = T.launch_thread("threadIdx.x", 128)
                    simtvf_ty = T.launch_thread("threadIdx.y", 1)
                    simtvf_tz = T.launch_thread("threadIdx.z", 1)
                    T.attr("simtvf", "tl.simtvf_scope", 1)
                    rhs_1 = T.Buffer((256,), data=rhs.data)
                    src_frag_simtvf_r0_2[0] = rhs_1[bx * 32 + simtvf_tx % 32]
                    reduced_frag_simtvf_r0_2[0] = T.float32("-inf")
                    reduced_frag_simtvf_r0_2[0] = T.max(reduced_frag_simtvf_r0_2[0], src_frag_simtvf_r0_2[0])
                    reduced_frag_simtvf_r0_2[0] = T.call_extern("float32", "tl::AscendAllReduce<tl::MaxOp, 8, 1, 0>::run", reduced_frag_simtvf_r0_2[0])
                    if simtvf_tx % 8 * 4 + simtvf_tx // 32 == 0:
                        out_1[bx * 4 + simtvf_tx % 32 // 8] = reduced_frag_simtvf_r0_2[0]
                    if simtvf_tx // 32 == 0:
                        src_frag_simtvf_state_1[simtvf_tx % 32] = src_frag_simtvf_r0_2[0]
                    if simtvf_tx % 8 * 4 + simtvf_tx // 32 == 0:
                        reduced_frag_simtvf_state_1[simtvf_tx % 32 // 8] = reduced_frag_simtvf_r0_2[0]

# Metadata omitted. Use show_meta=True in script() method to show it.
---------------------72 After SplitHostDevice---------------------
 # from tvm.script import ir as I
# from tvm.script import tirx as T

@I.ir_module
class Module:
    @T.prim_func(private=True)
    def main_kernel(lhs: T.handle("float32", "global"), out: T.handle("float32", "global"), rhs: T.handle("float32", "global")):
        T.func_attr({"target": T.target({"keys": ["ascend"], "kind": "ascend", "tag": ""}), "tirx.is_global_func": True, "tirx.noalias": True, "tl.non_restrict_params": []})
        rhs_1 = T.decl_buffer((256,), data=rhs)
        out_1 = T.decl_buffer((32,), data=out)
        lhs_1 = T.decl_buffer((256,), data=lhs)
        bx = T.launch_thread("blockIdx.x", 8)
        tx = T.launch_thread("threadIdx.x", 128)
        ty = T.launch_thread("threadIdx.y", 1)
        tz = T.launch_thread("threadIdx.z", 1)
        src_frag_simtvf_state = T.alloc_buffer((32,), scope="shared.dyn")
        src_frag_simtvf_state_1 = T.decl_buffer((32,), data=src_frag_simtvf_state.data, scope="shared.dyn")
        reduced_frag_simtvf_state = T.alloc_buffer((4,), scope="shared.dyn")
        reduced_frag_simtvf_state_1 = T.decl_buffer((4,), data=reduced_frag_simtvf_state.data, scope="shared.dyn")
        with T.sblock("VECTOR", no_realize=True):
            T.reads()
            T.writes()
            __cond_0: T.bool = bx % 2 == 0
            if bx % 2 == 0:
                src_frag_simtvf_r1 = T.Buffer((1,), scope="local")
                reduced_frag_simtvf_r1 = T.Buffer((1,), scope="local")
                src_frag_simtvf_r0 = T.Buffer((1,), scope="local")
                reduced_frag_simtvf_r0 = T.Buffer((1,), scope="local")
                with T.sblock("SIMT_VF", no_realize=True):
                    T.reads()
                    T.writes()
                    T.sblock_attr({"layout_map": {src_frag_simtvf_r1: metadata["tl.Fragment"][0], reduced_frag_simtvf_r1: metadata["tl.Fragment"][1], src_frag_simtvf_r0: metadata["tl.Fragment"][2], reduced_frag_simtvf_r0: metadata["tl.Fragment"][3]}, "tl.vf_source_index": T.int64(0)})
                    src_frag_simtvf_r1_1 = T.alloc_buffer((1,), scope="local")
                    src_frag_simtvf_r1_2 = T.decl_buffer((1,), data=src_frag_simtvf_r1.data, scope="local")
                    reduced_frag_simtvf_r1_1 = T.alloc_buffer((1,), scope="local")
                    reduced_frag_simtvf_r1_2 = T.decl_buffer((1,), data=reduced_frag_simtvf_r1.data, scope="local")
                    simtvf_tx = T.launch_thread("threadIdx.x", 128)
                    simtvf_ty = T.launch_thread("threadIdx.y", 1)
                    simtvf_tz = T.launch_thread("threadIdx.z", 1)
                    T.attr("simtvf", "tl.simtvf_scope", 1)
                    src_frag_simtvf_r1_2[0] = lhs_1[bx * 32 + simtvf_tx % 32]
                    reduced_frag_simtvf_r1_2[0] = T.float32(0.0)
                    reduced_frag_simtvf_r1_2[0] = reduced_frag_simtvf_r1_2[0] + src_frag_simtvf_r1_2[0]
                    reduced_frag_simtvf_r1_2[0] = T.call_extern("float32", "tl::AscendAllReduce<tl::SumOp, 8, 1, 0>::run", reduced_frag_simtvf_r1_2[0])
                    if simtvf_tx % 8 * 4 + simtvf_tx // 32 == 0:
                        out_1[bx * 4 + simtvf_tx % 32 // 8] = reduced_frag_simtvf_r1_2[0]
                    if simtvf_tx // 32 == 0:
                        src_frag_simtvf_state_1[simtvf_tx % 32] = src_frag_simtvf_r1_2[0]
                    if simtvf_tx % 8 * 4 + simtvf_tx // 32 == 0:
                        reduced_frag_simtvf_state_1[simtvf_tx % 32 // 8] = reduced_frag_simtvf_r1_2[0]
            src_frag_simtvf_r1 = T.Buffer((1,), scope="local")
            reduced_frag_simtvf_r1 = T.Buffer((1,), scope="local")
            src_frag_simtvf_r0 = T.Buffer((1,), scope="local")
            reduced_frag_simtvf_r0 = T.Buffer((1,), scope="local")
            if 0 < bx % 2:
                with T.sblock("SIMT_VF", no_realize=True):
                    T.reads()
                    T.writes()
                    T.sblock_attr({"layout_map": {src_frag_simtvf_r1: metadata["tl.Fragment"][0], reduced_frag_simtvf_r1: metadata["tl.Fragment"][1], src_frag_simtvf_r0: metadata["tl.Fragment"][2], reduced_frag_simtvf_r0: metadata["tl.Fragment"][3]}, "tl.vf_source_index": T.int64(1)})
                    src_frag_simtvf_r0_1 = T.alloc_buffer((1,), scope="local")
                    src_frag_simtvf_r0_2 = T.decl_buffer((1,), data=src_frag_simtvf_r0.data, scope="local")
                    reduced_frag_simtvf_r0_1 = T.alloc_buffer((1,), scope="local")
                    reduced_frag_simtvf_r0_2 = T.decl_buffer((1,), data=reduced_frag_simtvf_r0.data, scope="local")
                    simtvf_tx = T.launch_thread("threadIdx.x", 128)
                    simtvf_ty = T.launch_thread("threadIdx.y", 1)
                    simtvf_tz = T.launch_thread("threadIdx.z", 1)
                    T.attr("simtvf", "tl.simtvf_scope", 1)
                    src_frag_simtvf_r0_2[0] = rhs_1[bx * 32 + simtvf_tx % 32]
                    reduced_frag_simtvf_r0_2[0] = T.float32("-inf")
                    reduced_frag_simtvf_r0_2[0] = T.max(reduced_frag_simtvf_r0_2[0], src_frag_simtvf_r0_2[0])
                    reduced_frag_simtvf_r0_2[0] = T.call_extern("float32", "tl::AscendAllReduce<tl::MaxOp, 8, 1, 0>::run", reduced_frag_simtvf_r0_2[0])
                    if simtvf_tx % 8 * 4 + simtvf_tx // 32 == 0:
                        out_1[bx * 4 + simtvf_tx % 32 // 8] = reduced_frag_simtvf_r0_2[0]
                    if simtvf_tx // 32 == 0:
                        src_frag_simtvf_state_1[simtvf_tx % 32] = src_frag_simtvf_r0_2[0]
                    if simtvf_tx % 8 * 4 + simtvf_tx // 32 == 0:
                        reduced_frag_simtvf_state_1[simtvf_tx % 32 // 8] = reduced_frag_simtvf_r0_2[0]

    @T.prim_func
    def main(lhs_handle: T.handle, rhs_handle: T.handle, out_handle: T.handle):
        T.func_attr({"target": T.target({"host": {"keys": ["cpu"], "kind": "c", "tag": ""}, "keys": ["ascend"], "kind": "ascend", "tag": ""}), "tilelang_out_idx": [-1], "tirx.is_entry_func": True, "tl.has_tma": T.bool(False)})
        lhs = T.match_buffer(lhs_handle, (8, 4, 8), strides=(32, 8, 1))
        rhs = T.match_buffer(rhs_handle, (8, 4, 8), strides=(32, 8, 1))
        out = T.match_buffer(out_handle, (8, 4), strides=(4, 1))
        Module.main_kernel(lhs.data, out.data, rhs.data)

# Metadata omitted. Use show_meta=True in script() method to show it.
---------------------73 After AnnotateReadOnlyParams---------------------
 # from tvm.script import ir as I
# from tvm.script import tirx as T

@I.ir_module
class Module:
    @T.prim_func(private=True)
    def main_kernel(lhs: T.handle("float32", "global"), out: T.handle("float32", "global"), rhs: T.handle("float32", "global")):
        T.func_attr({"target": T.target({"keys": ["ascend"], "kind": "ascend", "tag": ""}), "tirx.is_global_func": True, "tirx.noalias": True, "tl.non_restrict_params": [], "tl.readonly_param_indices": [0, 2]})
        rhs_1 = T.decl_buffer((256,), data=rhs)
        out_1 = T.decl_buffer((32,), data=out)
        lhs_1 = T.decl_buffer((256,), data=lhs)
        bx = T.launch_thread("blockIdx.x", 8)
        tx = T.launch_thread("threadIdx.x", 128)
        ty = T.launch_thread("threadIdx.y", 1)
        tz = T.launch_thread("threadIdx.z", 1)
        src_frag_simtvf_state = T.alloc_buffer((32,), scope="shared.dyn")
        src_frag_simtvf_state_1 = T.decl_buffer((32,), data=src_frag_simtvf_state.data, scope="shared.dyn")
        reduced_frag_simtvf_state = T.alloc_buffer((4,), scope="shared.dyn")
        reduced_frag_simtvf_state_1 = T.decl_buffer((4,), data=reduced_frag_simtvf_state.data, scope="shared.dyn")
        with T.sblock("VECTOR", no_realize=True):
            T.reads()
            T.writes()
            __cond_0: T.bool = bx % 2 == 0
            if bx % 2 == 0:
                src_frag_simtvf_r1 = T.Buffer((1,), scope="local")
                reduced_frag_simtvf_r1 = T.Buffer((1,), scope="local")
                src_frag_simtvf_r0 = T.Buffer((1,), scope="local")
                reduced_frag_simtvf_r0 = T.Buffer((1,), scope="local")
                with T.sblock("SIMT_VF", no_realize=True):
                    T.reads()
                    T.writes()
                    T.sblock_attr({"layout_map": {src_frag_simtvf_r1: metadata["tl.Fragment"][0], reduced_frag_simtvf_r1: metadata["tl.Fragment"][1], src_frag_simtvf_r0: metadata["tl.Fragment"][2], reduced_frag_simtvf_r0: metadata["tl.Fragment"][3]}, "tl.vf_source_index": T.int64(0)})
                    src_frag_simtvf_r1_1 = T.alloc_buffer((1,), scope="local")
                    src_frag_simtvf_r1_2 = T.decl_buffer((1,), data=src_frag_simtvf_r1.data, scope="local")
                    reduced_frag_simtvf_r1_1 = T.alloc_buffer((1,), scope="local")
                    reduced_frag_simtvf_r1_2 = T.decl_buffer((1,), data=reduced_frag_simtvf_r1.data, scope="local")
                    simtvf_tx = T.launch_thread("threadIdx.x", 128)
                    simtvf_ty = T.launch_thread("threadIdx.y", 1)
                    simtvf_tz = T.launch_thread("threadIdx.z", 1)
                    T.attr("simtvf", "tl.simtvf_scope", 1)
                    src_frag_simtvf_r1_2[0] = lhs_1[bx * 32 + simtvf_tx % 32]
                    reduced_frag_simtvf_r1_2[0] = T.float32(0.0)
                    reduced_frag_simtvf_r1_2[0] = reduced_frag_simtvf_r1_2[0] + src_frag_simtvf_r1_2[0]
                    reduced_frag_simtvf_r1_2[0] = T.call_extern("float32", "tl::AscendAllReduce<tl::SumOp, 8, 1, 0>::run", reduced_frag_simtvf_r1_2[0])
                    if simtvf_tx % 8 * 4 + simtvf_tx // 32 == 0:
                        out_1[bx * 4 + simtvf_tx % 32 // 8] = reduced_frag_simtvf_r1_2[0]
                    if simtvf_tx // 32 == 0:
                        src_frag_simtvf_state_1[simtvf_tx % 32] = src_frag_simtvf_r1_2[0]
                    if simtvf_tx % 8 * 4 + simtvf_tx // 32 == 0:
                        reduced_frag_simtvf_state_1[simtvf_tx % 32 // 8] = reduced_frag_simtvf_r1_2[0]
            src_frag_simtvf_r1 = T.Buffer((1,), scope="local")
            reduced_frag_simtvf_r1 = T.Buffer((1,), scope="local")
            src_frag_simtvf_r0 = T.Buffer((1,), scope="local")
            reduced_frag_simtvf_r0 = T.Buffer((1,), scope="local")
            if 0 < bx % 2:
                with T.sblock("SIMT_VF", no_realize=True):
                    T.reads()
                    T.writes()
                    T.sblock_attr({"layout_map": {src_frag_simtvf_r1: metadata["tl.Fragment"][0], reduced_frag_simtvf_r1: metadata["tl.Fragment"][1], src_frag_simtvf_r0: metadata["tl.Fragment"][2], reduced_frag_simtvf_r0: metadata["tl.Fragment"][3]}, "tl.vf_source_index": T.int64(1)})
                    src_frag_simtvf_r0_1 = T.alloc_buffer((1,), scope="local")
                    src_frag_simtvf_r0_2 = T.decl_buffer((1,), data=src_frag_simtvf_r0.data, scope="local")
                    reduced_frag_simtvf_r0_1 = T.alloc_buffer((1,), scope="local")
                    reduced_frag_simtvf_r0_2 = T.decl_buffer((1,), data=reduced_frag_simtvf_r0.data, scope="local")
                    simtvf_tx = T.launch_thread("threadIdx.x", 128)
                    simtvf_ty = T.launch_thread("threadIdx.y", 1)
                    simtvf_tz = T.launch_thread("threadIdx.z", 1)
                    T.attr("simtvf", "tl.simtvf_scope", 1)
                    src_frag_simtvf_r0_2[0] = rhs_1[bx * 32 + simtvf_tx % 32]
                    reduced_frag_simtvf_r0_2[0] = T.float32("-inf")
                    reduced_frag_simtvf_r0_2[0] = T.max(reduced_frag_simtvf_r0_2[0], src_frag_simtvf_r0_2[0])
                    reduced_frag_simtvf_r0_2[0] = T.call_extern("float32", "tl::AscendAllReduce<tl::MaxOp, 8, 1, 0>::run", reduced_frag_simtvf_r0_2[0])
                    if simtvf_tx % 8 * 4 + simtvf_tx // 32 == 0:
                        out_1[bx * 4 + simtvf_tx % 32 // 8] = reduced_frag_simtvf_r0_2[0]
                    if simtvf_tx // 32 == 0:
                        src_frag_simtvf_state_1[simtvf_tx % 32] = src_frag_simtvf_r0_2[0]
                    if simtvf_tx % 8 * 4 + simtvf_tx // 32 == 0:
                        reduced_frag_simtvf_state_1[simtvf_tx % 32 // 8] = reduced_frag_simtvf_r0_2[0]

    @T.prim_func
    def main(lhs_handle: T.handle, rhs_handle: T.handle, out_handle: T.handle):
        T.func_attr({"target": T.target({"host": {"keys": ["cpu"], "kind": "c", "tag": ""}, "keys": ["ascend"], "kind": "ascend", "tag": ""}), "tilelang_out_idx": [-1], "tirx.is_entry_func": True, "tl.has_tma": T.bool(False), "tl.readonly_param_indices": [0, 1, 2]})
        lhs = T.match_buffer(lhs_handle, (8, 4, 8), strides=(32, 8, 1))
        rhs = T.match_buffer(rhs_handle, (8, 4, 8), strides=(32, 8, 1))
        out = T.match_buffer(out_handle, (8, 4), strides=(4, 1))
        Module.main_kernel(lhs.data, out.data, rhs.data)

# Metadata omitted. Use show_meta=True in script() method to show it.
---------------------74 After MergeUBAllocations---------------------
 # from tvm.script import ir as I
# from tvm.script import tirx as T

@I.ir_module
class Module:
    @T.prim_func(private=True)
    def main_kernel(lhs: T.handle("float32", "global"), out: T.handle("float32", "global"), rhs: T.handle("float32", "global")):
        T.func_attr({"target": T.target({"keys": ["ascend"], "kind": "ascend", "tag": ""}), "tirx.is_global_func": True, "tirx.noalias": True, "tl.non_restrict_params": [], "tl.readonly_param_indices": [0, 2]})
        rhs_1 = T.decl_buffer((256,), data=rhs)
        out_1 = T.decl_buffer((32,), data=out)
        lhs_1 = T.decl_buffer((256,), data=lhs)
        bx = T.launch_thread("blockIdx.x", 8)
        buf_dyn_shmem = T.alloc_buffer((T.int64(160),), "uint8", scope="shared.dyn")
        tx = T.launch_thread("threadIdx.x", 128)
        ty = T.launch_thread("threadIdx.y", 1)
        tz = T.launch_thread("threadIdx.z", 1)
        src_frag_simtvf_state = T.decl_buffer((32,), data=buf_dyn_shmem.data, scope="shared.dyn")
        reduced_frag_simtvf_state = T.decl_buffer((4,), data=buf_dyn_shmem.data, scope="shared.dyn")
        with T.sblock("VECTOR", no_realize=True):
            T.reads()
            T.writes()
            __cond_0: T.bool = bx % 2 == 0
            if bx % 2 == 0:
                src_frag_simtvf_r1 = T.Buffer((1,), scope="local")
                reduced_frag_simtvf_r1 = T.Buffer((1,), scope="local")
                src_frag_simtvf_r0 = T.Buffer((1,), scope="local")
                reduced_frag_simtvf_r0 = T.Buffer((1,), scope="local")
                with T.sblock("SIMT_VF", no_realize=True):
                    T.reads()
                    T.writes()
                    T.sblock_attr({"layout_map": {src_frag_simtvf_r1: metadata["tl.Fragment"][0], reduced_frag_simtvf_r1: metadata["tl.Fragment"][1], src_frag_simtvf_r0: metadata["tl.Fragment"][2], reduced_frag_simtvf_r0: metadata["tl.Fragment"][3]}, "tl.vf_source_index": T.int64(0)})
                    src_frag_simtvf_r1_1 = T.alloc_buffer((1,), scope="local")
                    src_frag_simtvf_r1_2 = T.decl_buffer((1,), data=src_frag_simtvf_r1.data, scope="local")
                    reduced_frag_simtvf_r1_1 = T.alloc_buffer((1,), scope="local")
                    reduced_frag_simtvf_r1_2 = T.decl_buffer((1,), data=reduced_frag_simtvf_r1.data, scope="local")
                    simtvf_tx = T.launch_thread("threadIdx.x", 128)
                    simtvf_ty = T.launch_thread("threadIdx.y", 1)
                    simtvf_tz = T.launch_thread("threadIdx.z", 1)
                    T.attr("simtvf", "tl.simtvf_scope", 1)
                    src_frag_simtvf_r1_2[0] = lhs_1[bx * 32 + simtvf_tx % 32]
                    reduced_frag_simtvf_r1_2[0] = T.float32(0.0)
                    reduced_frag_simtvf_r1_2[0] = reduced_frag_simtvf_r1_2[0] + src_frag_simtvf_r1_2[0]
                    reduced_frag_simtvf_r1_2[0] = T.call_extern("float32", "tl::AscendAllReduce<tl::SumOp, 8, 1, 0>::run", reduced_frag_simtvf_r1_2[0])
                    if simtvf_tx % 8 * 4 + simtvf_tx // 32 == 0:
                        out_1[bx * 4 + simtvf_tx % 32 // 8] = reduced_frag_simtvf_r1_2[0]
                    if simtvf_tx // 32 == 0:
                        src_frag_simtvf_state[simtvf_tx % 32 + T.FloorDiv(0, 32)] = src_frag_simtvf_r1_2[0]
                    if simtvf_tx % 8 * 4 + simtvf_tx // 32 == 0:
                        reduced_frag_simtvf_state[simtvf_tx % 32 // 8 + T.FloorDiv(1024, 32)] = reduced_frag_simtvf_r1_2[0]
            src_frag_simtvf_r1 = T.Buffer((1,), scope="local")
            reduced_frag_simtvf_r1 = T.Buffer((1,), scope="local")
            src_frag_simtvf_r0 = T.Buffer((1,), scope="local")
            reduced_frag_simtvf_r0 = T.Buffer((1,), scope="local")
            if 0 < bx % 2:
                with T.sblock("SIMT_VF", no_realize=True):
                    T.reads()
                    T.writes()
                    T.sblock_attr({"layout_map": {src_frag_simtvf_r1: metadata["tl.Fragment"][0], reduced_frag_simtvf_r1: metadata["tl.Fragment"][1], src_frag_simtvf_r0: metadata["tl.Fragment"][2], reduced_frag_simtvf_r0: metadata["tl.Fragment"][3]}, "tl.vf_source_index": T.int64(1)})
                    src_frag_simtvf_r0_1 = T.alloc_buffer((1,), scope="local")
                    src_frag_simtvf_r0_2 = T.decl_buffer((1,), data=src_frag_simtvf_r0.data, scope="local")
                    reduced_frag_simtvf_r0_1 = T.alloc_buffer((1,), scope="local")
                    reduced_frag_simtvf_r0_2 = T.decl_buffer((1,), data=reduced_frag_simtvf_r0.data, scope="local")
                    simtvf_tx = T.launch_thread("threadIdx.x", 128)
                    simtvf_ty = T.launch_thread("threadIdx.y", 1)
                    simtvf_tz = T.launch_thread("threadIdx.z", 1)
                    T.attr("simtvf", "tl.simtvf_scope", 1)
                    src_frag_simtvf_r0_2[0] = rhs_1[bx * 32 + simtvf_tx % 32]
                    reduced_frag_simtvf_r0_2[0] = T.float32("-inf")
                    reduced_frag_simtvf_r0_2[0] = T.max(reduced_frag_simtvf_r0_2[0], src_frag_simtvf_r0_2[0])
                    reduced_frag_simtvf_r0_2[0] = T.call_extern("float32", "tl::AscendAllReduce<tl::MaxOp, 8, 1, 0>::run", reduced_frag_simtvf_r0_2[0])
                    if simtvf_tx % 8 * 4 + simtvf_tx // 32 == 0:
                        out_1[bx * 4 + simtvf_tx % 32 // 8] = reduced_frag_simtvf_r0_2[0]
                    if simtvf_tx // 32 == 0:
                        src_frag_simtvf_state[simtvf_tx % 32 + T.FloorDiv(0, 32)] = src_frag_simtvf_r0_2[0]
                    if simtvf_tx % 8 * 4 + simtvf_tx // 32 == 0:
                        reduced_frag_simtvf_state[simtvf_tx % 32 // 8 + T.FloorDiv(1024, 32)] = reduced_frag_simtvf_r0_2[0]

    @T.prim_func
    def main(lhs_handle: T.handle, rhs_handle: T.handle, out_handle: T.handle):
        T.func_attr({"target": T.target({"host": {"keys": ["cpu"], "kind": "c", "tag": ""}, "keys": ["ascend"], "kind": "ascend", "tag": ""}), "tilelang_out_idx": [-1], "tirx.is_entry_func": True, "tl.has_tma": T.bool(False), "tl.readonly_param_indices": [0, 1, 2]})
        lhs = T.match_buffer(lhs_handle, (8, 4, 8), strides=(32, 8, 1))
        rhs = T.match_buffer(rhs_handle, (8, 4, 8), strides=(32, 8, 1))
        out = T.match_buffer(out_handle, (8, 4), strides=(4, 1))
        Module.main_kernel(lhs.data, out.data, rhs.data)

# Metadata omitted. Use show_meta=True in script() method to show it.
---------------------75 After RewriteFlagToBuf---------------------
 # from tvm.script import ir as I
# from tvm.script import tirx as T

@I.ir_module
class Module:
    @T.prim_func(private=True)
    def main_kernel(lhs: T.handle("float32", "global"), out: T.handle("float32", "global"), rhs: T.handle("float32", "global")):
        T.func_attr({"target": T.target({"keys": ["ascend"], "kind": "ascend", "tag": ""}), "tirx.is_global_func": True, "tirx.noalias": True, "tl.non_restrict_params": [], "tl.readonly_param_indices": [0, 2]})
        rhs_1 = T.decl_buffer((256,), data=rhs)
        out_1 = T.decl_buffer((32,), data=out)
        lhs_1 = T.decl_buffer((256,), data=lhs)
        bx = T.launch_thread("blockIdx.x", 8)
        buf_dyn_shmem = T.alloc_buffer((T.int64(160),), "uint8", scope="shared.dyn")
        tx = T.launch_thread("threadIdx.x", 128)
        ty = T.launch_thread("threadIdx.y", 1)
        tz = T.launch_thread("threadIdx.z", 1)
        src_frag_simtvf_state = T.decl_buffer((32,), data=buf_dyn_shmem.data, scope="shared.dyn")
        reduced_frag_simtvf_state = T.decl_buffer((4,), data=buf_dyn_shmem.data, scope="shared.dyn")
        with T.sblock("VECTOR", no_realize=True):
            T.reads()
            T.writes()
            __cond_0: T.bool = bx % 2 == 0
            if bx % 2 == 0:
                src_frag_simtvf_r1 = T.Buffer((1,), scope="local")
                reduced_frag_simtvf_r1 = T.Buffer((1,), scope="local")
                src_frag_simtvf_r0 = T.Buffer((1,), scope="local")
                reduced_frag_simtvf_r0 = T.Buffer((1,), scope="local")
                with T.sblock("SIMT_VF", no_realize=True):
                    T.reads()
                    T.writes()
                    T.sblock_attr({"layout_map": {src_frag_simtvf_r1: metadata["tl.Fragment"][0], reduced_frag_simtvf_r1: metadata["tl.Fragment"][1], src_frag_simtvf_r0: metadata["tl.Fragment"][2], reduced_frag_simtvf_r0: metadata["tl.Fragment"][3]}, "tl.vf_source_index": T.int64(0)})
                    src_frag_simtvf_r1_1 = T.alloc_buffer((1,), scope="local")
                    src_frag_simtvf_r1_2 = T.decl_buffer((1,), data=src_frag_simtvf_r1.data, scope="local")
                    reduced_frag_simtvf_r1_1 = T.alloc_buffer((1,), scope="local")
                    reduced_frag_simtvf_r1_2 = T.decl_buffer((1,), data=reduced_frag_simtvf_r1.data, scope="local")
                    simtvf_tx = T.launch_thread("threadIdx.x", 128)
                    simtvf_ty = T.launch_thread("threadIdx.y", 1)
                    simtvf_tz = T.launch_thread("threadIdx.z", 1)
                    T.attr("simtvf", "tl.simtvf_scope", 1)
                    src_frag_simtvf_r1_2[0] = lhs_1[bx * 32 + simtvf_tx % 32]
                    reduced_frag_simtvf_r1_2[0] = T.float32(0.0)
                    reduced_frag_simtvf_r1_2[0] = reduced_frag_simtvf_r1_2[0] + src_frag_simtvf_r1_2[0]
                    reduced_frag_simtvf_r1_2[0] = T.call_extern("float32", "tl::AscendAllReduce<tl::SumOp, 8, 1, 0>::run", reduced_frag_simtvf_r1_2[0])
                    if simtvf_tx % 8 * 4 + simtvf_tx // 32 == 0:
                        out_1[bx * 4 + simtvf_tx % 32 // 8] = reduced_frag_simtvf_r1_2[0]
                    if simtvf_tx // 32 == 0:
                        src_frag_simtvf_state[simtvf_tx % 32 + T.FloorDiv(0, 32)] = src_frag_simtvf_r1_2[0]
                    if simtvf_tx % 8 * 4 + simtvf_tx // 32 == 0:
                        reduced_frag_simtvf_state[simtvf_tx % 32 // 8 + T.FloorDiv(1024, 32)] = reduced_frag_simtvf_r1_2[0]
            src_frag_simtvf_r1 = T.Buffer((1,), scope="local")
            reduced_frag_simtvf_r1 = T.Buffer((1,), scope="local")
            src_frag_simtvf_r0 = T.Buffer((1,), scope="local")
            reduced_frag_simtvf_r0 = T.Buffer((1,), scope="local")
            if 0 < bx % 2:
                with T.sblock("SIMT_VF", no_realize=True):
                    T.reads()
                    T.writes()
                    T.sblock_attr({"layout_map": {src_frag_simtvf_r1: metadata["tl.Fragment"][0], reduced_frag_simtvf_r1: metadata["tl.Fragment"][1], src_frag_simtvf_r0: metadata["tl.Fragment"][2], reduced_frag_simtvf_r0: metadata["tl.Fragment"][3]}, "tl.vf_source_index": T.int64(1)})
                    src_frag_simtvf_r0_1 = T.alloc_buffer((1,), scope="local")
                    src_frag_simtvf_r0_2 = T.decl_buffer((1,), data=src_frag_simtvf_r0.data, scope="local")
                    reduced_frag_simtvf_r0_1 = T.alloc_buffer((1,), scope="local")
                    reduced_frag_simtvf_r0_2 = T.decl_buffer((1,), data=reduced_frag_simtvf_r0.data, scope="local")
                    simtvf_tx = T.launch_thread("threadIdx.x", 128)
                    simtvf_ty = T.launch_thread("threadIdx.y", 1)
                    simtvf_tz = T.launch_thread("threadIdx.z", 1)
                    T.attr("simtvf", "tl.simtvf_scope", 1)
                    src_frag_simtvf_r0_2[0] = rhs_1[bx * 32 + simtvf_tx % 32]
                    reduced_frag_simtvf_r0_2[0] = T.float32("-inf")
                    reduced_frag_simtvf_r0_2[0] = T.max(reduced_frag_simtvf_r0_2[0], src_frag_simtvf_r0_2[0])
                    reduced_frag_simtvf_r0_2[0] = T.call_extern("float32", "tl::AscendAllReduce<tl::MaxOp, 8, 1, 0>::run", reduced_frag_simtvf_r0_2[0])
                    if simtvf_tx % 8 * 4 + simtvf_tx // 32 == 0:
                        out_1[bx * 4 + simtvf_tx % 32 // 8] = reduced_frag_simtvf_r0_2[0]
                    if simtvf_tx // 32 == 0:
                        src_frag_simtvf_state[simtvf_tx % 32 + T.FloorDiv(0, 32)] = src_frag_simtvf_r0_2[0]
                    if simtvf_tx % 8 * 4 + simtvf_tx // 32 == 0:
                        reduced_frag_simtvf_state[simtvf_tx % 32 // 8 + T.FloorDiv(1024, 32)] = reduced_frag_simtvf_r0_2[0]

    @T.prim_func
    def main(lhs_handle: T.handle, rhs_handle: T.handle, out_handle: T.handle):
        T.func_attr({"target": T.target({"host": {"keys": ["cpu"], "kind": "c", "tag": ""}, "keys": ["ascend"], "kind": "ascend", "tag": ""}), "tilelang_out_idx": [-1], "tirx.is_entry_func": True, "tl.has_tma": T.bool(False), "tl.readonly_param_indices": [0, 1, 2]})
        lhs = T.match_buffer(lhs_handle, (8, 4, 8), strides=(32, 8, 1))
        rhs = T.match_buffer(rhs_handle, (8, 4, 8), strides=(32, 8, 1))
        out = T.match_buffer(out_handle, (8, 4), strides=(4, 1))
        Module.main_kernel(lhs.data, out.data, rhs.data)

# Metadata omitted. Use show_meta=True in script() method to show it.
---------------------76 After ThreadSync-shared---------------------
 # from tvm.script import ir as I
# from tvm.script import tirx as T

@I.ir_module
class Module:
    @T.prim_func(private=True)
    def main_kernel(lhs: T.handle("float32", "global"), out: T.handle("float32", "global"), rhs: T.handle("float32", "global")):
        T.func_attr({"target": T.target({"keys": ["ascend"], "kind": "ascend", "tag": ""}), "tirx.is_global_func": True, "tirx.noalias": True, "tl.non_restrict_params": [], "tl.readonly_param_indices": [0, 2]})
        rhs_1 = T.decl_buffer((256,), data=rhs)
        out_1 = T.decl_buffer((32,), data=out)
        lhs_1 = T.decl_buffer((256,), data=lhs)
        bx = T.launch_thread("blockIdx.x", 8)
        buf_dyn_shmem = T.alloc_buffer((T.int64(160),), "uint8", scope="shared.dyn")
        tx = T.launch_thread("threadIdx.x", 128)
        ty = T.launch_thread("threadIdx.y", 1)
        tz = T.launch_thread("threadIdx.z", 1)
        src_frag_simtvf_state = T.decl_buffer((32,), data=buf_dyn_shmem.data, scope="shared.dyn")
        reduced_frag_simtvf_state = T.decl_buffer((4,), data=buf_dyn_shmem.data, scope="shared.dyn")
        with T.sblock("VECTOR", no_realize=True):
            T.reads()
            T.writes()
            __cond_0: T.bool = bx % 2 == 0
            if bx % 2 == 0:
                src_frag_simtvf_r1 = T.Buffer((1,), scope="local")
                reduced_frag_simtvf_r1 = T.Buffer((1,), scope="local")
                src_frag_simtvf_r0 = T.Buffer((1,), scope="local")
                reduced_frag_simtvf_r0 = T.Buffer((1,), scope="local")
                with T.sblock("SIMT_VF", no_realize=True):
                    T.reads()
                    T.writes()
                    T.sblock_attr({"layout_map": {src_frag_simtvf_r1: metadata["tl.Fragment"][0], reduced_frag_simtvf_r1: metadata["tl.Fragment"][1], src_frag_simtvf_r0: metadata["tl.Fragment"][2], reduced_frag_simtvf_r0: metadata["tl.Fragment"][3]}, "tl.vf_source_index": T.int64(0)})
                    src_frag_simtvf_r1_1 = T.alloc_buffer((1,), scope="local")
                    src_frag_simtvf_r1_2 = T.decl_buffer((1,), data=src_frag_simtvf_r1.data, scope="local")
                    reduced_frag_simtvf_r1_1 = T.alloc_buffer((1,), scope="local")
                    reduced_frag_simtvf_r1_2 = T.decl_buffer((1,), data=reduced_frag_simtvf_r1.data, scope="local")
                    simtvf_tx = T.launch_thread("threadIdx.x", 128)
                    simtvf_ty = T.launch_thread("threadIdx.y", 1)
                    simtvf_tz = T.launch_thread("threadIdx.z", 1)
                    T.attr("simtvf", "tl.simtvf_scope", 1)
                    src_frag_simtvf_r1_2[0] = lhs_1[bx * 32 + simtvf_tx % 32]
                    reduced_frag_simtvf_r1_2[0] = T.float32(0.0)
                    reduced_frag_simtvf_r1_2[0] = reduced_frag_simtvf_r1_2[0] + src_frag_simtvf_r1_2[0]
                    reduced_frag_simtvf_r1_2[0] = T.call_extern("float32", "tl::AscendAllReduce<tl::SumOp, 8, 1, 0>::run", reduced_frag_simtvf_r1_2[0])
                    if simtvf_tx % 8 * 4 + simtvf_tx // 32 == 0:
                        out_1[bx * 4 + simtvf_tx % 32 // 8] = reduced_frag_simtvf_r1_2[0]
                    if simtvf_tx // 32 == 0:
                        src_frag_simtvf_state[simtvf_tx % 32 + T.FloorDiv(0, 32)] = src_frag_simtvf_r1_2[0]
                    if simtvf_tx % 8 * 4 + simtvf_tx // 32 == 0:
                        reduced_frag_simtvf_state[simtvf_tx % 32 // 8 + T.FloorDiv(1024, 32)] = reduced_frag_simtvf_r1_2[0]
            src_frag_simtvf_r1 = T.Buffer((1,), scope="local")
            reduced_frag_simtvf_r1 = T.Buffer((1,), scope="local")
            src_frag_simtvf_r0 = T.Buffer((1,), scope="local")
            reduced_frag_simtvf_r0 = T.Buffer((1,), scope="local")
            if 0 < bx % 2:
                with T.sblock("SIMT_VF", no_realize=True):
                    T.reads()
                    T.writes()
                    T.sblock_attr({"layout_map": {src_frag_simtvf_r1: metadata["tl.Fragment"][0], reduced_frag_simtvf_r1: metadata["tl.Fragment"][1], src_frag_simtvf_r0: metadata["tl.Fragment"][2], reduced_frag_simtvf_r0: metadata["tl.Fragment"][3]}, "tl.vf_source_index": T.int64(1)})
                    src_frag_simtvf_r0_1 = T.alloc_buffer((1,), scope="local")
                    src_frag_simtvf_r0_2 = T.decl_buffer((1,), data=src_frag_simtvf_r0.data, scope="local")
                    reduced_frag_simtvf_r0_1 = T.alloc_buffer((1,), scope="local")
                    reduced_frag_simtvf_r0_2 = T.decl_buffer((1,), data=reduced_frag_simtvf_r0.data, scope="local")
                    simtvf_tx = T.launch_thread("threadIdx.x", 128)
                    simtvf_ty = T.launch_thread("threadIdx.y", 1)
                    simtvf_tz = T.launch_thread("threadIdx.z", 1)
                    T.attr("simtvf", "tl.simtvf_scope", 1)
                    src_frag_simtvf_r0_2[0] = rhs_1[bx * 32 + simtvf_tx % 32]
                    reduced_frag_simtvf_r0_2[0] = T.float32("-inf")
                    reduced_frag_simtvf_r0_2[0] = T.max(reduced_frag_simtvf_r0_2[0], src_frag_simtvf_r0_2[0])
                    reduced_frag_simtvf_r0_2[0] = T.call_extern("float32", "tl::AscendAllReduce<tl::MaxOp, 8, 1, 0>::run", reduced_frag_simtvf_r0_2[0])
                    if simtvf_tx % 8 * 4 + simtvf_tx // 32 == 0:
                        out_1[bx * 4 + simtvf_tx % 32 // 8] = reduced_frag_simtvf_r0_2[0]
                    if simtvf_tx // 32 == 0:
                        src_frag_simtvf_state[simtvf_tx % 32 + T.FloorDiv(0, 32)] = src_frag_simtvf_r0_2[0]
                    if simtvf_tx % 8 * 4 + simtvf_tx // 32 == 0:
                        reduced_frag_simtvf_state[simtvf_tx % 32 // 8 + T.FloorDiv(1024, 32)] = reduced_frag_simtvf_r0_2[0]

    @T.prim_func
    def main(lhs_handle: T.handle, rhs_handle: T.handle, out_handle: T.handle):
        T.func_attr({"target": T.target({"host": {"keys": ["cpu"], "kind": "c", "tag": ""}, "keys": ["ascend"], "kind": "ascend", "tag": ""}), "tilelang_out_idx": [-1], "tirx.is_entry_func": True, "tl.has_tma": T.bool(False), "tl.readonly_param_indices": [0, 1, 2]})
        lhs = T.match_buffer(lhs_handle, (8, 4, 8), strides=(32, 8, 1))
        rhs = T.match_buffer(rhs_handle, (8, 4, 8), strides=(32, 8, 1))
        out = T.match_buffer(out_handle, (8, 4), strides=(4, 1))
        Module.main_kernel(lhs.data, out.data, rhs.data)

# Metadata omitted. Use show_meta=True in script() method to show it.
---------------------77 After ThreadSync-shared.dyn---------------------
 # from tvm.script import ir as I
# from tvm.script import tirx as T

@I.ir_module
class Module:
    @T.prim_func(private=True)
    def main_kernel(lhs: T.handle("float32", "global"), out: T.handle("float32", "global"), rhs: T.handle("float32", "global")):
        T.func_attr({"target": T.target({"keys": ["ascend"], "kind": "ascend", "tag": ""}), "tirx.is_global_func": True, "tirx.noalias": True, "tl.non_restrict_params": [], "tl.readonly_param_indices": [0, 2]})
        rhs_1 = T.decl_buffer((256,), data=rhs)
        out_1 = T.decl_buffer((32,), data=out)
        lhs_1 = T.decl_buffer((256,), data=lhs)
        bx = T.launch_thread("blockIdx.x", 8)
        buf_dyn_shmem = T.alloc_buffer((T.int64(160),), "uint8", scope="shared.dyn")
        tx = T.launch_thread("threadIdx.x", 128)
        ty = T.launch_thread("threadIdx.y", 1)
        tz = T.launch_thread("threadIdx.z", 1)
        src_frag_simtvf_state = T.decl_buffer((32,), data=buf_dyn_shmem.data, scope="shared.dyn")
        reduced_frag_simtvf_state = T.decl_buffer((4,), data=buf_dyn_shmem.data, scope="shared.dyn")
        with T.sblock("VECTOR", no_realize=True):
            T.reads()
            T.writes()
            __cond_0: T.bool = bx % 2 == 0
            if bx % 2 == 0:
                src_frag_simtvf_r1 = T.Buffer((1,), scope="local")
                reduced_frag_simtvf_r1 = T.Buffer((1,), scope="local")
                src_frag_simtvf_r0 = T.Buffer((1,), scope="local")
                reduced_frag_simtvf_r0 = T.Buffer((1,), scope="local")
                with T.sblock("SIMT_VF", no_realize=True):
                    T.reads()
                    T.writes()
                    T.sblock_attr({"layout_map": {src_frag_simtvf_r1: metadata["tl.Fragment"][0], reduced_frag_simtvf_r1: metadata["tl.Fragment"][1], src_frag_simtvf_r0: metadata["tl.Fragment"][2], reduced_frag_simtvf_r0: metadata["tl.Fragment"][3]}, "tl.vf_source_index": T.int64(0)})
                    src_frag_simtvf_r1_1 = T.alloc_buffer((1,), scope="local")
                    src_frag_simtvf_r1_2 = T.decl_buffer((1,), data=src_frag_simtvf_r1.data, scope="local")
                    reduced_frag_simtvf_r1_1 = T.alloc_buffer((1,), scope="local")
                    reduced_frag_simtvf_r1_2 = T.decl_buffer((1,), data=reduced_frag_simtvf_r1.data, scope="local")
                    simtvf_tx = T.launch_thread("threadIdx.x", 128)
                    simtvf_ty = T.launch_thread("threadIdx.y", 1)
                    simtvf_tz = T.launch_thread("threadIdx.z", 1)
                    T.attr("simtvf", "tl.simtvf_scope", 1)
                    src_frag_simtvf_r1_2[0] = lhs_1[bx * 32 + simtvf_tx % 32]
                    reduced_frag_simtvf_r1_2[0] = T.float32(0.0)
                    reduced_frag_simtvf_r1_2[0] = reduced_frag_simtvf_r1_2[0] + src_frag_simtvf_r1_2[0]
                    reduced_frag_simtvf_r1_2[0] = T.call_extern("float32", "tl::AscendAllReduce<tl::SumOp, 8, 1, 0>::run", reduced_frag_simtvf_r1_2[0])
                    if simtvf_tx % 8 * 4 + simtvf_tx // 32 == 0:
                        out_1[bx * 4 + simtvf_tx % 32 // 8] = reduced_frag_simtvf_r1_2[0]
                    if simtvf_tx // 32 == 0:
                        src_frag_simtvf_state[simtvf_tx % 32 + T.FloorDiv(0, 32)] = src_frag_simtvf_r1_2[0]
                    if simtvf_tx % 8 * 4 + simtvf_tx // 32 == 0:
                        reduced_frag_simtvf_state[simtvf_tx % 32 // 8 + T.FloorDiv(1024, 32)] = reduced_frag_simtvf_r1_2[0]
            src_frag_simtvf_r1 = T.Buffer((1,), scope="local")
            reduced_frag_simtvf_r1 = T.Buffer((1,), scope="local")
            src_frag_simtvf_r0 = T.Buffer((1,), scope="local")
            reduced_frag_simtvf_r0 = T.Buffer((1,), scope="local")
            if 0 < bx % 2:
                with T.sblock("SIMT_VF", no_realize=True):
                    T.reads()
                    T.writes()
                    T.sblock_attr({"layout_map": {src_frag_simtvf_r1: metadata["tl.Fragment"][0], reduced_frag_simtvf_r1: metadata["tl.Fragment"][1], src_frag_simtvf_r0: metadata["tl.Fragment"][2], reduced_frag_simtvf_r0: metadata["tl.Fragment"][3]}, "tl.vf_source_index": T.int64(1)})
                    src_frag_simtvf_r0_1 = T.alloc_buffer((1,), scope="local")
                    src_frag_simtvf_r0_2 = T.decl_buffer((1,), data=src_frag_simtvf_r0.data, scope="local")
                    reduced_frag_simtvf_r0_1 = T.alloc_buffer((1,), scope="local")
                    reduced_frag_simtvf_r0_2 = T.decl_buffer((1,), data=reduced_frag_simtvf_r0.data, scope="local")
                    simtvf_tx = T.launch_thread("threadIdx.x", 128)
                    simtvf_ty = T.launch_thread("threadIdx.y", 1)
                    simtvf_tz = T.launch_thread("threadIdx.z", 1)
                    T.attr("simtvf", "tl.simtvf_scope", 1)
                    src_frag_simtvf_r0_2[0] = rhs_1[bx * 32 + simtvf_tx % 32]
                    reduced_frag_simtvf_r0_2[0] = T.float32("-inf")
                    reduced_frag_simtvf_r0_2[0] = T.max(reduced_frag_simtvf_r0_2[0], src_frag_simtvf_r0_2[0])
                    reduced_frag_simtvf_r0_2[0] = T.call_extern("float32", "tl::AscendAllReduce<tl::MaxOp, 8, 1, 0>::run", reduced_frag_simtvf_r0_2[0])
                    if simtvf_tx % 8 * 4 + simtvf_tx // 32 == 0:
                        out_1[bx * 4 + simtvf_tx % 32 // 8] = reduced_frag_simtvf_r0_2[0]
                    if simtvf_tx // 32 == 0:
                        src_frag_simtvf_state[simtvf_tx % 32 + T.FloorDiv(0, 32)] = src_frag_simtvf_r0_2[0]
                    if simtvf_tx % 8 * 4 + simtvf_tx // 32 == 0:
                        reduced_frag_simtvf_state[simtvf_tx % 32 // 8 + T.FloorDiv(1024, 32)] = reduced_frag_simtvf_r0_2[0]

    @T.prim_func
    def main(lhs_handle: T.handle, rhs_handle: T.handle, out_handle: T.handle):
        T.func_attr({"target": T.target({"host": {"keys": ["cpu"], "kind": "c", "tag": ""}, "keys": ["ascend"], "kind": "ascend", "tag": ""}), "tilelang_out_idx": [-1], "tirx.is_entry_func": True, "tl.has_tma": T.bool(False), "tl.readonly_param_indices": [0, 1, 2]})
        lhs = T.match_buffer(lhs_handle, (8, 4, 8), strides=(32, 8, 1))
        rhs = T.match_buffer(rhs_handle, (8, 4, 8), strides=(32, 8, 1))
        out = T.match_buffer(out_handle, (8, 4), strides=(4, 1))
        Module.main_kernel(lhs.data, out.data, rhs.data)

# Metadata omitted. Use show_meta=True in script() method to show it.
---------------------78 After MergeIfStmt---------------------
 # from tvm.script import ir as I
# from tvm.script import tirx as T

@I.ir_module
class Module:
    @T.prim_func(private=True)
    def main_kernel(lhs: T.handle("float32", "global"), out: T.handle("float32", "global"), rhs: T.handle("float32", "global")):
        T.func_attr({"target": T.target({"keys": ["ascend"], "kind": "ascend", "tag": ""}), "tirx.is_global_func": True, "tirx.noalias": True, "tl.non_restrict_params": [], "tl.readonly_param_indices": [0, 2]})
        rhs_1 = T.decl_buffer((256,), data=rhs)
        out_1 = T.decl_buffer((32,), data=out)
        lhs_1 = T.decl_buffer((256,), data=lhs)
        bx = T.launch_thread("blockIdx.x", 8)
        buf_dyn_shmem = T.alloc_buffer((T.int64(160),), "uint8", scope="shared.dyn")
        tx = T.launch_thread("threadIdx.x", 128)
        ty = T.launch_thread("threadIdx.y", 1)
        tz = T.launch_thread("threadIdx.z", 1)
        src_frag_simtvf_state = T.decl_buffer((32,), data=buf_dyn_shmem.data, scope="shared.dyn")
        reduced_frag_simtvf_state = T.decl_buffer((4,), data=buf_dyn_shmem.data, scope="shared.dyn")
        with T.sblock("VECTOR", no_realize=True):
            T.reads()
            T.writes()
            __cond_0: T.bool = bx % 2 == 0
            if bx % 2 == 0:
                src_frag_simtvf_r1 = T.Buffer((1,), scope="local")
                reduced_frag_simtvf_r1 = T.Buffer((1,), scope="local")
                src_frag_simtvf_r0 = T.Buffer((1,), scope="local")
                reduced_frag_simtvf_r0 = T.Buffer((1,), scope="local")
                with T.sblock("SIMT_VF", no_realize=True):
                    T.reads()
                    T.writes()
                    T.sblock_attr({"layout_map": {src_frag_simtvf_r1: metadata["tl.Fragment"][0], reduced_frag_simtvf_r1: metadata["tl.Fragment"][1], src_frag_simtvf_r0: metadata["tl.Fragment"][2], reduced_frag_simtvf_r0: metadata["tl.Fragment"][3]}, "tl.vf_source_index": T.int64(0)})
                    src_frag_simtvf_r1_1 = T.alloc_buffer((1,), scope="local")
                    src_frag_simtvf_r1_2 = T.decl_buffer((1,), data=src_frag_simtvf_r1.data, scope="local")
                    reduced_frag_simtvf_r1_1 = T.alloc_buffer((1,), scope="local")
                    reduced_frag_simtvf_r1_2 = T.decl_buffer((1,), data=reduced_frag_simtvf_r1.data, scope="local")
                    simtvf_tx = T.launch_thread("threadIdx.x", 128)
                    simtvf_ty = T.launch_thread("threadIdx.y", 1)
                    simtvf_tz = T.launch_thread("threadIdx.z", 1)
                    T.attr("simtvf", "tl.simtvf_scope", 1)
                    src_frag_simtvf_r1_2[0] = lhs_1[bx * 32 + simtvf_tx % 32]
                    reduced_frag_simtvf_r1_2[0] = T.float32(0.0)
                    reduced_frag_simtvf_r1_2[0] = reduced_frag_simtvf_r1_2[0] + src_frag_simtvf_r1_2[0]
                    reduced_frag_simtvf_r1_2[0] = T.call_extern("float32", "tl::AscendAllReduce<tl::SumOp, 8, 1, 0>::run", reduced_frag_simtvf_r1_2[0])
                    if simtvf_tx % 8 * 4 + simtvf_tx // 32 == 0:
                        out_1[bx * 4 + simtvf_tx % 32 // 8] = reduced_frag_simtvf_r1_2[0]
                    if simtvf_tx // 32 == 0:
                        src_frag_simtvf_state[simtvf_tx % 32 + T.FloorDiv(0, 32)] = src_frag_simtvf_r1_2[0]
                    if simtvf_tx % 8 * 4 + simtvf_tx // 32 == 0:
                        reduced_frag_simtvf_state[simtvf_tx % 32 // 8 + T.FloorDiv(1024, 32)] = reduced_frag_simtvf_r1_2[0]
            src_frag_simtvf_r1 = T.Buffer((1,), scope="local")
            reduced_frag_simtvf_r1 = T.Buffer((1,), scope="local")
            src_frag_simtvf_r0 = T.Buffer((1,), scope="local")
            reduced_frag_simtvf_r0 = T.Buffer((1,), scope="local")
            if 0 < bx % 2:
                with T.sblock("SIMT_VF", no_realize=True):
                    T.reads()
                    T.writes()
                    T.sblock_attr({"layout_map": {src_frag_simtvf_r1: metadata["tl.Fragment"][0], reduced_frag_simtvf_r1: metadata["tl.Fragment"][1], src_frag_simtvf_r0: metadata["tl.Fragment"][2], reduced_frag_simtvf_r0: metadata["tl.Fragment"][3]}, "tl.vf_source_index": T.int64(1)})
                    src_frag_simtvf_r0_1 = T.alloc_buffer((1,), scope="local")
                    src_frag_simtvf_r0_2 = T.decl_buffer((1,), data=src_frag_simtvf_r0.data, scope="local")
                    reduced_frag_simtvf_r0_1 = T.alloc_buffer((1,), scope="local")
                    reduced_frag_simtvf_r0_2 = T.decl_buffer((1,), data=reduced_frag_simtvf_r0.data, scope="local")
                    simtvf_tx = T.launch_thread("threadIdx.x", 128)
                    simtvf_ty = T.launch_thread("threadIdx.y", 1)
                    simtvf_tz = T.launch_thread("threadIdx.z", 1)
                    T.attr("simtvf", "tl.simtvf_scope", 1)
                    src_frag_simtvf_r0_2[0] = rhs_1[bx * 32 + simtvf_tx % 32]
                    reduced_frag_simtvf_r0_2[0] = T.float32("-inf")
                    reduced_frag_simtvf_r0_2[0] = T.max(reduced_frag_simtvf_r0_2[0], src_frag_simtvf_r0_2[0])
                    reduced_frag_simtvf_r0_2[0] = T.call_extern("float32", "tl::AscendAllReduce<tl::MaxOp, 8, 1, 0>::run", reduced_frag_simtvf_r0_2[0])
                    if simtvf_tx % 8 * 4 + simtvf_tx // 32 == 0:
                        out_1[bx * 4 + simtvf_tx % 32 // 8] = reduced_frag_simtvf_r0_2[0]
                    if simtvf_tx // 32 == 0:
                        src_frag_simtvf_state[simtvf_tx % 32 + T.FloorDiv(0, 32)] = src_frag_simtvf_r0_2[0]
                    if simtvf_tx % 8 * 4 + simtvf_tx // 32 == 0:
                        reduced_frag_simtvf_state[simtvf_tx % 32 // 8 + T.FloorDiv(1024, 32)] = reduced_frag_simtvf_r0_2[0]

    @T.prim_func
    def main(lhs_handle: T.handle, rhs_handle: T.handle, out_handle: T.handle):
        T.func_attr({"target": T.target({"host": {"keys": ["cpu"], "kind": "c", "tag": ""}, "keys": ["ascend"], "kind": "ascend", "tag": ""}), "tilelang_out_idx": [-1], "tirx.is_entry_func": True, "tl.has_tma": T.bool(False), "tl.readonly_param_indices": [0, 1, 2]})
        lhs = T.match_buffer(lhs_handle, (8, 4, 8), strides=(32, 8, 1))
        rhs = T.match_buffer(rhs_handle, (8, 4, 8), strides=(32, 8, 1))
        out = T.match_buffer(out_handle, (8, 4), strides=(4, 1))
        Module.main_kernel(lhs.data, out.data, rhs.data)

# Metadata omitted. Use show_meta=True in script() method to show it.
---------------------79 After MakePackedAPI---------------------
 # from tvm.script import ir as I
# from tvm.script import tirx as T

@I.ir_module
class Module:
    @T.prim_func(private=True)
    def main_kernel(lhs: T.handle("float32", "global"), out: T.handle("float32", "global"), rhs: T.handle("float32", "global")):
        T.func_attr({"target": T.target({"keys": ["ascend"], "kind": "ascend", "tag": ""}), "tirx.is_global_func": True, "tirx.noalias": True, "tl.non_restrict_params": [], "tl.readonly_param_indices": [0, 2]})
        rhs_1 = T.decl_buffer((256,), data=rhs)
        out_1 = T.decl_buffer((32,), data=out)
        lhs_1 = T.decl_buffer((256,), data=lhs)
        bx = T.launch_thread("blockIdx.x", 8)
        buf_dyn_shmem = T.alloc_buffer((T.int64(160),), "uint8", scope="shared.dyn")
        tx = T.launch_thread("threadIdx.x", 128)
        ty = T.launch_thread("threadIdx.y", 1)
        tz = T.launch_thread("threadIdx.z", 1)
        src_frag_simtvf_state = T.decl_buffer((32,), data=buf_dyn_shmem.data, scope="shared.dyn")
        reduced_frag_simtvf_state = T.decl_buffer((4,), data=buf_dyn_shmem.data, scope="shared.dyn")
        with T.sblock("VECTOR", no_realize=True):
            T.reads()
            T.writes()
            __cond_0: T.bool = bx % 2 == 0
            if bx % 2 == 0:
                src_frag_simtvf_r1 = T.Buffer((1,), scope="local")
                reduced_frag_simtvf_r1 = T.Buffer((1,), scope="local")
                src_frag_simtvf_r0 = T.Buffer((1,), scope="local")
                reduced_frag_simtvf_r0 = T.Buffer((1,), scope="local")
                with T.sblock("SIMT_VF", no_realize=True):
                    T.reads()
                    T.writes()
                    T.sblock_attr({"layout_map": {src_frag_simtvf_r1: metadata["tl.Fragment"][0], reduced_frag_simtvf_r1: metadata["tl.Fragment"][1], src_frag_simtvf_r0: metadata["tl.Fragment"][2], reduced_frag_simtvf_r0: metadata["tl.Fragment"][3]}, "tl.vf_source_index": T.int64(0)})
                    src_frag_simtvf_r1_1 = T.alloc_buffer((1,), scope="local")
                    src_frag_simtvf_r1_2 = T.decl_buffer((1,), data=src_frag_simtvf_r1.data, scope="local")
                    reduced_frag_simtvf_r1_1 = T.alloc_buffer((1,), scope="local")
                    reduced_frag_simtvf_r1_2 = T.decl_buffer((1,), data=reduced_frag_simtvf_r1.data, scope="local")
                    simtvf_tx = T.launch_thread("threadIdx.x", 128)
                    simtvf_ty = T.launch_thread("threadIdx.y", 1)
                    simtvf_tz = T.launch_thread("threadIdx.z", 1)
                    T.attr("simtvf", "tl.simtvf_scope", 1)
                    src_frag_simtvf_r1_2[0] = lhs_1[bx * 32 + simtvf_tx % 32]
                    reduced_frag_simtvf_r1_2[0] = T.float32(0.0)
                    reduced_frag_simtvf_r1_2[0] = reduced_frag_simtvf_r1_2[0] + src_frag_simtvf_r1_2[0]
                    reduced_frag_simtvf_r1_2[0] = T.call_extern("float32", "tl::AscendAllReduce<tl::SumOp, 8, 1, 0>::run", reduced_frag_simtvf_r1_2[0])
                    if simtvf_tx % 8 * 4 + simtvf_tx // 32 == 0:
                        out_1[bx * 4 + simtvf_tx % 32 // 8] = reduced_frag_simtvf_r1_2[0]
                    if simtvf_tx // 32 == 0:
                        src_frag_simtvf_state[simtvf_tx % 32 + T.FloorDiv(0, 32)] = src_frag_simtvf_r1_2[0]
                    if simtvf_tx % 8 * 4 + simtvf_tx // 32 == 0:
                        reduced_frag_simtvf_state[simtvf_tx % 32 // 8 + T.FloorDiv(1024, 32)] = reduced_frag_simtvf_r1_2[0]
            src_frag_simtvf_r1 = T.Buffer((1,), scope="local")
            reduced_frag_simtvf_r1 = T.Buffer((1,), scope="local")
            src_frag_simtvf_r0 = T.Buffer((1,), scope="local")
            reduced_frag_simtvf_r0 = T.Buffer((1,), scope="local")
            if 0 < bx % 2:
                with T.sblock("SIMT_VF", no_realize=True):
                    T.reads()
                    T.writes()
                    T.sblock_attr({"layout_map": {src_frag_simtvf_r1: metadata["tl.Fragment"][0], reduced_frag_simtvf_r1: metadata["tl.Fragment"][1], src_frag_simtvf_r0: metadata["tl.Fragment"][2], reduced_frag_simtvf_r0: metadata["tl.Fragment"][3]}, "tl.vf_source_index": T.int64(1)})
                    src_frag_simtvf_r0_1 = T.alloc_buffer((1,), scope="local")
                    src_frag_simtvf_r0_2 = T.decl_buffer((1,), data=src_frag_simtvf_r0.data, scope="local")
                    reduced_frag_simtvf_r0_1 = T.alloc_buffer((1,), scope="local")
                    reduced_frag_simtvf_r0_2 = T.decl_buffer((1,), data=reduced_frag_simtvf_r0.data, scope="local")
                    simtvf_tx = T.launch_thread("threadIdx.x", 128)
                    simtvf_ty = T.launch_thread("threadIdx.y", 1)
                    simtvf_tz = T.launch_thread("threadIdx.z", 1)
                    T.attr("simtvf", "tl.simtvf_scope", 1)
                    src_frag_simtvf_r0_2[0] = rhs_1[bx * 32 + simtvf_tx % 32]
                    reduced_frag_simtvf_r0_2[0] = T.float32("-inf")
                    reduced_frag_simtvf_r0_2[0] = T.max(reduced_frag_simtvf_r0_2[0], src_frag_simtvf_r0_2[0])
                    reduced_frag_simtvf_r0_2[0] = T.call_extern("float32", "tl::AscendAllReduce<tl::MaxOp, 8, 1, 0>::run", reduced_frag_simtvf_r0_2[0])
                    if simtvf_tx % 8 * 4 + simtvf_tx // 32 == 0:
                        out_1[bx * 4 + simtvf_tx % 32 // 8] = reduced_frag_simtvf_r0_2[0]
                    if simtvf_tx // 32 == 0:
                        src_frag_simtvf_state[simtvf_tx % 32 + T.FloorDiv(0, 32)] = src_frag_simtvf_r0_2[0]
                    if simtvf_tx % 8 * 4 + simtvf_tx // 32 == 0:
                        reduced_frag_simtvf_state[simtvf_tx % 32 // 8 + T.FloorDiv(1024, 32)] = reduced_frag_simtvf_r0_2[0]

    @T.prim_func
    def main(self_handle: T.handle, args: T.handle, num_args: T.int32, result: T.handle("void", "global")) -> T.int32:
        T.func_attr({"calling_conv": 1, "global_symbol": "__tvm_ffi_main", "target": T.target({"keys": ["cpu"], "kind": "c", "tag": ""}), "tilelang_out_idx": [-1], "tirx.is_entry_func": True, "tl.has_tma": T.bool(False), "tl.readonly_param_indices": [0, 1, 2]})
        assert num_args == 3, ("RuntimeError", ["main: num_args should be 3"])
        assert not T.isnullptr(args), ("RuntimeError", ["main: args pointer is NULL"])
        lhs_handle_type_index: T.int32 = T.tvm_struct_get(args, 0, 13, "int32")
        assert lhs_handle_type_index == 0 or lhs_handle_type_index == 4 or lhs_handle_type_index == 7 or lhs_handle_type_index >= 64, ("RuntimeError", ["kernel main input lhs expected pointer or tensor handle"])
        rhs_handle_type_index: T.int32 = T.tvm_struct_get(args, 1, 13, "int32")
        assert rhs_handle_type_index == 0 or rhs_handle_type_index == 4 or rhs_handle_type_index == 7 or rhs_handle_type_index >= 64, ("RuntimeError", ["kernel main input rhs expected pointer or tensor handle"])
        allocator_anchor_type_index: T.int32 = T.tvm_struct_get(args, 2, 13, "int32")
        assert allocator_anchor_type_index == 70, ("RuntimeError", ["main: allocator anchor must be a Tensor"])
        assert not T.isnullptr(T.tvm_struct_get(args, 2, 15, "handle")), ("RuntimeError", ["main: allocator anchor is NULL"])
        assert T.tvm_struct_get(T.handle_add_byte_offset(T.tvm_struct_get(args, 2, 15, "handle"), T.int64(24)), 0, 10, "int32") == 12, ("RuntimeError", ["main: allocator anchor has the wrong device type"])
        dev_id: T.int32 = T.tvm_struct_get(T.handle_add_byte_offset(T.tvm_struct_get(args, 2, 15, "handle"), T.int64(24)), 0, 9, "int32")
        lhs_handle: T.handle = T.Select(lhs_handle_type_index == 70, T.handle_add_byte_offset(T.tvm_struct_get(args, 0, 15, "handle"), 24), T.tvm_struct_get(args, 0, 15, "handle"))
        rhs_handle: T.handle = T.Select(rhs_handle_type_index == 70, T.handle_add_byte_offset(T.tvm_struct_get(args, 1, 15, "handle"), 24), T.tvm_struct_get(args, 1, 15, "handle"))
        main_lhs_is_null: T.bool = T.isnullptr(lhs_handle)
        assert not main_lhs_is_null, ("RuntimeError", ["main.lhs is expected to have non-NULL pointer"])
        main_rhs_is_null: T.bool = T.isnullptr(rhs_handle)
        assert not main_rhs_is_null, ("RuntimeError", ["main.rhs is expected to have non-NULL pointer"])
        main_lhs_shape: T.handle("int64", "global") = T.if_then_else(not T.bool(False), T.tvm_struct_get(lhs_handle, 0, 2, "handle"), T.reinterpret("handle", T.uint64(0)))
        main_lhs_shape_1 = T.decl_buffer((3,), "int64", data=main_lhs_shape)
        main_rhs_shape: T.handle("int64", "global") = T.if_then_else(not T.bool(False), T.tvm_struct_get(rhs_handle, 0, 2, "handle"), T.reinterpret("handle", T.uint64(0)))
        main_rhs_shape_1 = T.decl_buffer((3,), "int64", data=main_rhs_shape)
        assert T.Or(T.bool(False), 3 == T.tvm_struct_get(lhs_handle, 0, 4, "int32")), ("RuntimeError", ["kernel main input lhs ndim mismatch, expected 3"])
        main_lhs_strides: T.handle("int64", "global") = T.if_then_else(not T.bool(False), T.tvm_struct_get(lhs_handle, 0, 3, "handle"), T.reinterpret("handle", T.uint64(0)))
        main_lhs_strides_1 = T.decl_buffer((3,), "int64", data=main_lhs_strides)
        lhs: T.handle("float32", "global") = T.if_then_else(not T.bool(False), T.tvm_struct_get(lhs_handle, 0, 1, "handle"), T.reinterpret("handle", T.uint64(0)))
        T.attr(lhs, "storage_alignment", 64)
        assert T.Or(T.bool(False), 3 == T.tvm_struct_get(rhs_handle, 0, 4, "int32")), ("RuntimeError", ["kernel main input rhs ndim mismatch, expected 3"])
        main_rhs_strides: T.handle("int64", "global") = T.if_then_else(not T.bool(False), T.tvm_struct_get(rhs_handle, 0, 3, "handle"), T.reinterpret("handle", T.uint64(0)))
        main_rhs_strides_1 = T.decl_buffer((3,), "int64", data=main_rhs_strides)
        rhs: T.handle("float32", "global") = T.if_then_else(not T.bool(False), T.tvm_struct_get(rhs_handle, 0, 1, "handle"), T.reinterpret("handle", T.uint64(0)))
        T.attr(rhs, "storage_alignment", 64)
        T.attr("default", "device_id", dev_id)
        T.attr("default", "device_type", 12)
        assert T.Or(T.bool(False), T.if_then_else(not T.bool(False), T.tvm_struct_get(lhs_handle, 0, 5, "uint8"), T.uint8(2)) == T.uint8(2) and T.if_then_else(not T.bool(False), T.tvm_struct_get(lhs_handle, 0, 6, "uint8"), T.uint8(32)) == T.uint8(32) and T.if_then_else(not T.bool(False), T.tvm_struct_get(lhs_handle, 0, 7, "uint16"), T.uint16(1)) == T.uint16(1)), ("RuntimeError", ["kernel main input lhs dtype mismatch, expected float32"])
        assert T.Cast("int32", main_lhs_shape_1[0]) == 8, ("RuntimeError", ["kernel main input lhs shape[0] violates packed ABI constraint"])
        assert T.Cast("int32", main_lhs_shape_1[1]) == 4, ("RuntimeError", ["kernel main input lhs shape[1] violates packed ABI constraint"])
        assert T.Cast("int32", main_lhs_shape_1[2]) == 8, ("RuntimeError", ["kernel main input lhs shape[2] violates packed ABI constraint"])
        assert T.if_then_else(T.isnullptr(main_lhs_strides), 1, T.Cast("int32", main_lhs_strides_1[2])) == 1, ("RuntimeError", ["kernel main input lhs strides[2] violates packed ABI constraint"])
        assert T.if_then_else(T.isnullptr(main_lhs_strides), 1, T.Cast("int32", main_lhs_strides_1[1])) == 8, ("RuntimeError", ["kernel main input lhs strides[1] violates packed ABI constraint"])
        assert T.if_then_else(T.isnullptr(main_lhs_strides), 1, T.Cast("int32", main_lhs_strides_1[0])) == 32, ("RuntimeError", ["kernel main input lhs strides[0] violates packed ABI constraint"])
        assert T.uint64(0) == T.tvm_struct_get(lhs_handle, 0, 8, "uint64"), ("RuntimeError", ["kernel main input lhs byte_offset violates packed ABI constraint"])
        assert T.tvm_struct_get(lhs_handle, 0, 9, "int32") == dev_id, ("RuntimeError", ["kernel main input lhs device_id violates packed ABI constraint"])
        assert T.Or(T.bool(False), 12 == T.if_then_else(not T.bool(False), T.tvm_struct_get(lhs_handle, 0, 10, "int32"), 0)), ("RuntimeError", ["kernel main input lhs device_type mismatch, expected ext_dev"])
        assert T.Or(T.bool(False), T.Or(T.bool(False), not T.isnullptr(lhs))), ("RuntimeError", ["kernel main input lhs data pointer is NULL"])
        assert T.Or(T.bool(False), T.if_then_else(not T.bool(False), T.tvm_struct_get(rhs_handle, 0, 5, "uint8"), T.uint8(2)) == T.uint8(2) and T.if_then_else(not T.bool(False), T.tvm_struct_get(rhs_handle, 0, 6, "uint8"), T.uint8(32)) == T.uint8(32) and T.if_then_else(not T.bool(False), T.tvm_struct_get(rhs_handle, 0, 7, "uint16"), T.uint16(1)) == T.uint16(1)), ("RuntimeError", ["kernel main input rhs dtype mismatch, expected float32"])
        assert T.Cast("int32", main_rhs_shape_1[0]) == 8, ("RuntimeError", ["kernel main input rhs shape[0] violates packed ABI constraint"])
        assert T.Cast("int32", main_rhs_shape_1[1]) == 4, ("RuntimeError", ["kernel main input rhs shape[1] violates packed ABI constraint"])
        assert T.Cast("int32", main_rhs_shape_1[2]) == 8, ("RuntimeError", ["kernel main input rhs shape[2] violates packed ABI constraint"])
        assert T.if_then_else(T.isnullptr(main_rhs_strides), 1, T.Cast("int32", main_rhs_strides_1[2])) == 1, ("RuntimeError", ["kernel main input rhs strides[2] violates packed ABI constraint"])
        assert T.if_then_else(T.isnullptr(main_rhs_strides), 1, T.Cast("int32", main_rhs_strides_1[1])) == 8, ("RuntimeError", ["kernel main input rhs strides[1] violates packed ABI constraint"])
        assert T.if_then_else(T.isnullptr(main_rhs_strides), 1, T.Cast("int32", main_rhs_strides_1[0])) == 32, ("RuntimeError", ["kernel main input rhs strides[0] violates packed ABI constraint"])
        assert T.uint64(0) == T.tvm_struct_get(rhs_handle, 0, 8, "uint64"), ("RuntimeError", ["kernel main input rhs byte_offset violates packed ABI constraint"])
        assert T.tvm_struct_get(rhs_handle, 0, 9, "int32") == dev_id, ("RuntimeError", ["kernel main input rhs device_id violates packed ABI constraint"])
        assert T.Or(T.bool(False), 12 == T.if_then_else(not T.bool(False), T.tvm_struct_get(rhs_handle, 0, 10, "int32"), 0)), ("RuntimeError", ["kernel main input rhs device_type mismatch, expected ext_dev"])
        assert T.Or(T.bool(False), T.Or(T.bool(False), not T.isnullptr(rhs))), ("RuntimeError", ["kernel main input rhs data pointer is NULL"])
        callee_allocated_output_storage: T.handle = T.tvm_stack_alloca("tvm_ffi_any", 1)
        callee_allocated_output_shape_storage: T.handle = T.tvm_stack_alloca("shape", 2)
        callee_allocated_output_prototype_storage: T.handle = T.tvm_stack_alloca("array", 1)
        T.tvm_struct_set(callee_allocated_output_shape_storage, 0, 17, T.Cast("int64", 8))
        T.tvm_struct_set(callee_allocated_output_shape_storage, 1, 17, T.Cast("int64", 4))
        T.tvm_struct_set(callee_allocated_output_prototype_storage, 0, 1, T.reinterpret("handle", T.uint64(0)))
        T.tvm_struct_set(callee_allocated_output_prototype_storage, 0, 2, T.handle_add_byte_offset(callee_allocated_output_shape_storage, T.int64(0)))
        T.tvm_struct_set(callee_allocated_output_prototype_storage, 0, 3, T.reinterpret("handle", T.uint64(0)))
        T.tvm_struct_set(callee_allocated_output_prototype_storage, 0, 4, 2)
        T.tvm_struct_set(callee_allocated_output_prototype_storage, 0, 5, T.uint8(2))
        T.tvm_struct_set(callee_allocated_output_prototype_storage, 0, 6, T.uint8(32))
        T.tvm_struct_set(callee_allocated_output_prototype_storage, 0, 7, T.uint16(1))
        T.tvm_struct_set(callee_allocated_output_prototype_storage, 0, 8, T.uint64(0))
        T.tvm_struct_set(callee_allocated_output_prototype_storage, 0, 9, dev_id)
        T.tvm_struct_set(callee_allocated_output_prototype_storage, 0, 10, 12)
        out_allocation_status: T.int32 = T.call_extern("int32", "TVMFFIEnvTensorAlloc", T.tvm_struct_get(callee_allocated_output_prototype_storage, 0, 0, "handle"), T.handle_add_byte_offset(callee_allocated_output_storage, T.int64(8)))
        if out_allocation_status != 0:
            return out_allocation_status
        out_handle: T.handle = T.handle_add_byte_offset(T.tvm_struct_get(callee_allocated_output_storage, 0, 15, "handle"), T.int64(24))
        main_out_is_null: T.bool = T.isnullptr(out_handle)
        assert not main_out_is_null, ("RuntimeError", ["main.out is expected to have non-NULL pointer"])
        main_out_shape: T.handle("int64", "global") = T.if_then_else(not T.bool(False), T.tvm_struct_get(out_handle, 0, 2, "handle"), T.reinterpret("handle", T.uint64(0)))
        main_out_shape_1 = T.decl_buffer((2,), "int64", data=main_out_shape)
        assert T.Or(T.bool(False), 2 == T.tvm_struct_get(out_handle, 0, 4, "int32")), ("RuntimeError", ["kernel main input out ndim mismatch, expected 2"])
        main_out_strides: T.handle("int64", "global") = T.if_then_else(not T.bool(False), T.tvm_struct_get(out_handle, 0, 3, "handle"), T.reinterpret("handle", T.uint64(0)))
        main_out_strides_1 = T.decl_buffer((2,), "int64", data=main_out_strides)
        out: T.handle("float32", "global") = T.if_then_else(not T.bool(False), T.tvm_struct_get(out_handle, 0, 1, "handle"), T.reinterpret("handle", T.uint64(0)))
        T.attr(out, "storage_alignment", 64)
        assert T.Or(T.bool(False), T.if_then_else(not T.bool(False), T.tvm_struct_get(out_handle, 0, 5, "uint8"), T.uint8(2)) == T.uint8(2) and T.if_then_else(not T.bool(False), T.tvm_struct_get(out_handle, 0, 6, "uint8"), T.uint8(32)) == T.uint8(32) and T.if_then_else(not T.bool(False), T.tvm_struct_get(out_handle, 0, 7, "uint16"), T.uint16(1)) == T.uint16(1)), ("RuntimeError", ["kernel main input out dtype mismatch, expected float32"])
        assert T.Cast("int32", main_out_shape_1[0]) == 8, ("RuntimeError", ["kernel main input out shape[0] violates packed ABI constraint"])
        assert T.Cast("int32", main_out_shape_1[1]) == 4, ("RuntimeError", ["kernel main input out shape[1] violates packed ABI constraint"])
        assert T.if_then_else(T.isnullptr(main_out_strides), 1, T.Cast("int32", main_out_strides_1[1])) == 1, ("RuntimeError", ["kernel main input out strides[1] violates packed ABI constraint"])
        assert T.if_then_else(T.isnullptr(main_out_strides), 1, T.Cast("int32", main_out_strides_1[0])) == 4, ("RuntimeError", ["kernel main input out strides[0] violates packed ABI constraint"])
        assert T.uint64(0) == T.tvm_struct_get(out_handle, 0, 8, "uint64"), ("RuntimeError", ["kernel main input out byte_offset violates packed ABI constraint"])
        assert T.tvm_struct_get(out_handle, 0, 9, "int32") == dev_id, ("RuntimeError", ["kernel main input out device_id violates packed ABI constraint"])
        assert T.Or(T.bool(False), 12 == T.if_then_else(not T.bool(False), T.tvm_struct_get(out_handle, 0, 10, "int32"), 0)), ("RuntimeError", ["kernel main input out device_type mismatch, expected ext_dev"])
        assert T.Or(T.bool(False), T.Or(T.bool(False), not T.isnullptr(out))), ("RuntimeError", ["kernel main input out data pointer is NULL"])
        lhs_1 = T.decl_buffer((8, 4, 8), data=lhs, strides=(32, 8, 1))
        rhs_1 = T.decl_buffer((8, 4, 8), data=rhs, strides=(32, 8, 1))
        out_1 = T.decl_buffer((8, 4), data=out, strides=(4, 1))
        T.call_packed("__tvm_set_device", 12, dev_id)
        with T.attr(0, "compute_scope", "main_compute_"):
            Module.main_kernel(lhs, out, rhs)
        T.tvm_struct_set(result, 0, 13, 70)
        T.tvm_struct_set(result, 0, 14, 0)
        T.tvm_struct_set(result, 0, 15, T.tvm_struct_get(callee_allocated_output_storage, 0, 15, "handle"))
        return 0

# Metadata omitted. Use show_meta=True in script() method to show it.
---------------------80 After Simplify---------------------
 # from tvm.script import ir as I
# from tvm.script import tirx as T

@I.ir_module
class Module:
    @T.prim_func(private=True)
    def main_kernel(lhs: T.handle("float32", "global"), out: T.handle("float32", "global"), rhs: T.handle("float32", "global")):
        T.func_attr({"target": T.target({"keys": ["ascend"], "kind": "ascend", "tag": ""}), "tirx.is_global_func": True, "tirx.noalias": True, "tl.non_restrict_params": [], "tl.readonly_param_indices": [0, 2]})
        rhs_1 = T.decl_buffer((256,), data=rhs)
        out_1 = T.decl_buffer((32,), data=out)
        lhs_1 = T.decl_buffer((256,), data=lhs)
        bx = T.launch_thread("blockIdx.x", 8)
        buf_dyn_shmem = T.alloc_buffer((T.int64(160),), "uint8", scope="shared.dyn")
        tx = T.launch_thread("threadIdx.x", 128)
        ty = T.launch_thread("threadIdx.y", 1)
        tz = T.launch_thread("threadIdx.z", 1)
        src_frag_simtvf_state = T.decl_buffer((32,), data=buf_dyn_shmem.data, scope="shared.dyn")
        reduced_frag_simtvf_state = T.decl_buffer((4,), data=buf_dyn_shmem.data, scope="shared.dyn")
        with T.sblock("VECTOR", no_realize=True):
            T.reads()
            T.writes()
            __cond_0: T.bool = bx % 2 == 0
            if bx % 2 == 0:
                src_frag_simtvf_r1 = T.Buffer((1,), scope="local")
                reduced_frag_simtvf_r1 = T.Buffer((1,), scope="local")
                src_frag_simtvf_r0 = T.Buffer((1,), scope="local")
                reduced_frag_simtvf_r0 = T.Buffer((1,), scope="local")
                with T.sblock("SIMT_VF", no_realize=True):
                    T.reads()
                    T.writes()
                    T.sblock_attr({"layout_map": {src_frag_simtvf_r1: metadata["tl.Fragment"][0], reduced_frag_simtvf_r1: metadata["tl.Fragment"][1], src_frag_simtvf_r0: metadata["tl.Fragment"][2], reduced_frag_simtvf_r0: metadata["tl.Fragment"][3]}, "tl.vf_source_index": T.int64(0)})
                    src_frag_simtvf_r1_1 = T.alloc_buffer((1,), scope="local")
                    src_frag_simtvf_r1_2 = T.decl_buffer((1,), data=src_frag_simtvf_r1.data, scope="local")
                    reduced_frag_simtvf_r1_1 = T.alloc_buffer((1,), scope="local")
                    reduced_frag_simtvf_r1_2 = T.decl_buffer((1,), data=reduced_frag_simtvf_r1.data, scope="local")
                    simtvf_tx = T.launch_thread("threadIdx.x", 128)
                    simtvf_ty = T.launch_thread("threadIdx.y", 1)
                    simtvf_tz = T.launch_thread("threadIdx.z", 1)
                    T.attr("simtvf", "tl.simtvf_scope", 1)
                    src_frag_simtvf_r1_2[0] = lhs_1[bx * 32 + simtvf_tx % 32]
                    reduced_frag_simtvf_r1_2[0] = T.float32(0.0)
                    reduced_frag_simtvf_r1_2[0] = reduced_frag_simtvf_r1_2[0] + src_frag_simtvf_r1_2[0]
                    reduced_frag_simtvf_r1_2[0] = T.call_extern("float32", "tl::AscendAllReduce<tl::SumOp, 8, 1, 0>::run", reduced_frag_simtvf_r1_2[0])
                    if simtvf_tx % 8 * 4 + simtvf_tx // 32 == 0:
                        out_1[bx * 4 + simtvf_tx % 32 // 8] = reduced_frag_simtvf_r1_2[0]
                    if simtvf_tx // 32 == 0:
                        src_frag_simtvf_state[simtvf_tx % 32] = src_frag_simtvf_r1_2[0]
                    if simtvf_tx % 8 * 4 + simtvf_tx // 32 == 0:
                        reduced_frag_simtvf_state[simtvf_tx % 32 // 8 + 32] = reduced_frag_simtvf_r1_2[0]
            src_frag_simtvf_r1 = T.Buffer((1,), scope="local")
            reduced_frag_simtvf_r1 = T.Buffer((1,), scope="local")
            src_frag_simtvf_r0 = T.Buffer((1,), scope="local")
            reduced_frag_simtvf_r0 = T.Buffer((1,), scope="local")
            if 0 < bx % 2:
                with T.sblock("SIMT_VF", no_realize=True):
                    T.reads()
                    T.writes()
                    T.sblock_attr({"layout_map": {src_frag_simtvf_r1: metadata["tl.Fragment"][0], reduced_frag_simtvf_r1: metadata["tl.Fragment"][1], src_frag_simtvf_r0: metadata["tl.Fragment"][2], reduced_frag_simtvf_r0: metadata["tl.Fragment"][3]}, "tl.vf_source_index": T.int64(1)})
                    src_frag_simtvf_r0_1 = T.alloc_buffer((1,), scope="local")
                    src_frag_simtvf_r0_2 = T.decl_buffer((1,), data=src_frag_simtvf_r0.data, scope="local")
                    reduced_frag_simtvf_r0_1 = T.alloc_buffer((1,), scope="local")
                    reduced_frag_simtvf_r0_2 = T.decl_buffer((1,), data=reduced_frag_simtvf_r0.data, scope="local")
                    simtvf_tx = T.launch_thread("threadIdx.x", 128)
                    simtvf_ty = T.launch_thread("threadIdx.y", 1)
                    simtvf_tz = T.launch_thread("threadIdx.z", 1)
                    T.attr("simtvf", "tl.simtvf_scope", 1)
                    src_frag_simtvf_r0_2[0] = rhs_1[bx * 32 + simtvf_tx % 32]
                    reduced_frag_simtvf_r0_2[0] = T.float32("-inf")
                    reduced_frag_simtvf_r0_2[0] = T.max(reduced_frag_simtvf_r0_2[0], src_frag_simtvf_r0_2[0])
                    reduced_frag_simtvf_r0_2[0] = T.call_extern("float32", "tl::AscendAllReduce<tl::MaxOp, 8, 1, 0>::run", reduced_frag_simtvf_r0_2[0])
                    if simtvf_tx % 8 * 4 + simtvf_tx // 32 == 0:
                        out_1[bx * 4 + simtvf_tx % 32 // 8] = reduced_frag_simtvf_r0_2[0]
                    if simtvf_tx // 32 == 0:
                        src_frag_simtvf_state[simtvf_tx % 32] = src_frag_simtvf_r0_2[0]
                    if simtvf_tx % 8 * 4 + simtvf_tx // 32 == 0:
                        reduced_frag_simtvf_state[simtvf_tx % 32 // 8 + 32] = reduced_frag_simtvf_r0_2[0]

    @T.prim_func
    def main(self_handle: T.handle, args: T.handle, num_args: T.int32, result: T.handle("void", "global")) -> T.int32:
        T.func_attr({"calling_conv": 1, "global_symbol": "__tvm_ffi_main", "target": T.target({"keys": ["cpu"], "kind": "c", "tag": ""}), "tilelang_out_idx": [-1], "tirx.is_entry_func": True, "tl.has_tma": T.bool(False), "tl.readonly_param_indices": [0, 1, 2]})
        assert num_args == 3, ("RuntimeError", ["main: num_args should be 3"])
        assert not T.isnullptr(args), ("RuntimeError", ["main: args pointer is NULL"])
        lhs_handle_type_index: T.int32 = T.tvm_struct_get(args, 0, 13, "int32")
        assert lhs_handle_type_index == 0 or lhs_handle_type_index == 4 or lhs_handle_type_index == 7 or 64 <= lhs_handle_type_index, ("RuntimeError", ["kernel main input lhs expected pointer or tensor handle"])
        rhs_handle_type_index: T.int32 = T.tvm_struct_get(args, 1, 13, "int32")
        assert rhs_handle_type_index == 0 or rhs_handle_type_index == 4 or rhs_handle_type_index == 7 or 64 <= rhs_handle_type_index, ("RuntimeError", ["kernel main input rhs expected pointer or tensor handle"])
        allocator_anchor_type_index: T.int32 = T.tvm_struct_get(args, 2, 13, "int32")
        assert allocator_anchor_type_index == 70, ("RuntimeError", ["main: allocator anchor must be a Tensor"])
        assert not T.isnullptr(T.tvm_struct_get(args, 2, 15, "handle")), ("RuntimeError", ["main: allocator anchor is NULL"])
        assert T.tvm_struct_get(T.handle_add_byte_offset(T.tvm_struct_get(args, 2, 15, "handle"), T.int64(24)), 0, 10, "int32") == 12, ("RuntimeError", ["main: allocator anchor has the wrong device type"])
        dev_id: T.int32 = T.tvm_struct_get(T.handle_add_byte_offset(T.tvm_struct_get(args, 2, 15, "handle"), T.int64(24)), 0, 9, "int32")
        lhs_handle: T.handle = T.Select(lhs_handle_type_index == 70, T.handle_add_byte_offset(T.tvm_struct_get(args, 0, 15, "handle"), 24), T.tvm_struct_get(args, 0, 15, "handle"))
        rhs_handle: T.handle = T.Select(rhs_handle_type_index == 70, T.handle_add_byte_offset(T.tvm_struct_get(args, 1, 15, "handle"), 24), T.tvm_struct_get(args, 1, 15, "handle"))
        main_lhs_is_null: T.bool = T.isnullptr(lhs_handle)
        assert not main_lhs_is_null, ("RuntimeError", ["main.lhs is expected to have non-NULL pointer"])
        main_rhs_is_null: T.bool = T.isnullptr(rhs_handle)
        assert not main_rhs_is_null, ("RuntimeError", ["main.rhs is expected to have non-NULL pointer"])
        main_lhs_shape: T.handle("int64", "global") = T.tvm_struct_get(lhs_handle, 0, 2, "handle")
        main_lhs_shape_1 = T.decl_buffer((3,), "int64", data=main_lhs_shape)
        main_rhs_shape: T.handle("int64", "global") = T.tvm_struct_get(rhs_handle, 0, 2, "handle")
        main_rhs_shape_1 = T.decl_buffer((3,), "int64", data=main_rhs_shape)
        assert T.tvm_struct_get(lhs_handle, 0, 4, "int32") == 3, ("RuntimeError", ["kernel main input lhs ndim mismatch, expected 3"])
        main_lhs_strides: T.handle("int64", "global") = T.tvm_struct_get(lhs_handle, 0, 3, "handle")
        main_lhs_strides_1 = T.decl_buffer((3,), "int64", data=main_lhs_strides)
        lhs: T.handle("float32", "global") = T.tvm_struct_get(lhs_handle, 0, 1, "handle")
        T.attr(lhs, "storage_alignment", 64)
        assert T.tvm_struct_get(rhs_handle, 0, 4, "int32") == 3, ("RuntimeError", ["kernel main input rhs ndim mismatch, expected 3"])
        main_rhs_strides: T.handle("int64", "global") = T.tvm_struct_get(rhs_handle, 0, 3, "handle")
        main_rhs_strides_1 = T.decl_buffer((3,), "int64", data=main_rhs_strides)
        rhs: T.handle("float32", "global") = T.tvm_struct_get(rhs_handle, 0, 1, "handle")
        T.attr(rhs, "storage_alignment", 64)
        T.attr("default", "device_id", dev_id)
        T.attr("default", "device_type", 12)
        assert T.tvm_struct_get(lhs_handle, 0, 5, "uint8") == T.uint8(2) and T.tvm_struct_get(lhs_handle, 0, 6, "uint8") == T.uint8(32) and T.tvm_struct_get(lhs_handle, 0, 7, "uint16") == T.uint16(1), ("RuntimeError", ["kernel main input lhs dtype mismatch, expected float32"])
        assert T.Cast("int32", main_lhs_shape_1[0]) == 8, ("RuntimeError", ["kernel main input lhs shape[0] violates packed ABI constraint"])
        assert T.Cast("int32", main_lhs_shape_1[1]) == 4, ("RuntimeError", ["kernel main input lhs shape[1] violates packed ABI constraint"])
        assert T.Cast("int32", main_lhs_shape_1[2]) == 8, ("RuntimeError", ["kernel main input lhs shape[2] violates packed ABI constraint"])
        assert T.if_then_else(T.isnullptr(main_lhs_strides), 1, T.Cast("int32", main_lhs_strides_1[2])) == 1, ("RuntimeError", ["kernel main input lhs strides[2] violates packed ABI constraint"])
        assert T.if_then_else(T.isnullptr(main_lhs_strides), 1, T.Cast("int32", main_lhs_strides_1[1])) == 8, ("RuntimeError", ["kernel main input lhs strides[1] violates packed ABI constraint"])
        assert T.if_then_else(T.isnullptr(main_lhs_strides), 1, T.Cast("int32", main_lhs_strides_1[0])) == 32, ("RuntimeError", ["kernel main input lhs strides[0] violates packed ABI constraint"])
        assert T.uint64(0) == T.tvm_struct_get(lhs_handle, 0, 8, "uint64"), ("RuntimeError", ["kernel main input lhs byte_offset violates packed ABI constraint"])
        assert T.tvm_struct_get(lhs_handle, 0, 9, "int32") == dev_id, ("RuntimeError", ["kernel main input lhs device_id violates packed ABI constraint"])
        assert T.tvm_struct_get(lhs_handle, 0, 10, "int32") == 12, ("RuntimeError", ["kernel main input lhs device_type mismatch, expected ext_dev"])
        assert not T.isnullptr(lhs), ("RuntimeError", ["kernel main input lhs data pointer is NULL"])
        assert T.tvm_struct_get(rhs_handle, 0, 5, "uint8") == T.uint8(2) and T.tvm_struct_get(rhs_handle, 0, 6, "uint8") == T.uint8(32) and T.tvm_struct_get(rhs_handle, 0, 7, "uint16") == T.uint16(1), ("RuntimeError", ["kernel main input rhs dtype mismatch, expected float32"])
        assert T.Cast("int32", main_rhs_shape_1[0]) == 8, ("RuntimeError", ["kernel main input rhs shape[0] violates packed ABI constraint"])
        assert T.Cast("int32", main_rhs_shape_1[1]) == 4, ("RuntimeError", ["kernel main input rhs shape[1] violates packed ABI constraint"])
        assert T.Cast("int32", main_rhs_shape_1[2]) == 8, ("RuntimeError", ["kernel main input rhs shape[2] violates packed ABI constraint"])
        assert T.if_then_else(T.isnullptr(main_rhs_strides), 1, T.Cast("int32", main_rhs_strides_1[2])) == 1, ("RuntimeError", ["kernel main input rhs strides[2] violates packed ABI constraint"])
        assert T.if_then_else(T.isnullptr(main_rhs_strides), 1, T.Cast("int32", main_rhs_strides_1[1])) == 8, ("RuntimeError", ["kernel main input rhs strides[1] violates packed ABI constraint"])
        assert T.if_then_else(T.isnullptr(main_rhs_strides), 1, T.Cast("int32", main_rhs_strides_1[0])) == 32, ("RuntimeError", ["kernel main input rhs strides[0] violates packed ABI constraint"])
        assert T.uint64(0) == T.tvm_struct_get(rhs_handle, 0, 8, "uint64"), ("RuntimeError", ["kernel main input rhs byte_offset violates packed ABI constraint"])
        assert T.tvm_struct_get(rhs_handle, 0, 9, "int32") == dev_id, ("RuntimeError", ["kernel main input rhs device_id violates packed ABI constraint"])
        assert T.tvm_struct_get(rhs_handle, 0, 10, "int32") == 12, ("RuntimeError", ["kernel main input rhs device_type mismatch, expected ext_dev"])
        assert not T.isnullptr(rhs), ("RuntimeError", ["kernel main input rhs data pointer is NULL"])
        callee_allocated_output_storage: T.handle = T.tvm_stack_alloca("tvm_ffi_any", 1)
        callee_allocated_output_shape_storage: T.handle = T.tvm_stack_alloca("shape", 2)
        callee_allocated_output_prototype_storage: T.handle = T.tvm_stack_alloca("array", 1)
        T.tvm_struct_set(callee_allocated_output_shape_storage, 0, 17, T.int64(8))
        T.tvm_struct_set(callee_allocated_output_shape_storage, 1, 17, T.int64(4))
        T.tvm_struct_set(callee_allocated_output_prototype_storage, 0, 1, T.reinterpret("handle", T.uint64(0)))
        T.tvm_struct_set(callee_allocated_output_prototype_storage, 0, 2, T.handle_add_byte_offset(callee_allocated_output_shape_storage, T.int64(0)))
        T.tvm_struct_set(callee_allocated_output_prototype_storage, 0, 3, T.reinterpret("handle", T.uint64(0)))
        T.tvm_struct_set(callee_allocated_output_prototype_storage, 0, 4, 2)
        T.tvm_struct_set(callee_allocated_output_prototype_storage, 0, 5, T.uint8(2))
        T.tvm_struct_set(callee_allocated_output_prototype_storage, 0, 6, T.uint8(32))
        T.tvm_struct_set(callee_allocated_output_prototype_storage, 0, 7, T.uint16(1))
        T.tvm_struct_set(callee_allocated_output_prototype_storage, 0, 8, T.uint64(0))
        T.tvm_struct_set(callee_allocated_output_prototype_storage, 0, 9, dev_id)
        T.tvm_struct_set(callee_allocated_output_prototype_storage, 0, 10, 12)
        out_allocation_status: T.int32 = T.call_extern("int32", "TVMFFIEnvTensorAlloc", T.tvm_struct_get(callee_allocated_output_prototype_storage, 0, 0, "handle"), T.handle_add_byte_offset(callee_allocated_output_storage, T.int64(8)))
        if out_allocation_status != 0:
            return out_allocation_status
        out_handle: T.handle = T.handle_add_byte_offset(T.tvm_struct_get(callee_allocated_output_storage, 0, 15, "handle"), T.int64(24))
        main_out_is_null: T.bool = T.isnullptr(out_handle)
        assert not main_out_is_null, ("RuntimeError", ["main.out is expected to have non-NULL pointer"])
        main_out_shape: T.handle("int64", "global") = T.tvm_struct_get(out_handle, 0, 2, "handle")
        main_out_shape_1 = T.decl_buffer((2,), "int64", data=main_out_shape)
        assert T.tvm_struct_get(out_handle, 0, 4, "int32") == 2, ("RuntimeError", ["kernel main input out ndim mismatch, expected 2"])
        main_out_strides: T.handle("int64", "global") = T.tvm_struct_get(out_handle, 0, 3, "handle")
        main_out_strides_1 = T.decl_buffer((2,), "int64", data=main_out_strides)
        out: T.handle("float32", "global") = T.tvm_struct_get(out_handle, 0, 1, "handle")
        T.attr(out, "storage_alignment", 64)
        assert T.tvm_struct_get(out_handle, 0, 5, "uint8") == T.uint8(2) and T.tvm_struct_get(out_handle, 0, 6, "uint8") == T.uint8(32) and T.tvm_struct_get(out_handle, 0, 7, "uint16") == T.uint16(1), ("RuntimeError", ["kernel main input out dtype mismatch, expected float32"])
        assert T.Cast("int32", main_out_shape_1[0]) == 8, ("RuntimeError", ["kernel main input out shape[0] violates packed ABI constraint"])
        assert T.Cast("int32", main_out_shape_1[1]) == 4, ("RuntimeError", ["kernel main input out shape[1] violates packed ABI constraint"])
        assert T.if_then_else(T.isnullptr(main_out_strides), 1, T.Cast("int32", main_out_strides_1[1])) == 1, ("RuntimeError", ["kernel main input out strides[1] violates packed ABI constraint"])
        assert T.if_then_else(T.isnullptr(main_out_strides), 1, T.Cast("int32", main_out_strides_1[0])) == 4, ("RuntimeError", ["kernel main input out strides[0] violates packed ABI constraint"])
        assert T.uint64(0) == T.tvm_struct_get(out_handle, 0, 8, "uint64"), ("RuntimeError", ["kernel main input out byte_offset violates packed ABI constraint"])
        assert T.tvm_struct_get(out_handle, 0, 9, "int32") == dev_id, ("RuntimeError", ["kernel main input out device_id violates packed ABI constraint"])
        assert T.tvm_struct_get(out_handle, 0, 10, "int32") == 12, ("RuntimeError", ["kernel main input out device_type mismatch, expected ext_dev"])
        assert not T.isnullptr(out), ("RuntimeError", ["kernel main input out data pointer is NULL"])
        lhs_1 = T.decl_buffer((8, 4, 8), data=lhs, strides=(32, 8, 1))
        rhs_1 = T.decl_buffer((8, 4, 8), data=rhs, strides=(32, 8, 1))
        out_1 = T.decl_buffer((8, 4), data=out, strides=(4, 1))
        T.call_packed("__tvm_set_device", 12, dev_id)
        with T.attr(0, "compute_scope", "main_compute_"):
            Module.main_kernel(lhs, out, rhs)
        T.tvm_struct_set(result, 0, 13, 70)
        T.tvm_struct_set(result, 0, 14, 0)
        T.tvm_struct_set(result, 0, 15, T.tvm_struct_get(callee_allocated_output_storage, 0, 15, "handle"))
        return 0

# Metadata omitted. Use show_meta=True in script() method to show it.
---------------------81 After LowerDeviceKernelLaunch---------------------
 # from tvm.script import ir as I
# from tvm.script import tirx as T

@I.ir_module
class Module:
    @T.prim_func
    def main_kernel(lhs: T.handle("float32", "global"), out: T.handle("float32", "global"), rhs: T.handle("float32", "global")):
        T.func_attr({"calling_conv": 2, "dyn_shared_memory_buf": T.int64(160), "target": T.target({"keys": ["ascend"], "kind": "ascend", "tag": ""}), "thread_extent": {"blockIdx.x": 8}, "tirx.is_global_func": T.bool(True), "tirx.kernel_launch_params": ["blockIdx.x", "tirx.use_dyn_shared_memory"], "tirx.noalias": True, "tl.non_restrict_params": [], "tl.readonly_param_indices": [0, 2]})
        rhs_1 = T.decl_buffer((256,), data=rhs)
        out_1 = T.decl_buffer((32,), data=out)
        lhs_1 = T.decl_buffer((256,), data=lhs)
        bx = T.launch_thread("blockIdx.x", 8)
        buf_dyn_shmem = T.alloc_buffer((T.int64(160),), "uint8", scope="shared.dyn")
        tx = T.launch_thread("threadIdx.x", 128)
        ty = T.launch_thread("threadIdx.y", 1)
        tz = T.launch_thread("threadIdx.z", 1)
        src_frag_simtvf_state = T.decl_buffer((32,), data=buf_dyn_shmem.data, scope="shared.dyn")
        reduced_frag_simtvf_state = T.decl_buffer((4,), data=buf_dyn_shmem.data, scope="shared.dyn")
        with T.sblock("VECTOR", no_realize=True):
            T.reads()
            T.writes()
            __cond_0: T.bool = bx % 2 == 0
            if bx % 2 == 0:
                src_frag_simtvf_r1 = T.Buffer((1,), scope="local")
                reduced_frag_simtvf_r1 = T.Buffer((1,), scope="local")
                src_frag_simtvf_r0 = T.Buffer((1,), scope="local")
                reduced_frag_simtvf_r0 = T.Buffer((1,), scope="local")
                with T.sblock("SIMT_VF", no_realize=True):
                    T.reads()
                    T.writes()
                    T.sblock_attr({"layout_map": {src_frag_simtvf_r1: metadata["tl.Fragment"][0], reduced_frag_simtvf_r1: metadata["tl.Fragment"][1], src_frag_simtvf_r0: metadata["tl.Fragment"][2], reduced_frag_simtvf_r0: metadata["tl.Fragment"][3]}, "tl.vf_source_index": T.int64(0)})
                    src_frag_simtvf_r1_1 = T.alloc_buffer((1,), scope="local")
                    src_frag_simtvf_r1_2 = T.decl_buffer((1,), data=src_frag_simtvf_r1.data, scope="local")
                    reduced_frag_simtvf_r1_1 = T.alloc_buffer((1,), scope="local")
                    reduced_frag_simtvf_r1_2 = T.decl_buffer((1,), data=reduced_frag_simtvf_r1.data, scope="local")
                    simtvf_tx = T.launch_thread("threadIdx.x", 128)
                    simtvf_ty = T.launch_thread("threadIdx.y", 1)
                    simtvf_tz = T.launch_thread("threadIdx.z", 1)
                    T.attr("simtvf", "tl.simtvf_scope", 1)
                    src_frag_simtvf_r1_2[0] = lhs_1[bx * 32 + simtvf_tx % 32]
                    reduced_frag_simtvf_r1_2[0] = T.float32(0.0)
                    reduced_frag_simtvf_r1_2[0] = reduced_frag_simtvf_r1_2[0] + src_frag_simtvf_r1_2[0]
                    reduced_frag_simtvf_r1_2[0] = T.call_extern("float32", "tl::AscendAllReduce<tl::SumOp, 8, 1, 0>::run", reduced_frag_simtvf_r1_2[0])
                    if simtvf_tx % 8 * 4 + simtvf_tx // 32 == 0:
                        out_1[bx * 4 + simtvf_tx % 32 // 8] = reduced_frag_simtvf_r1_2[0]
                    if simtvf_tx // 32 == 0:
                        src_frag_simtvf_state[simtvf_tx % 32] = src_frag_simtvf_r1_2[0]
                    if simtvf_tx % 8 * 4 + simtvf_tx // 32 == 0:
                        reduced_frag_simtvf_state[simtvf_tx % 32 // 8 + 32] = reduced_frag_simtvf_r1_2[0]
            src_frag_simtvf_r1 = T.Buffer((1,), scope="local")
            reduced_frag_simtvf_r1 = T.Buffer((1,), scope="local")
            src_frag_simtvf_r0 = T.Buffer((1,), scope="local")
            reduced_frag_simtvf_r0 = T.Buffer((1,), scope="local")
            if 0 < bx % 2:
                with T.sblock("SIMT_VF", no_realize=True):
                    T.reads()
                    T.writes()
                    T.sblock_attr({"layout_map": {src_frag_simtvf_r1: metadata["tl.Fragment"][0], reduced_frag_simtvf_r1: metadata["tl.Fragment"][1], src_frag_simtvf_r0: metadata["tl.Fragment"][2], reduced_frag_simtvf_r0: metadata["tl.Fragment"][3]}, "tl.vf_source_index": T.int64(1)})
                    src_frag_simtvf_r0_1 = T.alloc_buffer((1,), scope="local")
                    src_frag_simtvf_r0_2 = T.decl_buffer((1,), data=src_frag_simtvf_r0.data, scope="local")
                    reduced_frag_simtvf_r0_1 = T.alloc_buffer((1,), scope="local")
                    reduced_frag_simtvf_r0_2 = T.decl_buffer((1,), data=reduced_frag_simtvf_r0.data, scope="local")
                    simtvf_tx = T.launch_thread("threadIdx.x", 128)
                    simtvf_ty = T.launch_thread("threadIdx.y", 1)
                    simtvf_tz = T.launch_thread("threadIdx.z", 1)
                    T.attr("simtvf", "tl.simtvf_scope", 1)
                    src_frag_simtvf_r0_2[0] = rhs_1[bx * 32 + simtvf_tx % 32]
                    reduced_frag_simtvf_r0_2[0] = T.float32("-inf")
                    reduced_frag_simtvf_r0_2[0] = T.max(reduced_frag_simtvf_r0_2[0], src_frag_simtvf_r0_2[0])
                    reduced_frag_simtvf_r0_2[0] = T.call_extern("float32", "tl::AscendAllReduce<tl::MaxOp, 8, 1, 0>::run", reduced_frag_simtvf_r0_2[0])
                    if simtvf_tx % 8 * 4 + simtvf_tx // 32 == 0:
                        out_1[bx * 4 + simtvf_tx % 32 // 8] = reduced_frag_simtvf_r0_2[0]
                    if simtvf_tx // 32 == 0:
                        src_frag_simtvf_state[simtvf_tx % 32] = src_frag_simtvf_r0_2[0]
                    if simtvf_tx % 8 * 4 + simtvf_tx // 32 == 0:
                        reduced_frag_simtvf_state[simtvf_tx % 32 // 8 + 32] = reduced_frag_simtvf_r0_2[0]

    @T.prim_func
    def main(self_handle: T.handle, args: T.handle, num_args: T.int32, result: T.handle("void", "global")) -> T.int32:
        T.func_attr({"calling_conv": 1, "global_symbol": "__tvm_ffi_main", "target": T.target({"keys": ["cpu"], "kind": "c", "tag": ""}), "thread_extent": {}, "tilelang_out_idx": [-1], "tirx.is_entry_func": True, "tl.has_tma": T.bool(False), "tl.readonly_param_indices": [0, 1, 2]})
        assert num_args == 3, ("RuntimeError", ["main: num_args should be 3"])
        assert not T.isnullptr(args), ("RuntimeError", ["main: args pointer is NULL"])
        lhs_handle_type_index: T.int32 = T.tvm_struct_get(args, 0, 13, "int32")
        assert lhs_handle_type_index == 0 or lhs_handle_type_index == 4 or lhs_handle_type_index == 7 or 64 <= lhs_handle_type_index, ("RuntimeError", ["kernel main input lhs expected pointer or tensor handle"])
        rhs_handle_type_index: T.int32 = T.tvm_struct_get(args, 1, 13, "int32")
        assert rhs_handle_type_index == 0 or rhs_handle_type_index == 4 or rhs_handle_type_index == 7 or 64 <= rhs_handle_type_index, ("RuntimeError", ["kernel main input rhs expected pointer or tensor handle"])
        allocator_anchor_type_index: T.int32 = T.tvm_struct_get(args, 2, 13, "int32")
        assert allocator_anchor_type_index == 70, ("RuntimeError", ["main: allocator anchor must be a Tensor"])
        assert not T.isnullptr(T.tvm_struct_get(args, 2, 15, "handle")), ("RuntimeError", ["main: allocator anchor is NULL"])
        assert T.tvm_struct_get(T.handle_add_byte_offset(T.tvm_struct_get(args, 2, 15, "handle"), T.int64(24)), 0, 10, "int32") == 12, ("RuntimeError", ["main: allocator anchor has the wrong device type"])
        dev_id: T.int32 = T.tvm_struct_get(T.handle_add_byte_offset(T.tvm_struct_get(args, 2, 15, "handle"), T.int64(24)), 0, 9, "int32")
        lhs_handle: T.handle = T.Select(lhs_handle_type_index == 70, T.handle_add_byte_offset(T.tvm_struct_get(args, 0, 15, "handle"), 24), T.tvm_struct_get(args, 0, 15, "handle"))
        rhs_handle: T.handle = T.Select(rhs_handle_type_index == 70, T.handle_add_byte_offset(T.tvm_struct_get(args, 1, 15, "handle"), 24), T.tvm_struct_get(args, 1, 15, "handle"))
        main_lhs_is_null: T.bool = T.isnullptr(lhs_handle)
        assert not main_lhs_is_null, ("RuntimeError", ["main.lhs is expected to have non-NULL pointer"])
        main_rhs_is_null: T.bool = T.isnullptr(rhs_handle)
        assert not main_rhs_is_null, ("RuntimeError", ["main.rhs is expected to have non-NULL pointer"])
        main_lhs_shape: T.handle("int64", "global") = T.tvm_struct_get(lhs_handle, 0, 2, "handle")
        main_lhs_shape_1 = T.decl_buffer((3,), "int64", data=main_lhs_shape)
        main_rhs_shape: T.handle("int64", "global") = T.tvm_struct_get(rhs_handle, 0, 2, "handle")
        main_rhs_shape_1 = T.decl_buffer((3,), "int64", data=main_rhs_shape)
        assert T.tvm_struct_get(lhs_handle, 0, 4, "int32") == 3, ("RuntimeError", ["kernel main input lhs ndim mismatch, expected 3"])
        main_lhs_strides: T.handle("int64", "global") = T.tvm_struct_get(lhs_handle, 0, 3, "handle")
        main_lhs_strides_1 = T.decl_buffer((3,), "int64", data=main_lhs_strides)
        lhs: T.handle("float32", "global") = T.tvm_struct_get(lhs_handle, 0, 1, "handle")
        T.attr(lhs, "storage_alignment", 64)
        assert T.tvm_struct_get(rhs_handle, 0, 4, "int32") == 3, ("RuntimeError", ["kernel main input rhs ndim mismatch, expected 3"])
        main_rhs_strides: T.handle("int64", "global") = T.tvm_struct_get(rhs_handle, 0, 3, "handle")
        main_rhs_strides_1 = T.decl_buffer((3,), "int64", data=main_rhs_strides)
        rhs: T.handle("float32", "global") = T.tvm_struct_get(rhs_handle, 0, 1, "handle")
        T.attr(rhs, "storage_alignment", 64)
        T.attr("default", "device_id", dev_id)
        T.attr("default", "device_type", 12)
        assert T.tvm_struct_get(lhs_handle, 0, 5, "uint8") == T.uint8(2) and T.tvm_struct_get(lhs_handle, 0, 6, "uint8") == T.uint8(32) and T.tvm_struct_get(lhs_handle, 0, 7, "uint16") == T.uint16(1), ("RuntimeError", ["kernel main input lhs dtype mismatch, expected float32"])
        assert T.Cast("int32", main_lhs_shape_1[0]) == 8, ("RuntimeError", ["kernel main input lhs shape[0] violates packed ABI constraint"])
        assert T.Cast("int32", main_lhs_shape_1[1]) == 4, ("RuntimeError", ["kernel main input lhs shape[1] violates packed ABI constraint"])
        assert T.Cast("int32", main_lhs_shape_1[2]) == 8, ("RuntimeError", ["kernel main input lhs shape[2] violates packed ABI constraint"])
        assert T.if_then_else(T.isnullptr(main_lhs_strides), 1, T.Cast("int32", main_lhs_strides_1[2])) == 1, ("RuntimeError", ["kernel main input lhs strides[2] violates packed ABI constraint"])
        assert T.if_then_else(T.isnullptr(main_lhs_strides), 1, T.Cast("int32", main_lhs_strides_1[1])) == 8, ("RuntimeError", ["kernel main input lhs strides[1] violates packed ABI constraint"])
        assert T.if_then_else(T.isnullptr(main_lhs_strides), 1, T.Cast("int32", main_lhs_strides_1[0])) == 32, ("RuntimeError", ["kernel main input lhs strides[0] violates packed ABI constraint"])
        assert T.uint64(0) == T.tvm_struct_get(lhs_handle, 0, 8, "uint64"), ("RuntimeError", ["kernel main input lhs byte_offset violates packed ABI constraint"])
        assert T.tvm_struct_get(lhs_handle, 0, 9, "int32") == dev_id, ("RuntimeError", ["kernel main input lhs device_id violates packed ABI constraint"])
        assert T.tvm_struct_get(lhs_handle, 0, 10, "int32") == 12, ("RuntimeError", ["kernel main input lhs device_type mismatch, expected ext_dev"])
        assert not T.isnullptr(lhs), ("RuntimeError", ["kernel main input lhs data pointer is NULL"])
        assert T.tvm_struct_get(rhs_handle, 0, 5, "uint8") == T.uint8(2) and T.tvm_struct_get(rhs_handle, 0, 6, "uint8") == T.uint8(32) and T.tvm_struct_get(rhs_handle, 0, 7, "uint16") == T.uint16(1), ("RuntimeError", ["kernel main input rhs dtype mismatch, expected float32"])
        assert T.Cast("int32", main_rhs_shape_1[0]) == 8, ("RuntimeError", ["kernel main input rhs shape[0] violates packed ABI constraint"])
        assert T.Cast("int32", main_rhs_shape_1[1]) == 4, ("RuntimeError", ["kernel main input rhs shape[1] violates packed ABI constraint"])
        assert T.Cast("int32", main_rhs_shape_1[2]) == 8, ("RuntimeError", ["kernel main input rhs shape[2] violates packed ABI constraint"])
        assert T.if_then_else(T.isnullptr(main_rhs_strides), 1, T.Cast("int32", main_rhs_strides_1[2])) == 1, ("RuntimeError", ["kernel main input rhs strides[2] violates packed ABI constraint"])
        assert T.if_then_else(T.isnullptr(main_rhs_strides), 1, T.Cast("int32", main_rhs_strides_1[1])) == 8, ("RuntimeError", ["kernel main input rhs strides[1] violates packed ABI constraint"])
        assert T.if_then_else(T.isnullptr(main_rhs_strides), 1, T.Cast("int32", main_rhs_strides_1[0])) == 32, ("RuntimeError", ["kernel main input rhs strides[0] violates packed ABI constraint"])
        assert T.uint64(0) == T.tvm_struct_get(rhs_handle, 0, 8, "uint64"), ("RuntimeError", ["kernel main input rhs byte_offset violates packed ABI constraint"])
        assert T.tvm_struct_get(rhs_handle, 0, 9, "int32") == dev_id, ("RuntimeError", ["kernel main input rhs device_id violates packed ABI constraint"])
        assert T.tvm_struct_get(rhs_handle, 0, 10, "int32") == 12, ("RuntimeError", ["kernel main input rhs device_type mismatch, expected ext_dev"])
        assert not T.isnullptr(rhs), ("RuntimeError", ["kernel main input rhs data pointer is NULL"])
        callee_allocated_output_storage: T.handle = T.tvm_stack_alloca("tvm_ffi_any", 1)
        callee_allocated_output_shape_storage: T.handle = T.tvm_stack_alloca("shape", 2)
        callee_allocated_output_prototype_storage: T.handle = T.tvm_stack_alloca("array", 1)
        T.tvm_struct_set(callee_allocated_output_shape_storage, 0, 17, T.int64(8))
        T.tvm_struct_set(callee_allocated_output_shape_storage, 1, 17, T.int64(4))
        T.tvm_struct_set(callee_allocated_output_prototype_storage, 0, 1, T.reinterpret("handle", T.uint64(0)))
        T.tvm_struct_set(callee_allocated_output_prototype_storage, 0, 2, T.handle_add_byte_offset(callee_allocated_output_shape_storage, T.int64(0)))
        T.tvm_struct_set(callee_allocated_output_prototype_storage, 0, 3, T.reinterpret("handle", T.uint64(0)))
        T.tvm_struct_set(callee_allocated_output_prototype_storage, 0, 4, 2)
        T.tvm_struct_set(callee_allocated_output_prototype_storage, 0, 5, T.uint8(2))
        T.tvm_struct_set(callee_allocated_output_prototype_storage, 0, 6, T.uint8(32))
        T.tvm_struct_set(callee_allocated_output_prototype_storage, 0, 7, T.uint16(1))
        T.tvm_struct_set(callee_allocated_output_prototype_storage, 0, 8, T.uint64(0))
        T.tvm_struct_set(callee_allocated_output_prototype_storage, 0, 9, dev_id)
        T.tvm_struct_set(callee_allocated_output_prototype_storage, 0, 10, 12)
        out_allocation_status: T.int32 = T.call_extern("int32", "TVMFFIEnvTensorAlloc", T.tvm_struct_get(callee_allocated_output_prototype_storage, 0, 0, "handle"), T.handle_add_byte_offset(callee_allocated_output_storage, T.int64(8)))
        if out_allocation_status != 0:
            return out_allocation_status
        out_handle: T.handle = T.handle_add_byte_offset(T.tvm_struct_get(callee_allocated_output_storage, 0, 15, "handle"), T.int64(24))
        main_out_is_null: T.bool = T.isnullptr(out_handle)
        assert not main_out_is_null, ("RuntimeError", ["main.out is expected to have non-NULL pointer"])
        main_out_shape: T.handle("int64", "global") = T.tvm_struct_get(out_handle, 0, 2, "handle")
        main_out_shape_1 = T.decl_buffer((2,), "int64", data=main_out_shape)
        assert T.tvm_struct_get(out_handle, 0, 4, "int32") == 2, ("RuntimeError", ["kernel main input out ndim mismatch, expected 2"])
        main_out_strides: T.handle("int64", "global") = T.tvm_struct_get(out_handle, 0, 3, "handle")
        main_out_strides_1 = T.decl_buffer((2,), "int64", data=main_out_strides)
        out: T.handle("float32", "global") = T.tvm_struct_get(out_handle, 0, 1, "handle")
        T.attr(out, "storage_alignment", 64)
        assert T.tvm_struct_get(out_handle, 0, 5, "uint8") == T.uint8(2) and T.tvm_struct_get(out_handle, 0, 6, "uint8") == T.uint8(32) and T.tvm_struct_get(out_handle, 0, 7, "uint16") == T.uint16(1), ("RuntimeError", ["kernel main input out dtype mismatch, expected float32"])
        assert T.Cast("int32", main_out_shape_1[0]) == 8, ("RuntimeError", ["kernel main input out shape[0] violates packed ABI constraint"])
        assert T.Cast("int32", main_out_shape_1[1]) == 4, ("RuntimeError", ["kernel main input out shape[1] violates packed ABI constraint"])
        assert T.if_then_else(T.isnullptr(main_out_strides), 1, T.Cast("int32", main_out_strides_1[1])) == 1, ("RuntimeError", ["kernel main input out strides[1] violates packed ABI constraint"])
        assert T.if_then_else(T.isnullptr(main_out_strides), 1, T.Cast("int32", main_out_strides_1[0])) == 4, ("RuntimeError", ["kernel main input out strides[0] violates packed ABI constraint"])
        assert T.uint64(0) == T.tvm_struct_get(out_handle, 0, 8, "uint64"), ("RuntimeError", ["kernel main input out byte_offset violates packed ABI constraint"])
        assert T.tvm_struct_get(out_handle, 0, 9, "int32") == dev_id, ("RuntimeError", ["kernel main input out device_id violates packed ABI constraint"])
        assert T.tvm_struct_get(out_handle, 0, 10, "int32") == 12, ("RuntimeError", ["kernel main input out device_type mismatch, expected ext_dev"])
        assert not T.isnullptr(out), ("RuntimeError", ["kernel main input out data pointer is NULL"])
        lhs_1 = T.decl_buffer((8, 4, 8), data=lhs, strides=(32, 8, 1))
        rhs_1 = T.decl_buffer((8, 4, 8), data=rhs, strides=(32, 8, 1))
        out_1 = T.decl_buffer((8, 4), data=out, strides=(4, 1))
        T.call_packed("__tvm_set_device", 12, dev_id)
        with T.attr(0, "compute_scope", "main_compute_"):
            T.call_packed("main_kernel", lhs, out, rhs, 8, T.int64(160))
        T.tvm_struct_set(result, 0, 13, 70)
        T.tvm_struct_set(result, 0, 14, 0)
        T.tvm_struct_set(result, 0, 15, T.tvm_struct_get(callee_allocated_output_storage, 0, 15, "handle"))
        return 0

# Metadata omitted. Use show_meta=True in script() method to show it.
Traceback (most recent call last):
  File "/home/dangy/workspace/Private-ascend/mhc_stage1/stage1_cases/11_if_branch_independent_reductions.py", line 54, in <module>
    kernel = tilelang.compile(program, target="ascend", out_idx=-1)
  File "/home/dangy/workspace/tilelang-xy/tilelang/jit/__init__.py", line 164, in compile
    return cached(
        func=func,
    ...<6 lines>...
        compile_flags=compile_flags,
    )
  File "/home/dangy/workspace/tilelang-xy/tilelang/cache/__init__.py", line 92, in cached
    return cache.cached(
           ~~~~~~~~~~~~^
        func,
        ^^^^^
    ...<5 lines>...
        compile_flags=compile_flags,
        ^^^^^^^^^^^^^^^^^^^^^^^^^^^^
    )
    ^
  File "/home/dangy/workspace/tilelang-xy/tilelang/cache/kernel_cache.py", line 469, in cached
    kernel = JITKernel(
        func,
    ...<7 lines>...
        backend_context=backend_context,
    )
  File "/home/dangy/workspace/tilelang-xy/tilelang/jit/kernel.py", line 145, in __init__
    adapter = self._compile_and_create_adapter(func, out_idx)
  File "/home/dangy/workspace/tilelang-xy/tilelang/jit/kernel.py", line 264, in _compile_and_create_adapter
    self.artifact = self._compile_artifact(tilelang_func, pass_configs, compile_metadata)
                    ~~~~~~~~~~~~~~~~~~~~~~^^^^^^^^^^^^^^^^^^^^^^^^^^^^^^^^^^^^^^^^^^^^^^^
  File "/home/dangy/workspace/tilelang-xy/tilelang/jit/kernel.py", line 305, in _compile_artifact
    artifact = lower_with_context(
        tilelang_func,
    ...<2 lines>...
        enable_device_compile=enable_device_compile,
    )
  File "/home/dangy/workspace/tilelang-xy/tilelang/engine/lower.py", line 169, in lower_with_context
    return _lower_with_context_impl(
        func_or_mod,
    ...<3 lines>...
        enable_device_compile=enable_device_compile,
    )
  File "/home/dangy/workspace/tilelang-xy/tilelang/engine/lower.py", line 194, in _lower_with_context_impl
    codegen_mod = device_codegen(device_mod, context) if enable_device_compile else device_codegen_without_compile(device_mod, context)
                  ~~~~~~~~~~~~~~^^^^^^^^^^^^^^^^^^^^^
  File "/home/dangy/workspace/tilelang-xy/tilelang/engine/lower.py", line 102, in device_codegen
    return context.codegen_device(device_mod, compile_device=True)
           ~~~~~~~~~~~~~~~~~~~~~~^^^^^^^^^^^^^^^^^^^^^^^^^^^^^^^^^
  File "/home/dangy/workspace/tilelang-xy/tilelang/backend/module.py", line 221, in codegen_device
    return self.module.codegen_device(mod, self.target, compile_device=compile_device)
           ~~~~~~~~~~~~~~~~~~~~~~~~~~^^^^^^^^^^^^^^^^^^^^^^^^^^^^^^^^^^^^^^^^^^^^^^^^^
  File "/home/dangy/workspace/tilelang-xy/tilelang/backend/module.py", line 126, in codegen_device
    return self.get_device_codegen(target).lower(mod, target, compile_device=compile_device)
           ~~~~~~~~~~~~~~~~~~~~~~~~~~~~~~~~~~~~~^^^^^^^^^^^^^^^^^^^^^^^^^^^^^^^^^^^^^^^^^^^^
  File "/home/dangy/workspace/tilelang-xy/tilelang/backend/device_codegen.py", line 44, in lower
    return build_func(mod, target)
  File "/home/dangy/workspace/tilelang-xy/tilelang/backend/device_codegen.py", line 21, in build
    return run_codegen_with_instrumentation(
        global_func_name,
    ...<2 lines>...
        lambda: tvm.ffi.get_global_func(global_func_name)(mod, target),
    )
  File "/home/dangy/workspace/tilelang-xy/tilelang/instrumentation/session.py", line 261, in run_codegen_with_instrumentation
    return session.run_codegen(CodegenEvent(name=name, mod=mod, target=target), call)
           ~~~~~~~~~~~~~~~~~~~^^^^^^^^^^^^^^^^^^^^^^^^^^^^^^^^^^^^^^^^^^^^^^^^^^^^^^^
  File "/home/dangy/workspace/tilelang-xy/tilelang/instrumentation/session.py", line 110, in run_codegen
    return wrapped()
  File "/home/dangy/workspace/tilelang-xy/tilelang/backend/device_codegen.py", line 25, in <lambda>
    lambda: tvm.ffi.get_global_func(global_func_name)(mod, target),
            ~~~~~~~~~~~~~~~~~~~~~~~~~~~~~~~~~~~~~~~~~^^^^^^^^^^^^^
  File "python/tvm_ffi/cython/function.pxi", line 968, in tvm_ffi.core.Function.__call__
  File "<unknown>", line 0, in tvm::codegen::BuildTileLangAscend(tvm::IRModule, tvm::Target)
  File "<unknown>", line 0, in TVMFFIPyCallback(void*, TVMFFIAny const*, int, TVMFFIAny*)
  File "<unknown>", line 0, in TVMFFICyErrorSetRaisedFromPyError(_object*)
  File "/home/dangy/workspace/tilelang-xy/tilelang/ascend/backend.py", line 40, in tilelang_callback_ascend_compile
    aibin = bisheng.compile_ascend(
    
  File "/home/dangy/workspace/tilelang-xy/tilelang/contrib/bisheng.py", line 193, in compile_ascend
    find_bisheng_path(),
    
  File "/home/dangy/workspace/tilelang-xy/tilelang/contrib/bisheng.py", line 44, in find_bisheng_path
    raise RuntimeError(
    
RuntimeError: Cannot find the bisheng compiler.Please install it and make sure it is in PATH, or set the BISHENG_HOME environment variable.
